{"cameraMode":{"drawMode":0,"name":"Shaded","section":"Shading Mode"},"sceneLighting":false,"audioPlay":false,"sceneViewState":{"m_AlwaysRefresh":false,"showFog":true,"showSkybox":false,"showFlares":true,"showImageEffects":true,"showParticleSystems":true,"showVisualEffectGraphs":true,"m_FxEnabled":true},"in2DMode":false,"pivot":{"x":-0.0216219425201416,"y":0.01917371153831482,"z":-0.02425123006105423},"rotation":{"x":-0.10138300061225891,"y":0.7229816913604736,"z":-0.1114845722913742,"w":-0.6747673749923706},"size":0.46082785725593569,"orthographic":false}