Using pre-set license
Built from '6000.0/staging' branch; Version is '6000.0.42f1 (feb9a7235030) revision 16693671'; Using compiler version '193933523'; Build Type 'Release'
OS: 'Windows 10  (10.0.19045) 64bit Professional' Language: 'en' Physical Memory: 28411 MB
BatchMode: 1, IsHumanControllingUs: 0, StartBugReporterOnCrash: 0, Is64bit: 1, IsPro: 1

COMMAND LINE ARGUMENTS:
C:\Program Files\Unity\Hub\Editor\6000.0.42f1\Editor\Unity.exe
-adb2
-batchMode
-noUpm
-name
AssetImportWorker0
-projectPath
P:/Facultate/An2/CG/Unity-Tutorials/Prototype 2
-logFile
Logs/AssetImportWorker0.log
-srvPort
50778
-job-worker-count
3
-background-job-worker-count
8
-gc-helper-count
1
Successfully changed project path to: P:/Facultate/An2/CG/Unity-Tutorials/Prototype 2
P:/Facultate/An2/CG/Unity-Tutorials/Prototype 2
[UnityMemory] Configuration Parameters - Can be set up in boot.config
    "memorysetup-bucket-allocator-granularity=16"
    "memorysetup-bucket-allocator-bucket-count=8"
    "memorysetup-bucket-allocator-block-size=33554432"
    "memorysetup-bucket-allocator-block-count=8"
    "memorysetup-main-allocator-block-size=16777216"
    "memorysetup-thread-allocator-block-size=16777216"
    "memorysetup-gfx-main-allocator-block-size=16777216"
    "memorysetup-gfx-thread-allocator-block-size=16777216"
    "memorysetup-cache-allocator-block-size=4194304"
    "memorysetup-typetree-allocator-block-size=2097152"
    "memorysetup-profiler-bucket-allocator-granularity=16"
    "memorysetup-profiler-bucket-allocator-bucket-count=8"
    "memorysetup-profiler-bucket-allocator-block-size=33554432"
    "memorysetup-profiler-bucket-allocator-block-count=8"
    "memorysetup-profiler-allocator-block-size=16777216"
    "memorysetup-profiler-editor-allocator-block-size=1048576"
    "memorysetup-temp-allocator-size-main=16777216"
    "memorysetup-job-temp-allocator-block-size=2097152"
    "memorysetup-job-temp-allocator-block-size-background=1048576"
    "memorysetup-job-temp-allocator-reduction-small-platforms=262144"
    "memorysetup-allocator-temp-initial-block-size-main=262144"
    "memorysetup-allocator-temp-initial-block-size-worker=262144"
    "memorysetup-temp-allocator-size-background-worker=32768"
    "memorysetup-temp-allocator-size-job-worker=262144"
    "memorysetup-temp-allocator-size-preload-manager=33554432"
    "memorysetup-temp-allocator-size-nav-mesh-worker=65536"
    "memorysetup-temp-allocator-size-audio-worker=65536"
    "memorysetup-temp-allocator-size-cloud-worker=32768"
    "memorysetup-temp-allocator-size-gi-baking-worker=262144"
    "memorysetup-temp-allocator-size-gi-baking-worker=262144"
    "memorysetup-temp-allocator-size-gi-baking-worker=262144"
    "memorysetup-temp-allocator-size-gi-baking-worker=262144"
    "memorysetup-temp-allocator-size-gi-baking-worker=262144"
    "memorysetup-temp-allocator-size-gfx=262144"
Player connection [18164]  Target information:

Player connection [18164]  * "[IP] 192.168.0.192 [Port] 0 [Flags] 2 [Guid] 1862855090 [EditorId] 1862855090 [Version] 1048832 [Id] WindowsEditor(7,AlexandruS) [Debug] 1 [PackageName] WindowsEditor [ProjectName] Editor" 

Player connection [18164] Host joined multi-casting on [225.0.0.222:54997]...
Player connection [18164] Host joined alternative multi-casting on [225.0.0.222:34997]...
JobSystem: Creating JobQueue using job-worker-count value 3
Input System module state changed to: Initialized.
[Physics::Module] Initialized fallback backend.
[Physics::Module] Id: 0xdecafbad
Library Redirect Path: Library/
[Physics::Module] Selected backend.
[Physics::Module] Name: PhysX
[Physics::Module] Id: 0xf2b8ea05
[Physics::Module] SDK Version: 4.1.2
[Physics::Module] Integration Version: 1.0.0
[Physics::Module] Threading Mode: Multi-Threaded
Refreshing native plugins compatible for Editor in 1.76 ms, found 3 plugins.
Preloading 0 native plugins for Editor in 0.00 ms.
Initialize engine version: 6000.0.42f1 (feb9a7235030)
[Subsystems] Discovering subsystems at path C:/Program Files/Unity/Hub/Editor/6000.0.42f1/Editor/Data/Resources/UnitySubsystems
[Subsystems] Discovering subsystems at path P:/Facultate/An2/CG/Unity-Tutorials/Prototype 2/Assets
GfxDevice: creating device client; kGfxThreadingModeNonThreaded
Direct3D:
    Version:  Direct3D 11.0 [level 11.1]
    Renderer: NVIDIA GeForce RTX 3060 Laptop GPU (ID=0x2520)
    Vendor:   NVIDIA
    VRAM:     5996 MB
    Driver:   32.0.15.7270
Initialize mono
Mono path[0] = 'C:/Program Files/Unity/Hub/Editor/6000.0.42f1/Editor/Data/Managed'
Mono path[1] = 'C:/Program Files/Unity/Hub/Editor/6000.0.42f1/Editor/Data/MonoBleedingEdge/lib/mono/unityjit-win32'
Mono config path = 'C:/Program Files/Unity/Hub/Editor/6000.0.42f1/Editor/Data/MonoBleedingEdge/etc'
Using monoOptions --debugger-agent=transport=dt_socket,embedding=1,server=y,suspend=n,address=127.0.0.1:56228
Begin MonoManager ReloadAssembly
Registering precompiled unity dll's ...
Register platform support module: C:/Program Files/Unity/Hub/Editor/6000.0.42f1/Editor/Data/PlaybackEngines/WindowsStandaloneSupport/UnityEditor.WindowsStandalone.Extensions.dll
Registered in 0.005712 seconds.
- Loaded All Assemblies, in  0.809 seconds
Native extension for WindowsStandalone target not found
Mono: successfully reloaded assembly
- Finished resetting the current domain, in  0.628 seconds
Domain Reload Profiling: 1430ms
	BeginReloadAssembly (311ms)
		ExecutionOrderSort (0ms)
		DisableScriptedObjects (0ms)
		BackupInstance (0ms)
		ReleaseScriptingObjects (0ms)
		CreateAndSetChildDomain (1ms)
	RebuildCommonClasses (89ms)
	RebuildNativeTypeToScriptingClass (18ms)
	initialDomainReloadingComplete (107ms)
	LoadAllAssembliesAndSetupDomain (276ms)
		LoadAssemblies (303ms)
		RebuildTransferFunctionScriptingTraits (0ms)
		AnalyzeDomain (271ms)
			TypeCache.Refresh (269ms)
				TypeCache.ScanAssembly (248ms)
			BuildScriptInfoCaches (0ms)
			ResolveRequiredComponents (1ms)
	FinalizeReload (629ms)
		ReleaseScriptCaches (0ms)
		RebuildScriptCaches (0ms)
		SetupLoadedEditorAssemblies (529ms)
			LogAssemblyErrors (0ms)
			InitializePlatformSupportModulesInManaged (43ms)
			SetLoadedEditorAssemblies (8ms)
			BeforeProcessingInitializeOnLoad (95ms)
			ProcessInitializeOnLoadAttributes (264ms)
			ProcessInitializeOnLoadMethodAttributes (117ms)
			AfterProcessingInitializeOnLoad (0ms)
			EditorAssembliesLoaded (0ms)
		ExecutionOrderSort2 (0ms)
		AwakeInstancesAfterBackupRestoration (0ms)
========================================================================
Worker process is ready to serve import requests
Import Worker Mode flag is 0x00
Begin MonoManager ReloadAssembly
- Loaded All Assemblies, in  1.478 seconds
Refreshing native plugins compatible for Editor in 1.36 ms, found 3 plugins.
Native extension for WindowsStandalone target not found
Mono: successfully reloaded assembly
- Finished resetting the current domain, in  1.487 seconds
Domain Reload Profiling: 2957ms
	BeginReloadAssembly (356ms)
		ExecutionOrderSort (0ms)
		DisableScriptedObjects (16ms)
		BackupInstance (0ms)
		ReleaseScriptingObjects (0ms)
		CreateAndSetChildDomain (63ms)
	RebuildCommonClasses (83ms)
	RebuildNativeTypeToScriptingClass (23ms)
	initialDomainReloadingComplete (74ms)
	LoadAllAssembliesAndSetupDomain (933ms)
		LoadAssemblies (623ms)
		RebuildTransferFunctionScriptingTraits (0ms)
		AnalyzeDomain (513ms)
			TypeCache.Refresh (376ms)
				TypeCache.ScanAssembly (349ms)
			BuildScriptInfoCaches (110ms)
			ResolveRequiredComponents (22ms)
	FinalizeReload (1488ms)
		ReleaseScriptCaches (0ms)
		RebuildScriptCaches (0ms)
		SetupLoadedEditorAssemblies (1154ms)
			LogAssemblyErrors (0ms)
			InitializePlatformSupportModulesInManaged (4ms)
			SetLoadedEditorAssemblies (10ms)
			BeforeProcessingInitializeOnLoad (191ms)
			ProcessInitializeOnLoadAttributes (748ms)
			ProcessInitializeOnLoadMethodAttributes (187ms)
			AfterProcessingInitializeOnLoad (13ms)
			EditorAssembliesLoaded (0ms)
		ExecutionOrderSort2 (0ms)
		AwakeInstancesAfterBackupRestoration (12ms)
Launched and connected shader compiler UnityShaderCompiler.exe after 0.02 seconds
Refreshing native plugins compatible for Editor in 1.89 ms, found 3 plugins.
Preloading 0 native plugins for Editor in 0.00 ms.
Unloading 198 Unused Serialized files (Serialized files now loaded: 0)
Unloading 5962 unused Assets / (5.9 MB). Loaded Objects now: 6605.
Memory consumption went from 152.0 MB to 146.1 MB.
Total: 16.115900 ms (FindLiveObjects: 1.087700 ms CreateObjectMapping: 1.294600 ms MarkObjects: 8.937300 ms  DeleteObjects: 4.795100 ms)

========================================================================
Received Prepare
Begin MonoManager ReloadAssembly
- Loaded All Assemblies, in  1.452 seconds
Refreshing native plugins compatible for Editor in 1.35 ms, found 3 plugins.
Native extension for WindowsStandalone target not found
Mono: successfully reloaded assembly
- Finished resetting the current domain, in  1.343 seconds
Domain Reload Profiling: 2791ms
	BeginReloadAssembly (469ms)
		ExecutionOrderSort (0ms)
		DisableScriptedObjects (18ms)
		BackupInstance (0ms)
		ReleaseScriptingObjects (0ms)
		CreateAndSetChildDomain (89ms)
	RebuildCommonClasses (84ms)
	RebuildNativeTypeToScriptingClass (23ms)
	initialDomainReloadingComplete (59ms)
	LoadAllAssembliesAndSetupDomain (813ms)
		LoadAssemblies (700ms)
		RebuildTransferFunctionScriptingTraits (0ms)
		AnalyzeDomain (398ms)
			TypeCache.Refresh (14ms)
				TypeCache.ScanAssembly (0ms)
			BuildScriptInfoCaches (354ms)
			ResolveRequiredComponents (24ms)
	FinalizeReload (1343ms)
		ReleaseScriptCaches (0ms)
		RebuildScriptCaches (0ms)
		SetupLoadedEditorAssemblies (913ms)
			LogAssemblyErrors (0ms)
			InitializePlatformSupportModulesInManaged (4ms)
			SetLoadedEditorAssemblies (8ms)
			BeforeProcessingInitializeOnLoad (196ms)
			ProcessInitializeOnLoadAttributes (597ms)
			ProcessInitializeOnLoadMethodAttributes (95ms)
			AfterProcessingInitializeOnLoad (12ms)
			EditorAssembliesLoaded (0ms)
		ExecutionOrderSort2 (0ms)
		AwakeInstancesAfterBackupRestoration (23ms)
Refreshing native plugins compatible for Editor in 1.47 ms, found 3 plugins.
Preloading 0 native plugins for Editor in 0.00 ms.
Unloading 45 Unused Serialized files (Serialized files now loaded: 0)
Unloading 5957 unused Assets / (6.7 MB). Loaded Objects now: 6621.
Memory consumption went from 140.7 MB to 134.0 MB.
Total: 18.705400 ms (FindLiveObjects: 1.478300 ms CreateObjectMapping: 1.561700 ms MarkObjects: 9.800300 ms  DeleteObjects: 5.863600 ms)

Prepare: number of updated asset objects reloaded= 0
========================================================================
Received Import Request.
  Time since last request: 10457.402597 seconds.
  path: Assets/Scenes/Prototype 2/LightingData.asset
  artifactKey: Guid(8f4a4acc01fa72c409ad45f197029058) Importer(815301076,1909f56bfc062723c751e8b465ee728b)
Start importing Assets/Scenes/Prototype 2/LightingData.asset using Guid(8f4a4acc01fa72c409ad45f197029058) Importer(815301076,1909f56bfc062723c751e8b465ee728b) (PreviewImporter) -> (artifact id: 'c3ed6d8c521fcf595a85b82266a96f7f') in 0.036515 seconds
Number of updated asset objects reloaded before import = 0Number of asset objects unloaded after import = 2

========================================================================
Received Import Request.
  Time since last request: 4.658996 seconds.
  path: Assets/Prefabs/Animal_Doe_02.prefab
  artifactKey: Guid(5c98283460dc23a489a19af683fcdc50) Importer(815301076,1909f56bfc062723c751e8b465ee728b)
Start importing Assets/Prefabs/Animal_Doe_02.prefab using Guid(5c98283460dc23a489a19af683fcdc50) Importer(815301076,1909f56bfc062723c751e8b465ee728b) (PreviewImporter) -> (artifact id: 'e6b25bf7c502b8f6512d16de411e9685') in 1.0102043 seconds
Number of updated asset objects reloaded before import = 0Number of asset objects unloaded after import = 64

========================================================================
Received Import Request.
  Time since last request: 0.000045 seconds.
  path: Assets/Prefabs/Food_Pizza_01.prefab
  artifactKey: Guid(18911331eb7943a4ca432a8dc7a95177) Importer(815301076,1909f56bfc062723c751e8b465ee728b)
Start importing Assets/Prefabs/Food_Pizza_01.prefab using Guid(18911331eb7943a4ca432a8dc7a95177) Importer(815301076,1909f56bfc062723c751e8b465ee728b) (PreviewImporter) -> (artifact id: 'cc7a6f9a431d13111c2283f70556e87e') in 0.0296801 seconds
Number of updated asset objects reloaded before import = 0Number of asset objects unloaded after import = 14

========================================================================
Received Import Request.
  Time since last request: 0.000035 seconds.
  path: Assets/Prefabs/Animal_Moose_01.prefab
  artifactKey: Guid(031c31cf4519e78478a25c602989bca1) Importer(815301076,1909f56bfc062723c751e8b465ee728b)
Start importing Assets/Prefabs/Animal_Moose_01.prefab using Guid(031c31cf4519e78478a25c602989bca1) Importer(815301076,1909f56bfc062723c751e8b465ee728b) (PreviewImporter) -> (artifact id: '3151dbfaa28e925cfd3b6f3d0af90015') in 0.0989982 seconds
Number of updated asset objects reloaded before import = 0Number of asset objects unloaded after import = 63

========================================================================
Received Import Request.
  Time since last request: 10.728740 seconds.
  path: Assets/Course Library/Humans/SimpleFarmer_Man_01_Black.prefab
  artifactKey: Guid(f8abbdd178867d2419ba9feb6ff2cba0) Importer(815301076,1909f56bfc062723c751e8b465ee728b)
Start importing Assets/Course Library/Humans/SimpleFarmer_Man_01_Black.prefab using Guid(f8abbdd178867d2419ba9feb6ff2cba0) Importer(815301076,1909f56bfc062723c751e8b465ee728b) (PreviewImporter) -> (artifact id: 'a239ae8540d0ce4498f7ed1386a0ecbc') in 0.0888202 seconds
Number of updated asset objects reloaded before import = 0Number of asset objects unloaded after import = 228

========================================================================
Received Import Request.
  Time since last request: 0.000041 seconds.
  path: Assets/Course Library/Humans/SimpleFarmer_Woman_02_Brown.prefab
  artifactKey: Guid(f3f69bcf5a1514c458ed5c9b96f28e34) Importer(815301076,1909f56bfc062723c751e8b465ee728b)
Start importing Assets/Course Library/Humans/SimpleFarmer_Woman_02_Brown.prefab using Guid(f3f69bcf5a1514c458ed5c9b96f28e34) Importer(815301076,1909f56bfc062723c751e8b465ee728b) (PreviewImporter) -> (artifact id: '9aed01b4a52aef868dbcdf7cdcd7e09d') in 0.0535263 seconds
Number of updated asset objects reloaded before import = 0Number of asset objects unloaded after import = 228

========================================================================
Received Import Request.
  Time since last request: 0.000104 seconds.
  path: Assets/Course Library/Humans/SimpleFarmer_Man_02_Black.prefab
  artifactKey: Guid(fc01a3bb589cebc4aa10892db165243b) Importer(815301076,1909f56bfc062723c751e8b465ee728b)
Start importing Assets/Course Library/Humans/SimpleFarmer_Man_02_Black.prefab using Guid(fc01a3bb589cebc4aa10892db165243b) Importer(815301076,1909f56bfc062723c751e8b465ee728b) (PreviewImporter) -> (artifact id: 'e231d8b249b7a2c0a372026764e7a53f') in 0.0501212 seconds
Number of updated asset objects reloaded before import = 0Number of asset objects unloaded after import = 228

========================================================================
Received Import Request.
  Time since last request: 0.000030 seconds.
  path: Assets/Course Library/Humans/SimpleFarmer_Woman_01_Brown.prefab
  artifactKey: Guid(610afbb40c4385d42aa33adfe3531f0a) Importer(815301076,1909f56bfc062723c751e8b465ee728b)
Start importing Assets/Course Library/Humans/SimpleFarmer_Woman_01_Brown.prefab using Guid(610afbb40c4385d42aa33adfe3531f0a) Importer(815301076,1909f56bfc062723c751e8b465ee728b) (PreviewImporter) -> (artifact id: 'f1529721aaa96eadbd13cb3e21091698') in 0.0524677 seconds
Number of updated asset objects reloaded before import = 0Number of asset objects unloaded after import = 228

========================================================================
Received Import Request.
  Time since last request: 0.000027 seconds.
  path: Assets/Course Library/Humans/SimpleFarmer_Man_02_White.prefab
  artifactKey: Guid(7b6675de545141649953fd8adec4561b) Importer(815301076,1909f56bfc062723c751e8b465ee728b)
Start importing Assets/Course Library/Humans/SimpleFarmer_Man_02_White.prefab using Guid(7b6675de545141649953fd8adec4561b) Importer(815301076,1909f56bfc062723c751e8b465ee728b) (PreviewImporter) -> (artifact id: '30379b45495c6183f0992242139c58cc') in 0.0559666 seconds
Number of updated asset objects reloaded before import = 0Number of asset objects unloaded after import = 228

========================================================================
Received Import Request.
  Time since last request: 0.000030 seconds.
  path: Assets/Course Library/Humans/SimpleFarmer_Woman_02_Black.prefab
  artifactKey: Guid(2af1fa464b69e4c4cb1a408373c7d971) Importer(815301076,1909f56bfc062723c751e8b465ee728b)
Start importing Assets/Course Library/Humans/SimpleFarmer_Woman_02_Black.prefab using Guid(2af1fa464b69e4c4cb1a408373c7d971) Importer(815301076,1909f56bfc062723c751e8b465ee728b) (PreviewImporter) -> (artifact id: '7ec71d6c040e73047880118e3ce6deed') in 0.0474653 seconds
Number of updated asset objects reloaded before import = 0Number of asset objects unloaded after import = 228

========================================================================
Received Prepare
Begin MonoManager ReloadAssembly
- Loaded All Assemblies, in  1.480 seconds
Refreshing native plugins compatible for Editor in 1.32 ms, found 3 plugins.
Native extension for WindowsStandalone target not found
Mono: successfully reloaded assembly
- Finished resetting the current domain, in  1.333 seconds
Domain Reload Profiling: 2813ms
	BeginReloadAssembly (431ms)
		ExecutionOrderSort (0ms)
		DisableScriptedObjects (42ms)
		BackupInstance (0ms)
		ReleaseScriptingObjects (0ms)
		CreateAndSetChildDomain (103ms)
	RebuildCommonClasses (91ms)
	RebuildNativeTypeToScriptingClass (33ms)
	initialDomainReloadingComplete (66ms)
	LoadAllAssembliesAndSetupDomain (858ms)
		LoadAssemblies (673ms)
		RebuildTransferFunctionScriptingTraits (0ms)
		AnalyzeDomain (389ms)
			TypeCache.Refresh (11ms)
				TypeCache.ScanAssembly (0ms)
			BuildScriptInfoCaches (342ms)
			ResolveRequiredComponents (27ms)
	FinalizeReload (1334ms)
		ReleaseScriptCaches (0ms)
		RebuildScriptCaches (0ms)
		SetupLoadedEditorAssemblies (1010ms)
			LogAssemblyErrors (0ms)
			InitializePlatformSupportModulesInManaged (4ms)
			SetLoadedEditorAssemblies (7ms)
			BeforeProcessingInitializeOnLoad (190ms)
			ProcessInitializeOnLoadAttributes (696ms)
			ProcessInitializeOnLoadMethodAttributes (103ms)
			AfterProcessingInitializeOnLoad (9ms)
			EditorAssembliesLoaded (0ms)
		ExecutionOrderSort2 (0ms)
		AwakeInstancesAfterBackupRestoration (25ms)
Refreshing native plugins compatible for Editor in 1.73 ms, found 3 plugins.
Preloading 0 native plugins for Editor in 0.00 ms.
Unloading 34 Unused Serialized files (Serialized files now loaded: 0)
Unloading 5958 unused Assets / (7.3 MB). Loaded Objects now: 6657.
Memory consumption went from 157.9 MB to 150.6 MB.
Total: 18.798800 ms (FindLiveObjects: 1.182900 ms CreateObjectMapping: 1.564600 ms MarkObjects: 9.269100 ms  DeleteObjects: 6.780300 ms)

Prepare: number of updated asset objects reloaded= 0
========================================================================
Received Prepare
Begin MonoManager ReloadAssembly
- Loaded All Assemblies, in  1.444 seconds
Refreshing native plugins compatible for Editor in 1.57 ms, found 3 plugins.
Native extension for WindowsStandalone target not found
Mono: successfully reloaded assembly
- Finished resetting the current domain, in  1.277 seconds
Domain Reload Profiling: 2717ms
	BeginReloadAssembly (400ms)
		ExecutionOrderSort (0ms)
		DisableScriptedObjects (11ms)
		BackupInstance (0ms)
		ReleaseScriptingObjects (0ms)
		CreateAndSetChildDomain (91ms)
	RebuildCommonClasses (102ms)
	RebuildNativeTypeToScriptingClass (35ms)
	initialDomainReloadingComplete (64ms)
	LoadAllAssembliesAndSetupDomain (839ms)
		LoadAssemblies (654ms)
		RebuildTransferFunctionScriptingTraits (0ms)
		AnalyzeDomain (405ms)
			TypeCache.Refresh (11ms)
				TypeCache.ScanAssembly (0ms)
			BuildScriptInfoCaches (365ms)
			ResolveRequiredComponents (23ms)
	FinalizeReload (1277ms)
		ReleaseScriptCaches (0ms)
		RebuildScriptCaches (0ms)
		SetupLoadedEditorAssemblies (923ms)
			LogAssemblyErrors (0ms)
			InitializePlatformSupportModulesInManaged (4ms)
			SetLoadedEditorAssemblies (8ms)
			BeforeProcessingInitializeOnLoad (192ms)
			ProcessInitializeOnLoadAttributes (611ms)
			ProcessInitializeOnLoadMethodAttributes (98ms)
			AfterProcessingInitializeOnLoad (10ms)
			EditorAssembliesLoaded (0ms)
		ExecutionOrderSort2 (0ms)
		AwakeInstancesAfterBackupRestoration (23ms)
Refreshing native plugins compatible for Editor in 1.62 ms, found 3 plugins.
Preloading 0 native plugins for Editor in 0.00 ms.
Unloading 34 Unused Serialized files (Serialized files now loaded: 0)
Unloading 5957 unused Assets / (6.9 MB). Loaded Objects now: 6659.
Memory consumption went from 157.6 MB to 150.8 MB.
Total: 18.306100 ms (FindLiveObjects: 1.285200 ms CreateObjectMapping: 1.260100 ms MarkObjects: 9.575200 ms  DeleteObjects: 6.183800 ms)

Prepare: number of updated asset objects reloaded= 0
========================================================================
Received Import Request.
  Time since last request: 230.910646 seconds.
  path: Assets/InputSystem_Actions.inputactions
  artifactKey: Guid(052faaac586de48259a63d0c4782560b) Importer(2089858483,192608db42251d675da83286b1cce702)
Start importing Assets/InputSystem_Actions.inputactions using Guid(052faaac586de48259a63d0c4782560b) Importer(2089858483,192608db42251d675da83286b1cce702) (ScriptedImporter) -> (artifact id: '86894d726d562e597f3be90502410fd9') in 0.7692938 seconds
Number of updated asset objects reloaded before import = 0Number of asset objects unloaded after import = 21

========================================================================
Received Import Request.
  Time since last request: 0.000028 seconds.
  path: Assets/Challenge 2/Challenge 2Settings.lighting
  artifactKey: Guid(17a99fcf8adf7fb49b4a886bb82c8d06) Importer(2089858483,192608db42251d675da83286b1cce702)
Start importing Assets/Challenge 2/Challenge 2Settings.lighting using Guid(17a99fcf8adf7fb49b4a886bb82c8d06) Importer(2089858483,192608db42251d675da83286b1cce702) (ScriptedImporter) -> (artifact id: 'ffefc4c91ce3187a1ad0e741c442708a') in 0.0361598 seconds
Number of updated asset objects reloaded before import = 0Number of asset objects unloaded after import = 1

========================================================================
Received Import Request.
  Time since last request: 0.000030 seconds.
  path: Assets/Course Library/Humans/SimpleFarmer_Woman_01_Brown.prefab
  artifactKey: Guid(610afbb40c4385d42aa33adfe3531f0a) Importer(2089858483,192608db42251d675da83286b1cce702)
Start importing Assets/Course Library/Humans/SimpleFarmer_Woman_01_Brown.prefab using Guid(610afbb40c4385d42aa33adfe3531f0a) Importer(2089858483,192608db42251d675da83286b1cce702) (ScriptedImporter) -> (artifact id: 'd43ed84c16fcb0d64515cf7b434b1dfa') in 0.0652367 seconds
Number of updated asset objects reloaded before import = 0Number of asset objects unloaded after import = 219

========================================================================
Received Import Request.
  Time since last request: 0.000026 seconds.
  path: Assets/Course Library/Humans/SimpleFarmer_Man_01_Black.prefab
  artifactKey: Guid(f8abbdd178867d2419ba9feb6ff2cba0) Importer(2089858483,192608db42251d675da83286b1cce702)
Start importing Assets/Course Library/Humans/SimpleFarmer_Man_01_Black.prefab using Guid(f8abbdd178867d2419ba9feb6ff2cba0) Importer(2089858483,192608db42251d675da83286b1cce702) (ScriptedImporter) -> (artifact id: 'c4ed0e8f1a18a368361b9efeee8ef022') in 0.0330127 seconds
Number of updated asset objects reloaded before import = 0Number of asset objects unloaded after import = 219

========================================================================
Received Import Request.
  Time since last request: 0.000036 seconds.
  path: Assets/Course Library/Animals/Dogs/Dog_BullTerrier_01.prefab
  artifactKey: Guid(09fd058ab758a754d8c7c1b690b4f068) Importer(2089858483,192608db42251d675da83286b1cce702)
Start importing Assets/Course Library/Animals/Dogs/Dog_BullTerrier_01.prefab using Guid(09fd058ab758a754d8c7c1b690b4f068) Importer(2089858483,192608db42251d675da83286b1cce702) (ScriptedImporter) -> (artifact id: 'f87ae0d0ed1f4681bdcd021fa04f0491') in 0.0531194 seconds
Number of updated asset objects reloaded before import = 0Number of asset objects unloaded after import = 269

========================================================================
Received Import Request.
  Time since last request: 0.000038 seconds.
  path: Assets/Settings/PC_RPAsset.asset
  artifactKey: Guid(4b83569d67af61e458304325a23e5dfd) Importer(2089858483,192608db42251d675da83286b1cce702)
Start importing Assets/Settings/PC_RPAsset.asset using Guid(4b83569d67af61e458304325a23e5dfd) Importer(2089858483,192608db42251d675da83286b1cce702) (ScriptedImporter) -> (artifact id: '5bfdb2424e14041d38b29fed694bf1c8') in 0.0891689 seconds
Number of updated asset objects reloaded before import = 0Number of asset objects unloaded after import = 1

========================================================================
Received Import Request.
  Time since last request: 0.000036 seconds.
  path: Assets/Challenge 2/Scripts/PlayerControllerX.cs
  artifactKey: Guid(5d96ad106bd784549a370bbfd1f8b697) Importer(2089858483,192608db42251d675da83286b1cce702)
Start importing Assets/Challenge 2/Scripts/PlayerControllerX.cs using Guid(5d96ad106bd784549a370bbfd1f8b697) Importer(2089858483,192608db42251d675da83286b1cce702) (ScriptedImporter) -> (artifact id: 'ad59fb4a5239fed61e3ba0d7c48014ea') in 0.0081832 seconds
Number of updated asset objects reloaded before import = 0Number of asset objects unloaded after import = 0

========================================================================
Received Import Request.
  Time since last request: 0.000018 seconds.
  path: Assets/Course Library/Animals/Dogs/Dog_RhodesianRidgeback_01.prefab
  artifactKey: Guid(957efc93c4488964582c89c0bf939bf0) Importer(2089858483,192608db42251d675da83286b1cce702)
Start importing Assets/Course Library/Animals/Dogs/Dog_RhodesianRidgeback_01.prefab using Guid(957efc93c4488964582c89c0bf939bf0) Importer(2089858483,192608db42251d675da83286b1cce702) (ScriptedImporter) -> (artifact id: '6c74dac0042874523386fb98d9670e8f') in 0.0494878 seconds
Number of updated asset objects reloaded before import = 0Number of asset objects unloaded after import = 269

========================================================================
Received Import Request.
  Time since last request: 0.000023 seconds.
  path: Assets/Challenge 2/Challenge 2/ReflectionProbe-0.exr
  artifactKey: Guid(2962537237bcd6540afd45811677ee5b) Importer(2089858483,192608db42251d675da83286b1cce702)
Start importing Assets/Challenge 2/Challenge 2/ReflectionProbe-0.exr using Guid(2962537237bcd6540afd45811677ee5b) Importer(2089858483,192608db42251d675da83286b1cce702) (ScriptedImporter) -> (artifact id: '82b6fcf605c25cc02335dc4a8a0a03b3') in 0.0627819 seconds
Number of updated asset objects reloaded before import = 0Number of asset objects unloaded after import = 1

========================================================================
Received Import Request.
  Time since last request: 0.000023 seconds.
  path: Assets/Course Library/_Source_Files/FBX/SA_Animal_CowBull.fbx
  artifactKey: Guid(f18cd949d6d73cb459e428cd63e6ac27) Importer(2089858483,192608db42251d675da83286b1cce702)
Start importing Assets/Course Library/_Source_Files/FBX/SA_Animal_CowBull.fbx using Guid(f18cd949d6d73cb459e428cd63e6ac27) Importer(2089858483,192608db42251d675da83286b1cce702) (ScriptedImporter) -> (artifact id: '2a542ecb9ffc2c29c7d4fd22e2e7d114') in 0.0946285 seconds
Number of updated asset objects reloaded before import = 0Number of asset objects unloaded after import = 116

========================================================================
Received Import Request.
  Time since last request: 0.000034 seconds.
  path: Assets/Course Library/Animals/Forest/Animal_Stag_01.prefab
  artifactKey: Guid(ff249e9534924c744bdfa6a3d2d1746c) Importer(2089858483,192608db42251d675da83286b1cce702)
Start importing Assets/Course Library/Animals/Forest/Animal_Stag_01.prefab using Guid(ff249e9534924c744bdfa6a3d2d1746c) Importer(2089858483,192608db42251d675da83286b1cce702) (ScriptedImporter) -> (artifact id: '74c68ef231d63669948eebef3667f338') in 0.0191111 seconds
Number of updated asset objects reloaded before import = 0Number of asset objects unloaded after import = 57

========================================================================
Received Import Request.
  Time since last request: 0.000025 seconds.
  path: Assets/TutorialInfo/Scripts/Readme.cs
  artifactKey: Guid(fcf7219bab7fe46a1ad266029b2fee19) Importer(2089858483,192608db42251d675da83286b1cce702)
Start importing Assets/TutorialInfo/Scripts/Readme.cs using Guid(fcf7219bab7fe46a1ad266029b2fee19) Importer(2089858483,192608db42251d675da83286b1cce702) (ScriptedImporter) -> (artifact id: '36d924d0a470913d2c3727bf8c11053d') in 0.0062937 seconds
Number of updated asset objects reloaded before import = 0Number of asset objects unloaded after import = 0

========================================================================
Received Import Request.
  Time since last request: 0.000027 seconds.
  path: Assets/Course Library/Food/Food_Fish_Cooked.prefab
  artifactKey: Guid(245ebd2bf811d4f45a1d5dcd8c327131) Importer(2089858483,192608db42251d675da83286b1cce702)
Start importing Assets/Course Library/Food/Food_Fish_Cooked.prefab using Guid(245ebd2bf811d4f45a1d5dcd8c327131) Importer(2089858483,192608db42251d675da83286b1cce702) (ScriptedImporter) -> (artifact id: '11084a7e56aa979edd9e71672305df4b') in 0.0444208 seconds
Number of updated asset objects reloaded before import = 0Number of asset objects unloaded after import = 8

========================================================================
Received Import Request.
  Time since last request: 0.000028 seconds.
  path: Assets/Course Library/_Source_Files/FBX/Items_Pizza_01.fbx
  artifactKey: Guid(0169642a95e8fce49b967cc4543bcdd8) Importer(2089858483,192608db42251d675da83286b1cce702)
Start importing Assets/Course Library/_Source_Files/FBX/Items_Pizza_01.fbx using Guid(0169642a95e8fce49b967cc4543bcdd8) Importer(2089858483,192608db42251d675da83286b1cce702) (ScriptedImporter) -> (artifact id: '01e20cfcca35b2cd0e17254546278b97') in 0.0240013 seconds
Number of updated asset objects reloaded before import = 0Number of asset objects unloaded after import = 8

========================================================================
Received Import Request.
  Time since last request: 0.000031 seconds.
  path: Assets/Course Library/_Source_Files/FBX/SI_Food_Fish_Cooked.fbx
  artifactKey: Guid(85e4a8c480f09dc4183af326bee29e93) Importer(2089858483,192608db42251d675da83286b1cce702)
Start importing Assets/Course Library/_Source_Files/FBX/SI_Food_Fish_Cooked.fbx using Guid(85e4a8c480f09dc4183af326bee29e93) Importer(2089858483,192608db42251d675da83286b1cce702) (ScriptedImporter) -> (artifact id: '4a624c98d232b927a6e226a05050ff99') in 0.0205678 seconds
Number of updated asset objects reloaded before import = 0Number of asset objects unloaded after import = 7

========================================================================
Received Import Request.
  Time since last request: 0.000064 seconds.
  path: Assets/Course Library/Food/Food_Organic_Carrot.prefab
  artifactKey: Guid(bd519f706f8c5cf4dad9fed04ab5b64b) Importer(2089858483,192608db42251d675da83286b1cce702)
Start importing Assets/Course Library/Food/Food_Organic_Carrot.prefab using Guid(bd519f706f8c5cf4dad9fed04ab5b64b) Importer(2089858483,192608db42251d675da83286b1cce702) (ScriptedImporter) -> (artifact id: '10d7f06fbc0e10924e89707ca9bfa562') in 0.012232 seconds
Number of updated asset objects reloaded before import = 0Number of asset objects unloaded after import = 8

========================================================================
Received Import Request.
  Time since last request: 0.000020 seconds.
  path: Assets/Course Library/_Source_Files/FBX/SM_Prop_Steak_01.fbx
  artifactKey: Guid(c55426ee7a822ec4c8ceed2eb60a805e) Importer(2089858483,192608db42251d675da83286b1cce702)
Start importing Assets/Course Library/_Source_Files/FBX/SM_Prop_Steak_01.fbx using Guid(c55426ee7a822ec4c8ceed2eb60a805e) Importer(2089858483,192608db42251d675da83286b1cce702) (ScriptedImporter) -> (artifact id: 'c0f7053f38f95418748bbda21eac5429') in 0.025246 seconds
Number of updated asset objects reloaded before import = 0Number of asset objects unloaded after import = 7

========================================================================
Received Import Request.
  Time since last request: 0.000031 seconds.
  path: Assets/Course Library/_Source_Files/Materials/SimpleFarmer_FarmersDaughter_Brown.mat
  artifactKey: Guid(cc347604e888272408e91697907628e5) Importer(2089858483,192608db42251d675da83286b1cce702)
Start importing Assets/Course Library/_Source_Files/Materials/SimpleFarmer_FarmersDaughter_Brown.mat using Guid(cc347604e888272408e91697907628e5) Importer(2089858483,192608db42251d675da83286b1cce702) (ScriptedImporter) -> (artifact id: '3d16f5507050d4f5bfb758820a2dec3f') in 0.0505548 seconds
Number of updated asset objects reloaded before import = 0Number of asset objects unloaded after import = 3

========================================================================
Received Import Request.
  Time since last request: 0.000037 seconds.
  path: Assets/Course Library/_Source_Files/Materials/SimpleAnimalsFarm.mat
  artifactKey: Guid(185ca34253615de44926902d54fb6f1d) Importer(2089858483,192608db42251d675da83286b1cce702)
Start importing Assets/Course Library/_Source_Files/Materials/SimpleAnimalsFarm.mat using Guid(185ca34253615de44926902d54fb6f1d) Importer(2089858483,192608db42251d675da83286b1cce702) (ScriptedImporter) -> (artifact id: '04cc5fee5b3182106c6ec842a711a385') in 0.0145164 seconds
Number of updated asset objects reloaded before import = 0Number of asset objects unloaded after import = 2

========================================================================
Received Import Request.
  Time since last request: 0.000029 seconds.
  path: Assets/Course Library/_Source_Files/FBX/SM_Prop_Bone_01.fbx
  artifactKey: Guid(828481e15b18a254c882f17660366d71) Importer(2089858483,192608db42251d675da83286b1cce702)
Start importing Assets/Course Library/_Source_Files/FBX/SM_Prop_Bone_01.fbx using Guid(828481e15b18a254c882f17660366d71) Importer(2089858483,192608db42251d675da83286b1cce702) (ScriptedImporter) -> (artifact id: '1cd8e289d4aa868669ab1d15ce4976b9') in 0.0186534 seconds
Number of updated asset objects reloaded before import = 0Number of asset objects unloaded after import = 7

========================================================================
Received Import Request.
  Time since last request: 0.000030 seconds.
  path: Assets/Course Library/Animals/Farm/Animal_Chicken_White.prefab
  artifactKey: Guid(9bf484c5ec3d3bf43b2034c829f1abbe) Importer(2089858483,192608db42251d675da83286b1cce702)
Start importing Assets/Course Library/Animals/Farm/Animal_Chicken_White.prefab using Guid(9bf484c5ec3d3bf43b2034c829f1abbe) Importer(2089858483,192608db42251d675da83286b1cce702) (ScriptedImporter) -> (artifact id: '47cc74fa67fbe56ea63bee8f607456a8') in 0.0172328 seconds
Number of updated asset objects reloaded before import = 0Number of asset objects unloaded after import = 83

========================================================================
Received Import Request.
  Time since last request: 0.000027 seconds.
  path: Assets/Course Library/_Source_Files/FBX/SI_Food_Organic_Apple_03.fbx
  artifactKey: Guid(6294bcc7efeb481429886b9604a08df6) Importer(2089858483,192608db42251d675da83286b1cce702)
Start importing Assets/Course Library/_Source_Files/FBX/SI_Food_Organic_Apple_03.fbx using Guid(6294bcc7efeb481429886b9604a08df6) Importer(2089858483,192608db42251d675da83286b1cce702) (ScriptedImporter) -> (artifact id: '240bf16f267e8713f8e5b8116ed0f4ba') in 0.0175693 seconds
Number of updated asset objects reloaded before import = 0Number of asset objects unloaded after import = 7

========================================================================
Received Import Request.
  Time since last request: 0.000026 seconds.
  path: Assets/Challenge 2/Challenge 2/LightingData.asset
  artifactKey: Guid(42a88779e09337d42af7861be65315c3) Importer(2089858483,192608db42251d675da83286b1cce702)
Start importing Assets/Challenge 2/Challenge 2/LightingData.asset using Guid(42a88779e09337d42af7861be65315c3) Importer(2089858483,192608db42251d675da83286b1cce702) (ScriptedImporter) -> (artifact id: 'f39ddba36057f0728f9d51fee515cabf') in 0.006957 seconds
Number of updated asset objects reloaded before import = 0Number of asset objects unloaded after import = 2

========================================================================
Received Import Request.
  Time since last request: 0.000034 seconds.
  path: Assets/Course Library/_Source_Files/Materials/PolygonPrototype_Texture_01.mat
  artifactKey: Guid(41680dad0f0243748b4e228f49a2e3c4) Importer(2089858483,192608db42251d675da83286b1cce702)
Start importing Assets/Course Library/_Source_Files/Materials/PolygonPrototype_Texture_01.mat using Guid(41680dad0f0243748b4e228f49a2e3c4) Importer(2089858483,192608db42251d675da83286b1cce702) (ScriptedImporter) -> (artifact id: '072d66b161e3d46d8bc89442b284f1de') in 0.016115 seconds
Number of updated asset objects reloaded before import = 0Number of asset objects unloaded after import = 2

========================================================================
Received Import Request.
  Time since last request: 0.000041 seconds.
  path: Assets/Course Library/_Source_Files/Materials/SimpleItems.mat
  artifactKey: Guid(dc043a9656f81bc488510dcda2b382ab) Importer(2089858483,192608db42251d675da83286b1cce702)
Start importing Assets/Course Library/_Source_Files/Materials/SimpleItems.mat using Guid(dc043a9656f81bc488510dcda2b382ab) Importer(2089858483,192608db42251d675da83286b1cce702) (ScriptedImporter) -> (artifact id: '62ff416ed23e21cec26ac2059146f74a') in 0.0105151 seconds
Number of updated asset objects reloaded before import = 0Number of asset objects unloaded after import = 2

========================================================================
Received Import Request.
  Time since last request: 0.000021 seconds.
  path: Assets/Course Library/_Source_Files/Misc/SA_Animal_Chick.controller
  artifactKey: Guid(fcb5ec06ce1a1d0468b35327576bb69a) Importer(2089858483,192608db42251d675da83286b1cce702)
Start importing Assets/Course Library/_Source_Files/Misc/SA_Animal_Chick.controller using Guid(fcb5ec06ce1a1d0468b35327576bb69a) Importer(2089858483,192608db42251d675da83286b1cce702) (ScriptedImporter) -> (artifact id: '305bb21da4c6d6a283849dc771780d64') in 0.0099156 seconds
Number of updated asset objects reloaded before import = 0Number of asset objects unloaded after import = 11

========================================================================
Received Import Request.
  Time since last request: 0.000037 seconds.
  path: Assets/Course Library/_Source_Files/Misc/Mask_LowerBody.mask
  artifactKey: Guid(f34433e648b38134b89fe27b9e6955cc) Importer(2089858483,192608db42251d675da83286b1cce702)
Start importing Assets/Course Library/_Source_Files/Misc/Mask_LowerBody.mask using Guid(f34433e648b38134b89fe27b9e6955cc) Importer(2089858483,192608db42251d675da83286b1cce702) (ScriptedImporter) -> (artifact id: 'a5c7ebf1385127094d57941849a30eb5') in 0.0062645 seconds
Number of updated asset objects reloaded before import = 0Number of asset objects unloaded after import = 1

========================================================================
Received Import Request.
  Time since last request: 0.000032 seconds.
  path: Assets/Course Library/_Source_Files/Materials/SimpleFarmer_FarmWrangler_White.mat
  artifactKey: Guid(6bc0b76677d86c84bae40c11173940a2) Importer(2089858483,192608db42251d675da83286b1cce702)
Start importing Assets/Course Library/_Source_Files/Materials/SimpleFarmer_FarmWrangler_White.mat using Guid(6bc0b76677d86c84bae40c11173940a2) Importer(2089858483,192608db42251d675da83286b1cce702) (ScriptedImporter) -> (artifact id: '991c1534a5d36c63e3d9859d4f9a734f') in 0.0136063 seconds
Number of updated asset objects reloaded before import = 0Number of asset objects unloaded after import = 3

========================================================================
Received Import Request.
  Time since last request: 0.000032 seconds.
  path: Assets/Course Library/_Source_Files/Materials/SimpleFarmer_FarmersWife_White.mat
  artifactKey: Guid(94bc80c9a69c60e40a7f3e87548db65e) Importer(2089858483,192608db42251d675da83286b1cce702)
Start importing Assets/Course Library/_Source_Files/Materials/SimpleFarmer_FarmersWife_White.mat using Guid(94bc80c9a69c60e40a7f3e87548db65e) Importer(2089858483,192608db42251d675da83286b1cce702) (ScriptedImporter) -> (artifact id: '2bedca07b37dac98c1ec9b5742ce6b5b') in 0.010183 seconds
Number of updated asset objects reloaded before import = 0Number of asset objects unloaded after import = 3

========================================================================
Received Import Request.
  Time since last request: 0.000049 seconds.
  path: Assets/Scripts/DetectCollisions.cs
  artifactKey: Guid(355612bae437227418e39d144864661f) Importer(2089858483,192608db42251d675da83286b1cce702)
Start importing Assets/Scripts/DetectCollisions.cs using Guid(355612bae437227418e39d144864661f) Importer(2089858483,192608db42251d675da83286b1cce702) (ScriptedImporter) -> (artifact id: '5557d4b1170bd17be2a17eb8ddcb3473') in 0.0065463 seconds
Number of updated asset objects reloaded before import = 0Number of asset objects unloaded after import = 0

========================================================================
Received Import Request.
  Time since last request: 0.000024 seconds.
  path: Assets/Course Library/Humans/SimpleFarmer_Woman_01_Black.prefab
  artifactKey: Guid(0e1316a3e46fdb349b6ff648610a1d71) Importer(2089858483,192608db42251d675da83286b1cce702)
Start importing Assets/Course Library/Humans/SimpleFarmer_Woman_01_Black.prefab using Guid(0e1316a3e46fdb349b6ff648610a1d71) Importer(2089858483,192608db42251d675da83286b1cce702) (ScriptedImporter) -> (artifact id: '7fe807069612eb4c474d9b644e78e205') in 0.0320374 seconds
Number of updated asset objects reloaded before import = 0Number of asset objects unloaded after import = 219

========================================================================
Received Import Request.
  Time since last request: 0.000020 seconds.
  path: Assets/Settings/PC_Renderer.asset
  artifactKey: Guid(f288ae1f4751b564a96ac7587541f7a2) Importer(2089858483,192608db42251d675da83286b1cce702)
Start importing Assets/Settings/PC_Renderer.asset using Guid(f288ae1f4751b564a96ac7587541f7a2) Importer(2089858483,192608db42251d675da83286b1cce702) (ScriptedImporter) -> (artifact id: '3f659729ce3b694aa78845c1670b65ac') in 0.0532689 seconds
Number of updated asset objects reloaded before import = 0Number of asset objects unloaded after import = 1

========================================================================
Received Import Request.
  Time since last request: 0.000024 seconds.
  path: Assets/Course Library/_Source_Files/Textures/SimpleFarmer_FarmersWife_Black.png
  artifactKey: Guid(1d2be5615bea5d44f97a1c40b5c11815) Importer(2089858483,192608db42251d675da83286b1cce702)
Start importing Assets/Course Library/_Source_Files/Textures/SimpleFarmer_FarmersWife_Black.png using Guid(1d2be5615bea5d44f97a1c40b5c11815) Importer(2089858483,192608db42251d675da83286b1cce702) (ScriptedImporter) -> (artifact id: 'f6fcb0839afa11a167190b6ef8785891') in 0.0406284 seconds
Number of updated asset objects reloaded before import = 0Number of asset objects unloaded after import = 1

========================================================================
Received Import Request.
  Time since last request: 0.000039 seconds.
  path: Assets/Course Library/_Source_Files/Textures/PolygonPrototype_Texture_01.png
  artifactKey: Guid(86cb957541c7c8542a6306ffb82e6833) Importer(2089858483,192608db42251d675da83286b1cce702)
Start importing Assets/Course Library/_Source_Files/Textures/PolygonPrototype_Texture_01.png using Guid(86cb957541c7c8542a6306ffb82e6833) Importer(2089858483,192608db42251d675da83286b1cce702) (ScriptedImporter) -> (artifact id: '1605fd4ea93e2cc1575fd72218592fc8') in 0.0243916 seconds
Number of updated asset objects reloaded before import = 0Number of asset objects unloaded after import = 1

========================================================================
Received Import Request.
  Time since last request: 0.000018 seconds.
  path: Assets/Course Library/_Source_Files/Textures/SimpleFarmer_FarmersWife_White.png
  artifactKey: Guid(f555d3f85b4960e4287918ec81c10d9a) Importer(2089858483,192608db42251d675da83286b1cce702)
Start importing Assets/Course Library/_Source_Files/Textures/SimpleFarmer_FarmersWife_White.png using Guid(f555d3f85b4960e4287918ec81c10d9a) Importer(2089858483,192608db42251d675da83286b1cce702) (ScriptedImporter) -> (artifact id: '5169c4e814aa66844858c9758741553e') in 0.0219992 seconds
Number of updated asset objects reloaded before import = 0Number of asset objects unloaded after import = 1

========================================================================
Received Import Request.
  Time since last request: 0.000021 seconds.
  path: Assets/Course Library/Food/Food_Organic_Apple_01.prefab
  artifactKey: Guid(c13306d1f1d9a1a489199ef77f9dba89) Importer(2089858483,192608db42251d675da83286b1cce702)
Start importing Assets/Course Library/Food/Food_Organic_Apple_01.prefab using Guid(c13306d1f1d9a1a489199ef77f9dba89) Importer(2089858483,192608db42251d675da83286b1cce702) (ScriptedImporter) -> (artifact id: 'f069cdf7b12225b208f283c75b697714') in 0.0143067 seconds
Number of updated asset objects reloaded before import = 0Number of asset objects unloaded after import = 8

========================================================================
Received Import Request.
  Time since last request: 0.000029 seconds.
  path: Assets/Settings/DefaultVolumeProfile.asset
  artifactKey: Guid(ab09877e2e707104187f6f83e2f62510) Importer(2089858483,192608db42251d675da83286b1cce702)
Start importing Assets/Settings/DefaultVolumeProfile.asset using Guid(ab09877e2e707104187f6f83e2f62510) Importer(2089858483,192608db42251d675da83286b1cce702) (ScriptedImporter) -> (artifact id: '0ecbd31f0d5cb0617d48c14dabba66e8') in 0.0084826 seconds
Number of updated asset objects reloaded before import = 0Number of asset objects unloaded after import = 0

========================================================================
Received Import Request.
  Time since last request: 0.000032 seconds.
  path: Assets/Course Library/_Source_Files/FBX/SI_Food_Organic_Apple_01.fbx
  artifactKey: Guid(cf2656555a2f4904f94b09943e34400f) Importer(2089858483,192608db42251d675da83286b1cce702)
Start importing Assets/Course Library/_Source_Files/FBX/SI_Food_Organic_Apple_01.fbx using Guid(cf2656555a2f4904f94b09943e34400f) Importer(2089858483,192608db42251d675da83286b1cce702) (ScriptedImporter) -> (artifact id: '73fe20de68ad91a85ad63c2c7ddd2fe5') in 0.0261154 seconds
Number of updated asset objects reloaded before import = 0Number of asset objects unloaded after import = 7

========================================================================
Received Import Request.
  Time since last request: 0.000030 seconds.
  path: Assets/Challenge 2/_Source_Files/Materials/Red.mat
  artifactKey: Guid(dd894113d526c4e238cb54c9234b45bd) Importer(2089858483,192608db42251d675da83286b1cce702)
Start importing Assets/Challenge 2/_Source_Files/Materials/Red.mat using Guid(dd894113d526c4e238cb54c9234b45bd) Importer(2089858483,192608db42251d675da83286b1cce702) (ScriptedImporter) -> (artifact id: 'ebde138e41351c1fe76a81c9cd0de479') in 0.0114965 seconds
Number of updated asset objects reloaded before import = 0Number of asset objects unloaded after import = 1

========================================================================
Received Import Request.
  Time since last request: 0.000029 seconds.
  path: Assets/Course Library/_Source_Files/Materials/SimpleDogs.mat
  artifactKey: Guid(5a3559dc71a3dee46a71f5627f48bb36) Importer(2089858483,192608db42251d675da83286b1cce702)
Start importing Assets/Course Library/_Source_Files/Materials/SimpleDogs.mat using Guid(5a3559dc71a3dee46a71f5627f48bb36) Importer(2089858483,192608db42251d675da83286b1cce702) (ScriptedImporter) -> (artifact id: 'c98ab03b029361a22f4f8d1965dacac7') in 0.0095171 seconds
Number of updated asset objects reloaded before import = 0Number of asset objects unloaded after import = 2

========================================================================
Received Import Request.
  Time since last request: 0.000027 seconds.
  path: Assets/Course Library/_Source_Files/FBX/Materials/lambert1.mat
  artifactKey: Guid(2bb4563451410d843b59ae22f11689d5) Importer(2089858483,192608db42251d675da83286b1cce702)
Start importing Assets/Course Library/_Source_Files/FBX/Materials/lambert1.mat using Guid(2bb4563451410d843b59ae22f11689d5) Importer(2089858483,192608db42251d675da83286b1cce702) (ScriptedImporter) -> (artifact id: '76eba1e3372afa28629d9650057b6eef') in 0.0074646 seconds
Number of updated asset objects reloaded before import = 0Number of asset objects unloaded after import = 1

========================================================================
Received Import Request.
  Time since last request: 0.000027 seconds.
  path: Assets/Course Library/_Source_Files/Textures/SimpleFarmer_FarmWrangler_White.png
  artifactKey: Guid(38afee6b97f1660489dfceac21653a3d) Importer(2089858483,192608db42251d675da83286b1cce702)
Start importing Assets/Course Library/_Source_Files/Textures/SimpleFarmer_FarmWrangler_White.png using Guid(38afee6b97f1660489dfceac21653a3d) Importer(2089858483,192608db42251d675da83286b1cce702) (ScriptedImporter) -> (artifact id: '275645c62ff8fa5f29dabb4042651d3a') in 0.0219453 seconds
Number of updated asset objects reloaded before import = 0Number of asset objects unloaded after import = 1

========================================================================
Received Import Request.
  Time since last request: 0.000027 seconds.
  path: Assets/TutorialInfo/Scripts/Editor/ReadmeEditor.cs
  artifactKey: Guid(476cc7d7cd9874016adc216baab94a0a) Importer(2089858483,192608db42251d675da83286b1cce702)
Start importing Assets/TutorialInfo/Scripts/Editor/ReadmeEditor.cs using Guid(476cc7d7cd9874016adc216baab94a0a) Importer(2089858483,192608db42251d675da83286b1cce702) (ScriptedImporter) -> (artifact id: '6affbe6c053b35fd9fbe589bd3270e20') in 0.0066094 seconds
Number of updated asset objects reloaded before import = 0Number of asset objects unloaded after import = 0

========================================================================
Received Import Request.
  Time since last request: 0.000044 seconds.
  path: Assets/Course Library/Food/Food_Pizza_01.prefab
  artifactKey: Guid(06cdf427476835b42837c1ca7f8cdbd1) Importer(2089858483,192608db42251d675da83286b1cce702)
Start importing Assets/Course Library/Food/Food_Pizza_01.prefab using Guid(06cdf427476835b42837c1ca7f8cdbd1) Importer(2089858483,192608db42251d675da83286b1cce702) (ScriptedImporter) -> (artifact id: 'dbae283ef3842f535e040efad84f5b20') in 0.0113101 seconds
Number of updated asset objects reloaded before import = 0Number of asset objects unloaded after import = 8

========================================================================
Received Import Request.
  Time since last request: 0.000021 seconds.
  path: Assets/Course Library/Materials/Material_Concrete.mat
  artifactKey: Guid(bc90d48240dd64916900ac98e11b3e5f) Importer(2089858483,192608db42251d675da83286b1cce702)
Start importing Assets/Course Library/Materials/Material_Concrete.mat using Guid(bc90d48240dd64916900ac98e11b3e5f) Importer(2089858483,192608db42251d675da83286b1cce702) (ScriptedImporter) -> (artifact id: '0dba911ac2f859ad82b04fd80ce94243') in 0.0100711 seconds
Number of updated asset objects reloaded before import = 0Number of asset objects unloaded after import = 2

========================================================================
Received Import Request.
  Time since last request: 0.000044 seconds.
  path: Assets/Course Library/_Source_Files/Textures/SimpleFarmer_FarmWrangler_Black.png
  artifactKey: Guid(e3f5ae7056ee847478654d8ef6f4c4ad) Importer(2089858483,192608db42251d675da83286b1cce702)
Start importing Assets/Course Library/_Source_Files/Textures/SimpleFarmer_FarmWrangler_Black.png using Guid(e3f5ae7056ee847478654d8ef6f4c4ad) Importer(2089858483,192608db42251d675da83286b1cce702) (ScriptedImporter) -> (artifact id: '8d999f2fec768ee0aea7643069746fbb') in 0.0156868 seconds
Number of updated asset objects reloaded before import = 0Number of asset objects unloaded after import = 1

========================================================================
Received Import Request.
  Time since last request: 0.000025 seconds.
  path: Assets/Course Library/Animals/Dogs/Dog_BorderCollie_01.prefab
  artifactKey: Guid(d3273ee892cdcf749a22b49daf393a91) Importer(2089858483,192608db42251d675da83286b1cce702)
Start importing Assets/Course Library/Animals/Dogs/Dog_BorderCollie_01.prefab using Guid(d3273ee892cdcf749a22b49daf393a91) Importer(2089858483,192608db42251d675da83286b1cce702) (ScriptedImporter) -> (artifact id: '8754199d4125f9355be483ca55082b73') in 0.0492674 seconds
Number of updated asset objects reloaded before import = 0Number of asset objects unloaded after import = 269

========================================================================
Received Import Request.
  Time since last request: 0.000027 seconds.
  path: Assets/Course Library/_Source_Files/Textures/SimpleFarmer_FarmersDaughter_Brown.png
  artifactKey: Guid(144811adb05d9874fab57bf4b53356a1) Importer(2089858483,192608db42251d675da83286b1cce702)
Start importing Assets/Course Library/_Source_Files/Textures/SimpleFarmer_FarmersDaughter_Brown.png using Guid(144811adb05d9874fab57bf4b53356a1) Importer(2089858483,192608db42251d675da83286b1cce702) (ScriptedImporter) -> (artifact id: '7f1bb73cc555372086daaa8f127f0a3b') in 0.0174291 seconds
Number of updated asset objects reloaded before import = 0Number of asset objects unloaded after import = 1

========================================================================
Received Import Request.
  Time since last request: 0.000041 seconds.
  path: Assets/Course Library/Animals/Farm/Animal_Chicken_Brown.prefab
  artifactKey: Guid(49b874b9460c6754c829d7cb541a99db) Importer(2089858483,192608db42251d675da83286b1cce702)
Start importing Assets/Course Library/Animals/Farm/Animal_Chicken_Brown.prefab using Guid(49b874b9460c6754c829d7cb541a99db) Importer(2089858483,192608db42251d675da83286b1cce702) (ScriptedImporter) -> (artifact id: 'f73ee635f33220b7855bd64eb3b8c8e2') in 0.0207608 seconds
Number of updated asset objects reloaded before import = 0Number of asset objects unloaded after import = 83

========================================================================
Received Import Request.
  Time since last request: 0.000026 seconds.
  path: Assets/Scenes/Prototype 2/LightingData.asset
  artifactKey: Guid(8f4a4acc01fa72c409ad45f197029058) Importer(2089858483,192608db42251d675da83286b1cce702)
Start importing Assets/Scenes/Prototype 2/LightingData.asset using Guid(8f4a4acc01fa72c409ad45f197029058) Importer(2089858483,192608db42251d675da83286b1cce702) (ScriptedImporter) -> (artifact id: '925e043eac35bbab7f2ce8e3f4fa1efc') in 0.0087487 seconds
Number of updated asset objects reloaded before import = 0Number of asset objects unloaded after import = 2

========================================================================
Received Import Request.
  Time since last request: 0.000077 seconds.
  path: Assets/Course Library/Food/Food_Organic_Pear_02.prefab
  artifactKey: Guid(4949a22a2c444b0459d7289aae77be28) Importer(2089858483,192608db42251d675da83286b1cce702)
Start importing Assets/Course Library/Food/Food_Organic_Pear_02.prefab using Guid(4949a22a2c444b0459d7289aae77be28) Importer(2089858483,192608db42251d675da83286b1cce702) (ScriptedImporter) -> (artifact id: 'ceacaffee0bfc38dbde91481b5f7c5e7') in 0.0171305 seconds
Number of updated asset objects reloaded before import = 0Number of asset objects unloaded after import = 8

========================================================================
Received Import Request.
  Time since last request: 0.000029 seconds.
  path: Assets/Course Library/_Source_Files/FBX/SimpleDogs.fbx
  artifactKey: Guid(4813058df6cbc544c979b2b5b9882a81) Importer(2089858483,192608db42251d675da83286b1cce702)
Start importing Assets/Course Library/_Source_Files/FBX/SimpleDogs.fbx using Guid(4813058df6cbc544c979b2b5b9882a81) Importer(2089858483,192608db42251d675da83286b1cce702) (ScriptedImporter) -> (artifact id: 'e6fa8b960eeafe0bc71d55156c7cf1c6') in 0.1756752 seconds
Number of updated asset objects reloaded before import = 0Number of asset objects unloaded after import = 156

========================================================================
Received Import Request.
  Time since last request: 0.000026 seconds.
  path: Assets/Course Library/_Source_Files/Misc/Mask_Head.mask
  artifactKey: Guid(f4bf3f6dc42479e47b1fd0e457094fb7) Importer(2089858483,192608db42251d675da83286b1cce702)
Start importing Assets/Course Library/_Source_Files/Misc/Mask_Head.mask using Guid(f4bf3f6dc42479e47b1fd0e457094fb7) Importer(2089858483,192608db42251d675da83286b1cce702) (ScriptedImporter) -> (artifact id: 'd62c9b09b8d7d21f0ff853e5f37e0ba6') in 0.0060331 seconds
Number of updated asset objects reloaded before import = 0Number of asset objects unloaded after import = 1

========================================================================
Received Import Request.
  Time since last request: 0.000029 seconds.
  path: Assets/TutorialInfo/Layout.wlt
  artifactKey: Guid(eabc9546105bf4accac1fd62a63e88e6) Importer(2089858483,192608db42251d675da83286b1cce702)
Start importing Assets/TutorialInfo/Layout.wlt using Guid(eabc9546105bf4accac1fd62a63e88e6) Importer(2089858483,192608db42251d675da83286b1cce702) (ScriptedImporter) -> (artifact id: 'f901fe5cfc4be2018e962fd48ff32736') in 0.0043137 seconds
Number of updated asset objects reloaded before import = 0Number of asset objects unloaded after import = 1

========================================================================
Received Import Request.
  Time since last request: 0.000023 seconds.
  path: Assets/Scenes/Prototype 2Settings.lighting
  artifactKey: Guid(b70e64e0e7c15c3438a3c15c59e87dd2) Importer(2089858483,192608db42251d675da83286b1cce702)
Start importing Assets/Scenes/Prototype 2Settings.lighting using Guid(b70e64e0e7c15c3438a3c15c59e87dd2) Importer(2089858483,192608db42251d675da83286b1cce702) (ScriptedImporter) -> (artifact id: 'fa9e569de9e4be1c9eafc21a329592b5') in 0.0099599 seconds
Number of updated asset objects reloaded before import = 0Number of asset objects unloaded after import = 1

========================================================================
Received Import Request.
  Time since last request: 0.000025 seconds.
  path: Assets/Course Library/_Source_Files/FBX/SA_Animal_Chick.fbx
  artifactKey: Guid(5cffd02f329556b48a122caf2426df2f) Importer(2089858483,192608db42251d675da83286b1cce702)
Start importing Assets/Course Library/_Source_Files/FBX/SA_Animal_Chick.fbx using Guid(5cffd02f329556b48a122caf2426df2f) Importer(2089858483,192608db42251d675da83286b1cce702) (ScriptedImporter) -> (artifact id: 'f73c37e7f050916e9a5188c74edfbf47') in 0.0386375 seconds
Number of updated asset objects reloaded before import = 0Number of asset objects unloaded after import = 30

========================================================================
Received Import Request.
  Time since last request: 0.000027 seconds.
  path: Assets/Course Library/_Source_Files/Textures/SimpleDogs.png
  artifactKey: Guid(9430bf83a61e53642891d8823882b08c) Importer(2089858483,192608db42251d675da83286b1cce702)
Start importing Assets/Course Library/_Source_Files/Textures/SimpleDogs.png using Guid(9430bf83a61e53642891d8823882b08c) Importer(2089858483,192608db42251d675da83286b1cce702) (ScriptedImporter) -> (artifact id: 'd3e54bd7b0be35a00276b1159e47a0ca') in 0.0203124 seconds
Number of updated asset objects reloaded before import = 0Number of asset objects unloaded after import = 1

========================================================================
Received Import Request.
  Time since last request: 0.000049 seconds.
  path: Assets/Course Library/_Source_Files/Materials/SimpleForestAnimals.mat
  artifactKey: Guid(a47734c228690c7408645b04cd1a2550) Importer(2089858483,192608db42251d675da83286b1cce702)
Start importing Assets/Course Library/_Source_Files/Materials/SimpleForestAnimals.mat using Guid(a47734c228690c7408645b04cd1a2550) Importer(2089858483,192608db42251d675da83286b1cce702) (ScriptedImporter) -> (artifact id: 'fd1b856bf4ab2479cd6307b5cc2e1583') in 0.0086198 seconds
Number of updated asset objects reloaded before import = 0Number of asset objects unloaded after import = 2

========================================================================
Received Import Request.
  Time since last request: 0.000032 seconds.
  path: Assets/Course Library/_Source_Files/Textures/SimpleShopInterior_Texture.png
  artifactKey: Guid(9feefa8c65de5d748bcef29e7e150c3a) Importer(2089858483,192608db42251d675da83286b1cce702)
Start importing Assets/Course Library/_Source_Files/Textures/SimpleShopInterior_Texture.png using Guid(9feefa8c65de5d748bcef29e7e150c3a) Importer(2089858483,192608db42251d675da83286b1cce702) (ScriptedImporter) -> (artifact id: 'cd8fc3cacab1b2dad227afabe3fb6cb9') in 0.0188263 seconds
Number of updated asset objects reloaded before import = 0Number of asset objects unloaded after import = 1

========================================================================
Received Import Request.
  Time since last request: 0.000025 seconds.
  path: Assets/Course Library/_Source_Files/Textures/Texture_Gravel.png
  artifactKey: Guid(6078022333aeb934e94f73ce8fe09e6b) Importer(2089858483,192608db42251d675da83286b1cce702)
Start importing Assets/Course Library/_Source_Files/Textures/Texture_Gravel.png using Guid(6078022333aeb934e94f73ce8fe09e6b) Importer(2089858483,192608db42251d675da83286b1cce702) (ScriptedImporter) -> (artifact id: 'a9f0a71fc7a3ede0300658ab5e9a4775') in 0.0223641 seconds
Number of updated asset objects reloaded before import = 0Number of asset objects unloaded after import = 1

========================================================================
Received Import Request.
  Time since last request: 0.000054 seconds.
  path: Assets/Course Library/Food/Food_Cookie_01.prefab
  artifactKey: Guid(10d25933610222845ad3760a855829c4) Importer(2089858483,192608db42251d675da83286b1cce702)
Start importing Assets/Course Library/Food/Food_Cookie_01.prefab using Guid(10d25933610222845ad3760a855829c4) Importer(2089858483,192608db42251d675da83286b1cce702) (ScriptedImporter) -> (artifact id: '264a6e8151ebbaa9cc21738c27c730c4') in 0.0187635 seconds
Number of updated asset objects reloaded before import = 0Number of asset objects unloaded after import = 8

========================================================================
Received Import Request.
  Time since last request: 0.000027 seconds.
  path: Assets/Course Library/Food/Food_Organic_Apple_03.prefab
  artifactKey: Guid(c2f4b43f266dc11439efef86830dafb4) Importer(2089858483,192608db42251d675da83286b1cce702)
Start importing Assets/Course Library/Food/Food_Organic_Apple_03.prefab using Guid(c2f4b43f266dc11439efef86830dafb4) Importer(2089858483,192608db42251d675da83286b1cce702) (ScriptedImporter) -> (artifact id: 'e2e7b3f5abe6b560ff7ced03db1f95aa') in 0.0138157 seconds
Number of updated asset objects reloaded before import = 0Number of asset objects unloaded after import = 8

========================================================================
Received Import Request.
  Time since last request: 0.000036 seconds.
  path: Assets/Course Library/_Source_Files/FBX/Items_Cookie_01.fbx
  artifactKey: Guid(d2d314c911e4af5408b077dfed69013d) Importer(2089858483,192608db42251d675da83286b1cce702)
Start importing Assets/Course Library/_Source_Files/FBX/Items_Cookie_01.fbx using Guid(d2d314c911e4af5408b077dfed69013d) Importer(2089858483,192608db42251d675da83286b1cce702) (ScriptedImporter) -> (artifact id: 'b73ba8df023f5cbcfcf905c93d31ab3c') in 0.0178421 seconds
Number of updated asset objects reloaded before import = 0Number of asset objects unloaded after import = 8

========================================================================
Received Import Request.
  Time since last request: 0.000052 seconds.
  path: Assets/Course Library/_Source_Files/Misc/SimpleCharacter.controller
  artifactKey: Guid(022cd8e9b1d113b41905bcb401343e62) Importer(2089858483,192608db42251d675da83286b1cce702)
Start importing Assets/Course Library/_Source_Files/Misc/SimpleCharacter.controller using Guid(022cd8e9b1d113b41905bcb401343e62) Importer(2089858483,192608db42251d675da83286b1cce702) (ScriptedImporter) -> (artifact id: '5769e9b587574332f955d9326d1709f8') in 0.0326826 seconds
Number of updated asset objects reloaded before import = 0Number of asset objects unloaded after import = 153

========================================================================
Received Import Request.
  Time since last request: 0.000035 seconds.
  path: Assets/Course Library/_Source_Files/FBX/Deer.fbx
  artifactKey: Guid(3751d6025630be542a1062112f2bcae5) Importer(2089858483,192608db42251d675da83286b1cce702)
Start importing Assets/Course Library/_Source_Files/FBX/Deer.fbx using Guid(3751d6025630be542a1062112f2bcae5) Importer(2089858483,192608db42251d675da83286b1cce702) (ScriptedImporter) -> (artifact id: '5bb0629de3628e8b0ce058b65007bddb') in 0.0776571 seconds
Number of updated asset objects reloaded before import = 0Number of asset objects unloaded after import = 58

========================================================================
Received Import Request.
  Time since last request: 0.000022 seconds.
  path: Assets/Settings/Mobile_RPAsset.asset
  artifactKey: Guid(5e6cbd92db86f4b18aec3ed561671858) Importer(2089858483,192608db42251d675da83286b1cce702)
Start importing Assets/Settings/Mobile_RPAsset.asset using Guid(5e6cbd92db86f4b18aec3ed561671858) Importer(2089858483,192608db42251d675da83286b1cce702) (ScriptedImporter) -> (artifact id: '444d160f4a8d7324cffaaa12971a22f5') in 0.0252663 seconds
Number of updated asset objects reloaded before import = 0Number of asset objects unloaded after import = 2

========================================================================
Received Import Request.
  Time since last request: 0.000041 seconds.
  path: Assets/Course Library/Animals/Dogs/Dog_Doberman_01.prefab
  artifactKey: Guid(2b6e184cdeba888429a079d519a7c8d5) Importer(2089858483,192608db42251d675da83286b1cce702)
Start importing Assets/Course Library/Animals/Dogs/Dog_Doberman_01.prefab using Guid(2b6e184cdeba888429a079d519a7c8d5) Importer(2089858483,192608db42251d675da83286b1cce702) (ScriptedImporter) -> (artifact id: 'e782be709fce24a416b6a79392847954') in 0.061231 seconds
Number of updated asset objects reloaded before import = 0Number of asset objects unloaded after import = 269

========================================================================
Received Import Request.
  Time since last request: 0.000033 seconds.
  path: Assets/Challenge 2/Challenge 2.unity
  artifactKey: Guid(f695fe0c51d8449d2b49648dad174255) Importer(2089858483,192608db42251d675da83286b1cce702)
Start importing Assets/Challenge 2/Challenge 2.unity using Guid(f695fe0c51d8449d2b49648dad174255) Importer(2089858483,192608db42251d675da83286b1cce702) (ScriptedImporter) -> (artifact id: '38ffb53c3f37491643cc6029c1ff4906') in 0.0086107 seconds
Number of updated asset objects reloaded before import = 0Number of asset objects unloaded after import = 1

========================================================================
Received Import Request.
  Time since last request: 0.000018 seconds.
  path: Assets/Challenge 2/Scripts/SpawnManagerX.cs
  artifactKey: Guid(745c25f6adc3b4804961d8389a1a74fa) Importer(2089858483,192608db42251d675da83286b1cce702)
Start importing Assets/Challenge 2/Scripts/SpawnManagerX.cs using Guid(745c25f6adc3b4804961d8389a1a74fa) Importer(2089858483,192608db42251d675da83286b1cce702) (ScriptedImporter) -> (artifact id: '19c576361df3d36cd20fbfc7a03d48c2') in 0.0053414 seconds
Number of updated asset objects reloaded before import = 0Number of asset objects unloaded after import = 0

========================================================================
Received Import Request.
  Time since last request: 0.000022 seconds.
  path: Assets/Course Library/_Source_Files/Misc/SD_Animal_Dog.controller
  artifactKey: Guid(d7ff2687a5152784496920a366fcc30e) Importer(2089858483,192608db42251d675da83286b1cce702)
Start importing Assets/Course Library/_Source_Files/Misc/SD_Animal_Dog.controller using Guid(d7ff2687a5152784496920a366fcc30e) Importer(2089858483,192608db42251d675da83286b1cce702) (ScriptedImporter) -> (artifact id: 'a701e707b05f732df7748509e508b08c') in 0.0219723 seconds
Number of updated asset objects reloaded before import = 0Number of asset objects unloaded after import = 25

========================================================================
Received Import Request.
  Time since last request: 0.000022 seconds.
  path: Assets/Course Library/Animals/Dogs/Dog_SaintBernard_01.prefab
  artifactKey: Guid(7e327461e79cb2a479e055d455c9a2fd) Importer(2089858483,192608db42251d675da83286b1cce702)
Start importing Assets/Course Library/Animals/Dogs/Dog_SaintBernard_01.prefab using Guid(7e327461e79cb2a479e055d455c9a2fd) Importer(2089858483,192608db42251d675da83286b1cce702) (ScriptedImporter) -> (artifact id: 'f69f47f92ecb3ba6bb2405110f883d45') in 0.0389403 seconds
Number of updated asset objects reloaded before import = 0Number of asset objects unloaded after import = 269

========================================================================
Received Import Request.
  Time since last request: 0.000024 seconds.
  path: Assets/Course Library/_Source_Files/Textures/SimpleFarmer_FarmWrangler_Brown.png
  artifactKey: Guid(45eb17d5fe65a6942aee37575c20cf68) Importer(2089858483,192608db42251d675da83286b1cce702)
Start importing Assets/Course Library/_Source_Files/Textures/SimpleFarmer_FarmWrangler_Brown.png using Guid(45eb17d5fe65a6942aee37575c20cf68) Importer(2089858483,192608db42251d675da83286b1cce702) (ScriptedImporter) -> (artifact id: '76cd9441ff5ea8f423a4c11a5f93dfdd') in 0.014613 seconds
Number of updated asset objects reloaded before import = 0Number of asset objects unloaded after import = 1

========================================================================
Received Import Request.
  Time since last request: 0.000035 seconds.
  path: Assets/Course Library/Animals/Dogs/Dog_GermanShepherd_01.prefab
  artifactKey: Guid(3b3cb28f974c42c4481d72da460937c9) Importer(2089858483,192608db42251d675da83286b1cce702)
Start importing Assets/Course Library/Animals/Dogs/Dog_GermanShepherd_01.prefab using Guid(3b3cb28f974c42c4481d72da460937c9) Importer(2089858483,192608db42251d675da83286b1cce702) (ScriptedImporter) -> (artifact id: '836a15eef31c307c4af33d3d3079e610') in 0.0367687 seconds
Number of updated asset objects reloaded before import = 0Number of asset objects unloaded after import = 269

========================================================================
Received Import Request.
  Time since last request: 0.000046 seconds.
  path: Assets/Course Library/Food/Food_Steak_01.prefab
  artifactKey: Guid(9f063c5e5835cbd4b8dc54a6c0b45db4) Importer(2089858483,192608db42251d675da83286b1cce702)
Start importing Assets/Course Library/Food/Food_Steak_01.prefab using Guid(9f063c5e5835cbd4b8dc54a6c0b45db4) Importer(2089858483,192608db42251d675da83286b1cce702) (ScriptedImporter) -> (artifact id: 'a49a4a32bbc75095cc9d0d3bb3564788') in 0.010766 seconds
Number of updated asset objects reloaded before import = 0Number of asset objects unloaded after import = 8

========================================================================
Received Import Request.
  Time since last request: 0.000038 seconds.
  path: Assets/Course Library/Animals/Forest/Animal_Doe_02.prefab
  artifactKey: Guid(2fdf2b8525a6fa54ba867925b16564e3) Importer(2089858483,192608db42251d675da83286b1cce702)
Start importing Assets/Course Library/Animals/Forest/Animal_Doe_02.prefab using Guid(2fdf2b8525a6fa54ba867925b16564e3) Importer(2089858483,192608db42251d675da83286b1cce702) (ScriptedImporter) -> (artifact id: 'd2811585bebebb7bf3bcbf7ca402074d') in 0.0204426 seconds
Number of updated asset objects reloaded before import = 0Number of asset objects unloaded after import = 57

========================================================================
Received Import Request.
  Time since last request: 0.000019 seconds.
  path: Assets/Course Library/Food/Food_Banana_01.prefab
  artifactKey: Guid(84cd279dfc9ea0a4b8564030182915fa) Importer(2089858483,192608db42251d675da83286b1cce702)
Start importing Assets/Course Library/Food/Food_Banana_01.prefab using Guid(84cd279dfc9ea0a4b8564030182915fa) Importer(2089858483,192608db42251d675da83286b1cce702) (ScriptedImporter) -> (artifact id: '6f361b8e88027c28ff8f511925cae71d') in 0.0162312 seconds
Number of updated asset objects reloaded before import = 0Number of asset objects unloaded after import = 8

========================================================================
Received Import Request.
  Time since last request: 0.000031 seconds.
  path: Assets/Course Library/Animals/Forest/Animal_Fox_02.prefab
  artifactKey: Guid(d08ba223a91fb3440afcbed27fafa936) Importer(2089858483,192608db42251d675da83286b1cce702)
Start importing Assets/Course Library/Animals/Forest/Animal_Fox_02.prefab using Guid(d08ba223a91fb3440afcbed27fafa936) Importer(2089858483,192608db42251d675da83286b1cce702) (ScriptedImporter) -> (artifact id: 'ad42927dd6debed5b950cb5b469a37cf') in 0.0225537 seconds
Number of updated asset objects reloaded before import = 0Number of asset objects unloaded after import = 65

========================================================================
Received Import Request.
  Time since last request: 0.000043 seconds.
  path: Assets/Course Library/Animals/Farm/Animal_Cow_Brown.prefab
  artifactKey: Guid(50f1d192ccb21a24b95a7e4e403a9bb5) Importer(2089858483,192608db42251d675da83286b1cce702)
Start importing Assets/Course Library/Animals/Farm/Animal_Cow_Brown.prefab using Guid(50f1d192ccb21a24b95a7e4e403a9bb5) Importer(2089858483,192608db42251d675da83286b1cce702) (ScriptedImporter) -> (artifact id: 'a656bd642425fed17b80567083351137') in 0.021288 seconds
Number of updated asset objects reloaded before import = 0Number of asset objects unloaded after import = 123

========================================================================
Received Import Request.
  Time since last request: 0.000028 seconds.
  path: Assets/Prefabs/Food_Pizza_01.prefab
  artifactKey: Guid(18911331eb7943a4ca432a8dc7a95177) Importer(2089858483,192608db42251d675da83286b1cce702)
Start importing Assets/Prefabs/Food_Pizza_01.prefab using Guid(18911331eb7943a4ca432a8dc7a95177) Importer(2089858483,192608db42251d675da83286b1cce702) (ScriptedImporter) -> (artifact id: '5eeee5363d580929f5b730d33e01cabc') in 0.0290658 seconds
Number of updated asset objects reloaded before import = 0Number of asset objects unloaded after import = 13

========================================================================
Received Import Request.
  Time since last request: 0.000025 seconds.
  path: Assets/Course Library/Materials/Material_Gravel.mat
  artifactKey: Guid(238e68fd68e894d1fa27387d26f026f0) Importer(2089858483,192608db42251d675da83286b1cce702)
Start importing Assets/Course Library/Materials/Material_Gravel.mat using Guid(238e68fd68e894d1fa27387d26f026f0) Importer(2089858483,192608db42251d675da83286b1cce702) (ScriptedImporter) -> (artifact id: '827a0034156ac5f11da5ca1a7a65db43') in 0.0087725 seconds
Number of updated asset objects reloaded before import = 0Number of asset objects unloaded after import = 2

========================================================================
Received Import Request.
  Time since last request: 0.000026 seconds.
  path: Assets/Course Library/_Source_Files/FBX/SI_Food_Organic_Pear_02.fbx
  artifactKey: Guid(fac3f861a349d484a91061b9ed7aa40d) Importer(2089858483,192608db42251d675da83286b1cce702)
Start importing Assets/Course Library/_Source_Files/FBX/SI_Food_Organic_Pear_02.fbx using Guid(fac3f861a349d484a91061b9ed7aa40d) Importer(2089858483,192608db42251d675da83286b1cce702) (ScriptedImporter) -> (artifact id: 'd3492d3a59fad1b93fb5534dccacdb42') in 0.0204952 seconds
Number of updated asset objects reloaded before import = 0Number of asset objects unloaded after import = 7

========================================================================
Received Import Request.
  Time since last request: 0.000025 seconds.
  path: Assets/Scripts/DestroyOutOfBounds.cs
  artifactKey: Guid(23765218b498a2642aa2c4d2ed15cad7) Importer(2089858483,192608db42251d675da83286b1cce702)
Start importing Assets/Scripts/DestroyOutOfBounds.cs using Guid(23765218b498a2642aa2c4d2ed15cad7) Importer(2089858483,192608db42251d675da83286b1cce702) (ScriptedImporter) -> (artifact id: '147ab031e9c3e1f1e906245f7234b316') in 0.0103422 seconds
Number of updated asset objects reloaded before import = 0Number of asset objects unloaded after import = 0

========================================================================
Received Import Request.
  Time since last request: 0.000032 seconds.
  path: Assets/Course Library/_Source_Files/Materials/SimpleFarmer_FarmersWife_Black.mat
  artifactKey: Guid(f98c6192bf2545644bb912bfaf19f832) Importer(2089858483,192608db42251d675da83286b1cce702)
Start importing Assets/Course Library/_Source_Files/Materials/SimpleFarmer_FarmersWife_Black.mat using Guid(f98c6192bf2545644bb912bfaf19f832) Importer(2089858483,192608db42251d675da83286b1cce702) (ScriptedImporter) -> (artifact id: 'fa7102dc4adaf208cba5ebf1624be90c') in 0.0092391 seconds
Number of updated asset objects reloaded before import = 0Number of asset objects unloaded after import = 3

========================================================================
Received Import Request.
  Time since last request: 0.000022 seconds.
  path: Assets/Course Library/_Source_Files/Textures/SimpleFarmer_Farmer_White.png
  artifactKey: Guid(b5439d586ec428a40aef081b40d65655) Importer(2089858483,192608db42251d675da83286b1cce702)
Start importing Assets/Course Library/_Source_Files/Textures/SimpleFarmer_Farmer_White.png using Guid(b5439d586ec428a40aef081b40d65655) Importer(2089858483,192608db42251d675da83286b1cce702) (ScriptedImporter) -> (artifact id: '34824570958e5161f57cdfeb21e32430') in 0.0127797 seconds
Number of updated asset objects reloaded before import = 0Number of asset objects unloaded after import = 1

========================================================================
Received Import Request.
  Time since last request: 0.000021 seconds.
  path: Assets/Course Library/_Source_Files/Materials/Gray.mat
  artifactKey: Guid(755a8ab3a8f607b4eb3106d48b449755) Importer(2089858483,192608db42251d675da83286b1cce702)
Start importing Assets/Course Library/_Source_Files/Materials/Gray.mat using Guid(755a8ab3a8f607b4eb3106d48b449755) Importer(2089858483,192608db42251d675da83286b1cce702) (ScriptedImporter) -> (artifact id: '01a195e01c09da6b465bf6a9a49ed8ea') in 0.0065266 seconds
Number of updated asset objects reloaded before import = 0Number of asset objects unloaded after import = 1

========================================================================
Received Import Request.
  Time since last request: 0.000023 seconds.
  path: Assets/Course Library/Animals/Farm/Animal_Horse_Brown.prefab
  artifactKey: Guid(68a45bf17ac566545b70a13c90a7ee65) Importer(2089858483,192608db42251d675da83286b1cce702)
Start importing Assets/Course Library/Animals/Farm/Animal_Horse_Brown.prefab using Guid(68a45bf17ac566545b70a13c90a7ee65) Importer(2089858483,192608db42251d675da83286b1cce702) (ScriptedImporter) -> (artifact id: '95530b857e2a8ac7b270bb5233eac472') in 0.0194847 seconds
Number of updated asset objects reloaded before import = 0Number of asset objects unloaded after import = 123

========================================================================
Received Import Request.
  Time since last request: 0.000028 seconds.
  path: Assets/Course Library/Humans/SimpleFarmer_Man_02_White.prefab
  artifactKey: Guid(7b6675de545141649953fd8adec4561b) Importer(2089858483,192608db42251d675da83286b1cce702)
Start importing Assets/Course Library/Humans/SimpleFarmer_Man_02_White.prefab using Guid(7b6675de545141649953fd8adec4561b) Importer(2089858483,192608db42251d675da83286b1cce702) (ScriptedImporter) -> (artifact id: 'd53056bd01b863f4a118bd88c34a4b21') in 0.0407244 seconds
Number of updated asset objects reloaded before import = 0Number of asset objects unloaded after import = 219

========================================================================
Received Import Request.
  Time since last request: 43.914917 seconds.
  path: Assets/Challenge 2/_Source_Files/Materials/Grey.mat
  artifactKey: Guid(26447b861ecd94182ae1c7065cd65858) Importer(2089858483,192608db42251d675da83286b1cce702)
Start importing Assets/Challenge 2/_Source_Files/Materials/Grey.mat using Guid(26447b861ecd94182ae1c7065cd65858) Importer(2089858483,192608db42251d675da83286b1cce702) (ScriptedImporter) -> (artifact id: '4796db10b0c47f9d6f3dccc7d48e0888') in 0.0069271 seconds
Number of updated asset objects reloaded before import = 0Number of asset objects unloaded after import = 1

========================================================================
Received Import Request.
  Time since last request: 13.501508 seconds.
  path: Assets/Course Library/_Source_Files/Materials/SimpleDogs.mat
  artifactKey: Guid(5a3559dc71a3dee46a71f5627f48bb36) Importer(2089858483,192608db42251d675da83286b1cce702)
Start importing Assets/Course Library/_Source_Files/Materials/SimpleDogs.mat using Guid(5a3559dc71a3dee46a71f5627f48bb36) Importer(2089858483,192608db42251d675da83286b1cce702) (ScriptedImporter) -> (artifact id: 'dcadf436fd509147e437b8de404084f1') in 0.0106626 seconds
Number of updated asset objects reloaded before import = 0Number of asset objects unloaded after import = 2

========================================================================
Received Import Request.
  Time since last request: 0.000033 seconds.
  path: Assets/Course Library/_Source_Files/Materials/SimpleFarmer_Farmer_Black.mat
  artifactKey: Guid(4ffb04dab08f3bc46b4bae49c8873e63) Importer(2089858483,192608db42251d675da83286b1cce702)
Start importing Assets/Course Library/_Source_Files/Materials/SimpleFarmer_Farmer_Black.mat using Guid(4ffb04dab08f3bc46b4bae49c8873e63) Importer(2089858483,192608db42251d675da83286b1cce702) (ScriptedImporter) -> (artifact id: '34ff13722cf26c0c6cc260007ed7ce05') in 0.0086832 seconds
Number of updated asset objects reloaded before import = 0Number of asset objects unloaded after import = 2

========================================================================
Received Import Request.
  Time since last request: 0.000017 seconds.
  path: Assets/Challenge 2/Challenge 2.unity
  artifactKey: Guid(f695fe0c51d8449d2b49648dad174255) Importer(2089858483,192608db42251d675da83286b1cce702)
Start importing Assets/Challenge 2/Challenge 2.unity using Guid(f695fe0c51d8449d2b49648dad174255) Importer(2089858483,192608db42251d675da83286b1cce702) (ScriptedImporter) -> (artifact id: 'bfd4d3728f4d145f05540bef37b20869') in 0.0077288 seconds
Number of updated asset objects reloaded before import = 0Number of asset objects unloaded after import = 1

========================================================================
Received Import Request.
  Time since last request: 0.000026 seconds.
  path: Assets/Course Library/Materials/Material_Grass.mat
  artifactKey: Guid(42b224efc5a8c4863a87e224a72bb1ea) Importer(2089858483,192608db42251d675da83286b1cce702)
Start importing Assets/Course Library/Materials/Material_Grass.mat using Guid(42b224efc5a8c4863a87e224a72bb1ea) Importer(2089858483,192608db42251d675da83286b1cce702) (ScriptedImporter) -> (artifact id: '9b18fa0c2fd5508d8e6281932d22c709') in 0.0113604 seconds
Number of updated asset objects reloaded before import = 0Number of asset objects unloaded after import = 2

========================================================================
Received Import Request.
  Time since last request: 2.039533 seconds.
  path: Assets/Challenge 2/Challenge 2/LightingData.asset
  artifactKey: Guid(42a88779e09337d42af7861be65315c3) Importer(2089858483,192608db42251d675da83286b1cce702)
Start importing Assets/Challenge 2/Challenge 2/LightingData.asset using Guid(42a88779e09337d42af7861be65315c3) Importer(2089858483,192608db42251d675da83286b1cce702) (ScriptedImporter) -> (artifact id: '229f7611c3cf665ba3a278676bd4b922') in 0.0087056 seconds
Number of updated asset objects reloaded before import = 0Number of asset objects unloaded after import = 2

========================================================================
Received Import Request.
  Time since last request: 100.156327 seconds.
  path: Assets/Course Library/_Source_Files/Materials/SimpleForestAnimals.mat
  artifactKey: Guid(a47734c228690c7408645b04cd1a2550) Importer(2089858483,192608db42251d675da83286b1cce702)
Start importing Assets/Course Library/_Source_Files/Materials/SimpleForestAnimals.mat using Guid(a47734c228690c7408645b04cd1a2550) Importer(2089858483,192608db42251d675da83286b1cce702) (ScriptedImporter) -> (artifact id: '7b0460454aeb1a321dc483b11d087c0a') in 0.0101434 seconds
Number of updated asset objects reloaded before import = 0Number of asset objects unloaded after import = 2

========================================================================
Received Import Request.
  Time since last request: 0.000056 seconds.
  path: Assets/Course Library/_Source_Files/FBX/Materials/lambert1.mat
  artifactKey: Guid(2bb4563451410d843b59ae22f11689d5) Importer(2089858483,192608db42251d675da83286b1cce702)
Start importing Assets/Course Library/_Source_Files/FBX/Materials/lambert1.mat using Guid(2bb4563451410d843b59ae22f11689d5) Importer(2089858483,192608db42251d675da83286b1cce702) (ScriptedImporter) -> (artifact id: '5996828b8544e70c2690e0f9152a939b') in 0.0084339 seconds
Number of updated asset objects reloaded before import = 0Number of asset objects unloaded after import = 1

========================================================================
Received Import Request.
  Time since last request: 0.000039 seconds.
  path: Assets/Course Library/_Source_Files/Materials/SimpleItems.mat
  artifactKey: Guid(dc043a9656f81bc488510dcda2b382ab) Importer(2089858483,192608db42251d675da83286b1cce702)
Start importing Assets/Course Library/_Source_Files/Materials/SimpleItems.mat using Guid(dc043a9656f81bc488510dcda2b382ab) Importer(2089858483,192608db42251d675da83286b1cce702) (ScriptedImporter) -> (artifact id: '3864673a1c2161f499faa46ab085c51b') in 0.009188 seconds
Number of updated asset objects reloaded before import = 0Number of asset objects unloaded after import = 2

========================================================================
Received Import Request.
  Time since last request: 3.272374 seconds.
  path: Assets/Scenes/Prototype 2.unity
  artifactKey: Guid(f0196d95ff9244ffaa65879ba7824fd4) Importer(815301076,1909f56bfc062723c751e8b465ee728b)
Start importing Assets/Scenes/Prototype 2.unity using Guid(f0196d95ff9244ffaa65879ba7824fd4) Importer(815301076,1909f56bfc062723c751e8b465ee728b) (PreviewImporter) -> (artifact id: '15ab405378a608c23386bdbe67f77a69') in 0.0010836 seconds
Number of updated asset objects reloaded before import = 0Number of asset objects unloaded after import = 0

========================================================================
Received Import Request.
  Time since last request: 53.208332 seconds.
  path: Assets/Challenge 2/_Source_Files
  artifactKey: Guid(e1ef275812623405aad5ee3011025572) Importer(815301076,1909f56bfc062723c751e8b465ee728b)
Start importing Assets/Challenge 2/_Source_Files using Guid(e1ef275812623405aad5ee3011025572) Importer(815301076,1909f56bfc062723c751e8b465ee728b) (PreviewImporter) -> (artifact id: '306558148155a8958d66f1282d4b80c4') in 0.0006307 seconds
Number of updated asset objects reloaded before import = 0Number of asset objects unloaded after import = 0

========================================================================
Received Import Request.
  Time since last request: 0.756070 seconds.
  path: Assets/Challenge 2/_Source_Files/Materials
  artifactKey: Guid(ac11dcd5cd1864076a46f4bdfc40f6c0) Importer(815301076,1909f56bfc062723c751e8b465ee728b)
Start importing Assets/Challenge 2/_Source_Files/Materials using Guid(ac11dcd5cd1864076a46f4bdfc40f6c0) Importer(815301076,1909f56bfc062723c751e8b465ee728b) (PreviewImporter) -> (artifact id: '6c37c3d49e13483be40fb419fb8f7c92') in 0.000709 seconds
Number of updated asset objects reloaded before import = 0Number of asset objects unloaded after import = 0

========================================================================
Received Import Request.
  Time since last request: 0.049099 seconds.
  path: Assets/Challenge 2/_Source_Files/Materials/Blue.mat
  artifactKey: Guid(7f5425c9993564b72a2ad3aece21a0e2) Importer(815301076,1909f56bfc062723c751e8b465ee728b)
Start importing Assets/Challenge 2/_Source_Files/Materials/Blue.mat using Guid(7f5425c9993564b72a2ad3aece21a0e2) Importer(815301076,1909f56bfc062723c751e8b465ee728b) (PreviewImporter) -> (artifact id: '984f9bd193ea9e8419d8d97c2b09788f') in 0.9129904 seconds
Number of updated asset objects reloaded before import = 0Number of asset objects unloaded after import = 2

========================================================================
Received Import Request.
  Time since last request: 0.000042 seconds.
  path: Assets/Challenge 2/_Source_Files/Materials/Red.mat
  artifactKey: Guid(dd894113d526c4e238cb54c9234b45bd) Importer(815301076,1909f56bfc062723c751e8b465ee728b)
Start importing Assets/Challenge 2/_Source_Files/Materials/Red.mat using Guid(dd894113d526c4e238cb54c9234b45bd) Importer(815301076,1909f56bfc062723c751e8b465ee728b) (PreviewImporter) -> (artifact id: '301797b29b50f785cc8c1bf649590b17') in 0.0113048 seconds
Number of updated asset objects reloaded before import = 0Number of asset objects unloaded after import = 1

========================================================================
Received Import Request.
  Time since last request: 28.495918 seconds.
  path: Assets/Course Library/_Source_Files
  artifactKey: Guid(72f1805f9e4054127a65d3cab3ea01c4) Importer(815301076,1909f56bfc062723c751e8b465ee728b)
Start importing Assets/Course Library/_Source_Files using Guid(72f1805f9e4054127a65d3cab3ea01c4) Importer(815301076,1909f56bfc062723c751e8b465ee728b) (PreviewImporter) -> (artifact id: 'e61eb76d2cedbc5edd9bb6f7188b1068') in 0.0006488 seconds
Number of updated asset objects reloaded before import = 0Number of asset objects unloaded after import = 0

========================================================================
Received Import Request.
  Time since last request: 1.041408 seconds.
  path: Assets/Course Library/_Source_Files/Materials
  artifactKey: Guid(cae1eba99baa74f6798681ead2575395) Importer(815301076,1909f56bfc062723c751e8b465ee728b)
Start importing Assets/Course Library/_Source_Files/Materials using Guid(cae1eba99baa74f6798681ead2575395) Importer(815301076,1909f56bfc062723c751e8b465ee728b) (PreviewImporter) -> (artifact id: '8e336b179be058b4e6d135b8e91add27') in 0.0008538 seconds
Number of updated asset objects reloaded before import = 0Number of asset objects unloaded after import = 0

========================================================================
Received Import Request.
  Time since last request: 0.216436 seconds.
  path: Assets/Course Library/_Source_Files/Materials/Black.mat
  artifactKey: Guid(3cb7a01022a204b6d871219becaca1ae) Importer(815301076,1909f56bfc062723c751e8b465ee728b)
Start importing Assets/Course Library/_Source_Files/Materials/Black.mat using Guid(3cb7a01022a204b6d871219becaca1ae) Importer(815301076,1909f56bfc062723c751e8b465ee728b) (PreviewImporter) -> (artifact id: 'e61e6bbd7e67470f6cfe3eb7b8e50521') in 0.0824335 seconds
Number of updated asset objects reloaded before import = 0Number of asset objects unloaded after import = 1

========================================================================
Received Import Request.
  Time since last request: 0.000036 seconds.
  path: Assets/Course Library/_Source_Files/Materials/SimpleShopInteriors.mat
  artifactKey: Guid(b243f1f84ea457945900d7c80e573112) Importer(815301076,1909f56bfc062723c751e8b465ee728b)
Start importing Assets/Course Library/_Source_Files/Materials/SimpleShopInteriors.mat using Guid(b243f1f84ea457945900d7c80e573112) Importer(815301076,1909f56bfc062723c751e8b465ee728b) (PreviewImporter) -> (artifact id: '275027298268054745f2f03d87cbac5d') in 0.0132574 seconds
Number of updated asset objects reloaded before import = 0Number of asset objects unloaded after import = 2

========================================================================
Received Import Request.
  Time since last request: 0.000035 seconds.
  path: Assets/Course Library/_Source_Files/Materials/SimpleFarmer_Farmer_White.mat
  artifactKey: Guid(76856409e42797647857f1675c1b6ef9) Importer(815301076,1909f56bfc062723c751e8b465ee728b)
Start importing Assets/Course Library/_Source_Files/Materials/SimpleFarmer_Farmer_White.mat using Guid(76856409e42797647857f1675c1b6ef9) Importer(815301076,1909f56bfc062723c751e8b465ee728b) (PreviewImporter) -> (artifact id: '242728ef2dd58d28cd30432bf8752aab') in 0.0130072 seconds
Number of updated asset objects reloaded before import = 0Number of asset objects unloaded after import = 3

========================================================================
Received Import Request.
  Time since last request: 0.000027 seconds.
  path: Assets/Course Library/_Source_Files/Materials/SimpleFarmer_FarmersWife_Brown.mat
  artifactKey: Guid(dea8da5c59fb63f43bdae7f3ae6f83e9) Importer(815301076,1909f56bfc062723c751e8b465ee728b)
Start importing Assets/Course Library/_Source_Files/Materials/SimpleFarmer_FarmersWife_Brown.mat using Guid(dea8da5c59fb63f43bdae7f3ae6f83e9) Importer(815301076,1909f56bfc062723c751e8b465ee728b) (PreviewImporter) -> (artifact id: '0d48eb192dc979d983f181282802ed5c') in 0.0152869 seconds
Number of updated asset objects reloaded before import = 0Number of asset objects unloaded after import = 3

========================================================================
Received Import Request.
  Time since last request: 0.000039 seconds.
  path: Assets/Course Library/_Source_Files/Materials/SimpleFarmer_FarmersDaughter_Brown.mat
  artifactKey: Guid(cc347604e888272408e91697907628e5) Importer(815301076,1909f56bfc062723c751e8b465ee728b)
Start importing Assets/Course Library/_Source_Files/Materials/SimpleFarmer_FarmersDaughter_Brown.mat using Guid(cc347604e888272408e91697907628e5) Importer(815301076,1909f56bfc062723c751e8b465ee728b) (PreviewImporter) -> (artifact id: '7f67df96eb31b256e228fc88b357878c') in 0.0148393 seconds
Number of updated asset objects reloaded before import = 0Number of asset objects unloaded after import = 3

========================================================================
Received Import Request.
  Time since last request: 0.000028 seconds.
  path: Assets/Course Library/_Source_Files/Materials/SimpleFarmer_FarmersWife_White.mat
  artifactKey: Guid(94bc80c9a69c60e40a7f3e87548db65e) Importer(815301076,1909f56bfc062723c751e8b465ee728b)
Start importing Assets/Course Library/_Source_Files/Materials/SimpleFarmer_FarmersWife_White.mat using Guid(94bc80c9a69c60e40a7f3e87548db65e) Importer(815301076,1909f56bfc062723c751e8b465ee728b) (PreviewImporter) -> (artifact id: 'c67b3a0d0d375f2aeb3e579d9fd9c448') in 0.014183 seconds
Number of updated asset objects reloaded before import = 0Number of asset objects unloaded after import = 3

========================================================================
Received Import Request.
  Time since last request: 0.000023 seconds.
  path: Assets/Course Library/_Source_Files/Materials/SimpleFarmer_Farmer_Brown.mat
  artifactKey: Guid(d4f57b669d9639544b1d50ba3f22dbe4) Importer(815301076,1909f56bfc062723c751e8b465ee728b)
Start importing Assets/Course Library/_Source_Files/Materials/SimpleFarmer_Farmer_Brown.mat using Guid(d4f57b669d9639544b1d50ba3f22dbe4) Importer(815301076,1909f56bfc062723c751e8b465ee728b) (PreviewImporter) -> (artifact id: 'a2bf178f2e81dfc5cf6ab6a4b01cfe6c') in 0.014178 seconds
Number of updated asset objects reloaded before import = 0Number of asset objects unloaded after import = 3

========================================================================
Received Import Request.
  Time since last request: 0.000028 seconds.
  path: Assets/Course Library/_Source_Files/Materials/SimpleDogs.mat
  artifactKey: Guid(5a3559dc71a3dee46a71f5627f48bb36) Importer(815301076,1909f56bfc062723c751e8b465ee728b)
Start importing Assets/Course Library/_Source_Files/Materials/SimpleDogs.mat using Guid(5a3559dc71a3dee46a71f5627f48bb36) Importer(815301076,1909f56bfc062723c751e8b465ee728b) (PreviewImporter) -> (artifact id: '4f19c43d4448ce758ba84f2409795148') in 0.0158023 seconds
Number of updated asset objects reloaded before import = 0Number of asset objects unloaded after import = 2

========================================================================
Received Import Request.
  Time since last request: 0.000045 seconds.
  path: Assets/Course Library/_Source_Files/Materials/SimpleFarmer_Farmer_Black.mat
  artifactKey: Guid(4ffb04dab08f3bc46b4bae49c8873e63) Importer(815301076,1909f56bfc062723c751e8b465ee728b)
Start importing Assets/Course Library/_Source_Files/Materials/SimpleFarmer_Farmer_Black.mat using Guid(4ffb04dab08f3bc46b4bae49c8873e63) Importer(815301076,1909f56bfc062723c751e8b465ee728b) (PreviewImporter) -> (artifact id: '8053b8917a3012f74a5343ae75933760') in 0.0136071 seconds
Number of updated asset objects reloaded before import = 0Number of asset objects unloaded after import = 3

========================================================================
Received Import Request.
  Time since last request: 0.000047 seconds.
  path: Assets/Course Library/_Source_Files/Materials/SimpleForestAnimals.mat
  artifactKey: Guid(a47734c228690c7408645b04cd1a2550) Importer(815301076,1909f56bfc062723c751e8b465ee728b)
Start importing Assets/Course Library/_Source_Files/Materials/SimpleForestAnimals.mat using Guid(a47734c228690c7408645b04cd1a2550) Importer(815301076,1909f56bfc062723c751e8b465ee728b) (PreviewImporter) -> (artifact id: 'd630783145ec5ed0fb1e433d1ef6d019') in 0.0134382 seconds
Number of updated asset objects reloaded before import = 0Number of asset objects unloaded after import = 2

========================================================================
Received Import Request.
  Time since last request: 46.350156 seconds.
  path: Assets/Course Library/_Source_Files/Materials/Black 1.mat
  artifactKey: Guid(f74f52ea0ac0d494c9f1c18bdfbb0ba8) Importer(815301076,1909f56bfc062723c751e8b465ee728b)
Start importing Assets/Course Library/_Source_Files/Materials/Black 1.mat using Guid(f74f52ea0ac0d494c9f1c18bdfbb0ba8) Importer(815301076,1909f56bfc062723c751e8b465ee728b) (PreviewImporter) -> (artifact id: '98c22f80f82d4b9d5aff9a193ee11281') in 0.0166537 seconds
Number of updated asset objects reloaded before import = 0Number of asset objects unloaded after import = 1

========================================================================
Received Import Request.
  Time since last request: 0.902752 seconds.
  path: Assets/Course Library/_Source_Files/Materials/Gray.mat
  artifactKey: Guid(755a8ab3a8f607b4eb3106d48b449755) Importer(2089858483,192608db42251d675da83286b1cce702)
Start importing Assets/Course Library/_Source_Files/Materials/Gray.mat using Guid(755a8ab3a8f607b4eb3106d48b449755) Importer(2089858483,192608db42251d675da83286b1cce702) (ScriptedImporter) -> (artifact id: '00979ef54942fc02fcdc707a3b4eb1d1') in 0.015313 seconds
Number of updated asset objects reloaded before import = 0Number of asset objects unloaded after import = 1

========================================================================
Received Import Request.
  Time since last request: 5.877506 seconds.
  path: Assets/Course Library/_Source_Files/Materials/White.mat
  artifactKey: Guid(f74f52ea0ac0d494c9f1c18bdfbb0ba8) Importer(815301076,1909f56bfc062723c751e8b465ee728b)
Start importing Assets/Course Library/_Source_Files/Materials/White.mat using Guid(f74f52ea0ac0d494c9f1c18bdfbb0ba8) Importer(815301076,1909f56bfc062723c751e8b465ee728b) (PreviewImporter) -> (artifact id: '57c36d8630acf77c611f3fcb6cf8e752') in 0.0120886 seconds
Number of updated asset objects reloaded before import = 0Number of asset objects unloaded after import = 1

========================================================================
Received Import Request.
  Time since last request: 0.883723 seconds.
  path: Assets/Course Library/_Source_Files/Materials/White.mat
  artifactKey: Guid(f74f52ea0ac0d494c9f1c18bdfbb0ba8) Importer(2089858483,192608db42251d675da83286b1cce702)
Start importing Assets/Course Library/_Source_Files/Materials/White.mat using Guid(f74f52ea0ac0d494c9f1c18bdfbb0ba8) Importer(2089858483,192608db42251d675da83286b1cce702) (ScriptedImporter) -> (artifact id: '8a9ca8cbbd136dffbc20f4b5753fcae3') in 0.0075487 seconds
Number of updated asset objects reloaded before import = 0Number of asset objects unloaded after import = 1

========================================================================
Received Import Request.
  Time since last request: 18.006109 seconds.
  path: Assets/Course Library/_Source_Files/Materials/White.mat
  artifactKey: Guid(f74f52ea0ac0d494c9f1c18bdfbb0ba8) Importer(815301076,1909f56bfc062723c751e8b465ee728b)
Start importing Assets/Course Library/_Source_Files/Materials/White.mat using Guid(f74f52ea0ac0d494c9f1c18bdfbb0ba8) Importer(815301076,1909f56bfc062723c751e8b465ee728b) (PreviewImporter) -> (artifact id: '1373b2024cbdc5856bbe4309d6f53d69') in 0.0164825 seconds
Number of updated asset objects reloaded before import = 0Number of asset objects unloaded after import = 1

========================================================================
Received Import Request.
  Time since last request: 0.827758 seconds.
  path: Assets/Course Library/_Source_Files/Materials/White.mat
  artifactKey: Guid(f74f52ea0ac0d494c9f1c18bdfbb0ba8) Importer(2089858483,192608db42251d675da83286b1cce702)
Start importing Assets/Course Library/_Source_Files/Materials/White.mat using Guid(f74f52ea0ac0d494c9f1c18bdfbb0ba8) Importer(2089858483,192608db42251d675da83286b1cce702) (ScriptedImporter) -> (artifact id: 'dbee93f47a320d92699df5738ccf7fef') in 0.0084373 seconds
Number of updated asset objects reloaded before import = 0Number of asset objects unloaded after import = 1

========================================================================
Received Prepare
Begin MonoManager ReloadAssembly
- Loaded All Assemblies, in  1.501 seconds
Refreshing native plugins compatible for Editor in 1.21 ms, found 3 plugins.
Native extension for WindowsStandalone target not found
Mono: successfully reloaded assembly
- Finished resetting the current domain, in  1.256 seconds
Domain Reload Profiling: 2750ms
	BeginReloadAssembly (492ms)
		ExecutionOrderSort (0ms)
		DisableScriptedObjects (44ms)
		BackupInstance (0ms)
		ReleaseScriptingObjects (0ms)
		CreateAndSetChildDomain (145ms)
	RebuildCommonClasses (89ms)
	RebuildNativeTypeToScriptingClass (35ms)
	initialDomainReloadingComplete (66ms)
	LoadAllAssembliesAndSetupDomain (813ms)
		LoadAssemblies (729ms)
		RebuildTransferFunctionScriptingTraits (0ms)
		AnalyzeDomain (312ms)
			TypeCache.Refresh (9ms)
				TypeCache.ScanAssembly (0ms)
			BuildScriptInfoCaches (281ms)
			ResolveRequiredComponents (18ms)
	FinalizeReload (1257ms)
		ReleaseScriptCaches (0ms)
		RebuildScriptCaches (0ms)
		SetupLoadedEditorAssemblies (927ms)
			LogAssemblyErrors (0ms)
			InitializePlatformSupportModulesInManaged (4ms)
			SetLoadedEditorAssemblies (8ms)
			BeforeProcessingInitializeOnLoad (198ms)
			ProcessInitializeOnLoadAttributes (608ms)
			ProcessInitializeOnLoadMethodAttributes (97ms)
			AfterProcessingInitializeOnLoad (12ms)
			EditorAssembliesLoaded (0ms)
		ExecutionOrderSort2 (0ms)
		AwakeInstancesAfterBackupRestoration (25ms)
Refreshing native plugins compatible for Editor in 1.91 ms, found 3 plugins.
Preloading 0 native plugins for Editor in 0.00 ms.
Unloading 34 Unused Serialized files (Serialized files now loaded: 0)
Unloading 5959 unused Assets / (6.9 MB). Loaded Objects now: 6714.
Memory consumption went from 163.5 MB to 156.7 MB.
Total: 19.449100 ms (FindLiveObjects: 1.374500 ms CreateObjectMapping: 1.568700 ms MarkObjects: 9.919600 ms  DeleteObjects: 6.584700 ms)

Prepare: number of updated asset objects reloaded= 0
========================================================================
Received Import Request.
  Time since last request: 221.686503 seconds.
  path: Assets/Challenge 2/Scripts
  artifactKey: Guid(5cd144082593e4cfab84c2ab71c641aa) Importer(815301076,1909f56bfc062723c751e8b465ee728b)
Start importing Assets/Challenge 2/Scripts using Guid(5cd144082593e4cfab84c2ab71c641aa) Importer(815301076,1909f56bfc062723c751e8b465ee728b) (PreviewImporter) -> (artifact id: '81cfefa9edace39c6e252ac8cb58f795') in 0.0068175 seconds
Number of updated asset objects reloaded before import = 0Number of asset objects unloaded after import = 0

========================================================================
Received Import Request.
  Time since last request: 8.919538 seconds.
  path: Assets/Challenge 2/Scripts/SpawnManagerX.cs
  artifactKey: Guid(745c25f6adc3b4804961d8389a1a74fa) Importer(815301076,1909f56bfc062723c751e8b465ee728b)
Start importing Assets/Challenge 2/Scripts/SpawnManagerX.cs using Guid(745c25f6adc3b4804961d8389a1a74fa) Importer(815301076,1909f56bfc062723c751e8b465ee728b) (PreviewImporter) -> (artifact id: '3f2196881230d20e2338157e5b49baff') in 0.0014671 seconds
Number of updated asset objects reloaded before import = 0Number of asset objects unloaded after import = 0

========================================================================
Received Prepare
Begin MonoManager ReloadAssembly
- Loaded All Assemblies, in  1.509 seconds
Refreshing native plugins compatible for Editor in 1.81 ms, found 3 plugins.
Native extension for WindowsStandalone target not found
Mono: successfully reloaded assembly
- Finished resetting the current domain, in  1.452 seconds
Domain Reload Profiling: 2960ms
	BeginReloadAssembly (421ms)
		ExecutionOrderSort (0ms)
		DisableScriptedObjects (17ms)
		BackupInstance (0ms)
		ReleaseScriptingObjects (0ms)
		CreateAndSetChildDomain (84ms)
	RebuildCommonClasses (96ms)
	RebuildNativeTypeToScriptingClass (35ms)
	initialDomainReloadingComplete (66ms)
	LoadAllAssembliesAndSetupDomain (890ms)
		LoadAssemblies (705ms)
		RebuildTransferFunctionScriptingTraits (0ms)
		AnalyzeDomain (423ms)
			TypeCache.Refresh (17ms)
				TypeCache.ScanAssembly (0ms)
			BuildScriptInfoCaches (380ms)
			ResolveRequiredComponents (21ms)
	FinalizeReload (1452ms)
		ReleaseScriptCaches (0ms)
		RebuildScriptCaches (0ms)
		SetupLoadedEditorAssemblies (1053ms)
			LogAssemblyErrors (0ms)
			InitializePlatformSupportModulesInManaged (6ms)
			SetLoadedEditorAssemblies (9ms)
			BeforeProcessingInitializeOnLoad (198ms)
			ProcessInitializeOnLoadAttributes (703ms)
			ProcessInitializeOnLoadMethodAttributes (117ms)
			AfterProcessingInitializeOnLoad (19ms)
			EditorAssembliesLoaded (0ms)
		ExecutionOrderSort2 (0ms)
		AwakeInstancesAfterBackupRestoration (34ms)
Refreshing native plugins compatible for Editor in 1.37 ms, found 3 plugins.
Preloading 0 native plugins for Editor in 0.00 ms.
Unloading 34 Unused Serialized files (Serialized files now loaded: 0)
Unloading 5957 unused Assets / (6.0 MB). Loaded Objects now: 6716.
Memory consumption went from 163.4 MB to 157.4 MB.
Total: 19.141900 ms (FindLiveObjects: 1.416800 ms CreateObjectMapping: 1.363100 ms MarkObjects: 11.137500 ms  DeleteObjects: 5.221900 ms)

Prepare: number of updated asset objects reloaded= 0
========================================================================
Received Import Request.
  Time since last request: 193.275426 seconds.
  path: Assets/Challenge 2/Scripts/SpawnManagerX.cs
  artifactKey: Guid(745c25f6adc3b4804961d8389a1a74fa) Importer(815301076,1909f56bfc062723c751e8b465ee728b)
Start importing Assets/Challenge 2/Scripts/SpawnManagerX.cs using Guid(745c25f6adc3b4804961d8389a1a74fa) Importer(815301076,1909f56bfc062723c751e8b465ee728b) (PreviewImporter) -> (artifact id: '7ca674a016081ca6b0dfb83337b2c37c') in 0.0057721 seconds
Number of updated asset objects reloaded before import = 0Number of asset objects unloaded after import = 0

========================================================================
Received Import Request.
  Time since last request: 9.210604 seconds.
  path: Assets/Challenge 2/Prefabs
  artifactKey: Guid(b6bcb0d0d4a5945c58d509d7535599da) Importer(815301076,1909f56bfc062723c751e8b465ee728b)
Start importing Assets/Challenge 2/Prefabs using Guid(b6bcb0d0d4a5945c58d509d7535599da) Importer(815301076,1909f56bfc062723c751e8b465ee728b) (PreviewImporter) -> (artifact id: '5664d2458a8bb846f9b87933c1803b0c') in 0.0008064 seconds
Number of updated asset objects reloaded before import = 0Number of asset objects unloaded after import = 0

========================================================================
Received Import Request.
  Time since last request: 0.017773 seconds.
  path: Assets/Challenge 2/Prefabs/Ball 1.prefab
  artifactKey: Guid(1d143480adadf43389395930eee2b5cf) Importer(815301076,1909f56bfc062723c751e8b465ee728b)
Start importing Assets/Challenge 2/Prefabs/Ball 1.prefab using Guid(1d143480adadf43389395930eee2b5cf) Importer(815301076,1909f56bfc062723c751e8b465ee728b) (PreviewImporter) -> (artifact id: 'e84d09ee827c29b1bb0f3d61e68afee4') in 0.9591173 seconds
Number of updated asset objects reloaded before import = 0Number of asset objects unloaded after import = 13

========================================================================
Received Import Request.
  Time since last request: 0.000050 seconds.
  path: Assets/Challenge 2/Prefabs/Ball 3.prefab
  artifactKey: Guid(fc41e6839a5494e0cbaea5f0081c271d) Importer(815301076,1909f56bfc062723c751e8b465ee728b)
Start importing Assets/Challenge 2/Prefabs/Ball 3.prefab using Guid(fc41e6839a5494e0cbaea5f0081c271d) Importer(815301076,1909f56bfc062723c751e8b465ee728b) (PreviewImporter) -> (artifact id: '28dee9481b004b6192dd98bdd91442c1') in 0.0136464 seconds
Number of updated asset objects reloaded before import = 0Number of asset objects unloaded after import = 12

========================================================================
Received Prepare
Begin MonoManager ReloadAssembly
- Loaded All Assemblies, in  1.490 seconds
Refreshing native plugins compatible for Editor in 1.27 ms, found 3 plugins.
Native extension for WindowsStandalone target not found
Mono: successfully reloaded assembly
- Finished resetting the current domain, in  1.243 seconds
Domain Reload Profiling: 2729ms
	BeginReloadAssembly (450ms)
		ExecutionOrderSort (0ms)
		DisableScriptedObjects (49ms)
		BackupInstance (0ms)
		ReleaseScriptingObjects (0ms)
		CreateAndSetChildDomain (109ms)
	RebuildCommonClasses (92ms)
	RebuildNativeTypeToScriptingClass (29ms)
	initialDomainReloadingComplete (66ms)
	LoadAllAssembliesAndSetupDomain (849ms)
		LoadAssemblies (656ms)
		RebuildTransferFunctionScriptingTraits (0ms)
		AnalyzeDomain (413ms)
			TypeCache.Refresh (10ms)
				TypeCache.ScanAssembly (0ms)
			BuildScriptInfoCaches (373ms)
			ResolveRequiredComponents (24ms)
	FinalizeReload (1243ms)
		ReleaseScriptCaches (0ms)
		RebuildScriptCaches (0ms)
		SetupLoadedEditorAssemblies (912ms)
			LogAssemblyErrors (0ms)
			InitializePlatformSupportModulesInManaged (4ms)
			SetLoadedEditorAssemblies (7ms)
			BeforeProcessingInitializeOnLoad (191ms)
			ProcessInitializeOnLoadAttributes (599ms)
			ProcessInitializeOnLoadMethodAttributes (101ms)
			AfterProcessingInitializeOnLoad (10ms)
			EditorAssembliesLoaded (0ms)
		ExecutionOrderSort2 (0ms)
		AwakeInstancesAfterBackupRestoration (23ms)
Refreshing native plugins compatible for Editor in 1.74 ms, found 3 plugins.
Preloading 0 native plugins for Editor in 0.00 ms.
Unloading 34 Unused Serialized files (Serialized files now loaded: 0)
Unloading 5957 unused Assets / (7.0 MB). Loaded Objects now: 6739.
Memory consumption went from 167.7 MB to 160.7 MB.
Total: 20.073700 ms (FindLiveObjects: 1.985600 ms CreateObjectMapping: 1.752900 ms MarkObjects: 9.771200 ms  DeleteObjects: 6.562000 ms)

Prepare: number of updated asset objects reloaded= 0
========================================================================
Received Import Request.
  Time since last request: 53.121391 seconds.
  path: Assets/Course Library/Materials/Material_Grass.mat
  artifactKey: Guid(42b224efc5a8c4863a87e224a72bb1ea) Importer(815301076,1909f56bfc062723c751e8b465ee728b)
Start importing Assets/Course Library/Materials/Material_Grass.mat using Guid(42b224efc5a8c4863a87e224a72bb1ea) Importer(815301076,1909f56bfc062723c751e8b465ee728b) (PreviewImporter) -> (artifact id: 'cc7e86e043e84e16d35a328b21e2e188') in 0.7365147 seconds
Number of updated asset objects reloaded before import = 0Number of asset objects unloaded after import = 3

========================================================================
Received Import Request.
  Time since last request: 11.120292 seconds.
  path: Assets/Course Library/_Source_Files/Materials/SimpleDogs.mat
  artifactKey: Guid(5a3559dc71a3dee46a71f5627f48bb36) Importer(815301076,1909f56bfc062723c751e8b465ee728b)
Start importing Assets/Course Library/_Source_Files/Materials/SimpleDogs.mat using Guid(5a3559dc71a3dee46a71f5627f48bb36) Importer(815301076,1909f56bfc062723c751e8b465ee728b) (PreviewImporter) -> (artifact id: '26b67c5e5854704a748408ac0c5e92c8') in 0.016762 seconds
Number of updated asset objects reloaded before import = 0Number of asset objects unloaded after import = 2

========================================================================
Received Import Request.
  Time since last request: 0.967557 seconds.
  path: Assets/Course Library/_Source_Files/Materials/White 2.mat
  artifactKey: Guid(675d64d19dfcc6e42abf7e791ad0534a) Importer(815301076,1909f56bfc062723c751e8b465ee728b)
Start importing Assets/Course Library/_Source_Files/Materials/White 2.mat using Guid(675d64d19dfcc6e42abf7e791ad0534a) Importer(815301076,1909f56bfc062723c751e8b465ee728b) (PreviewImporter) -> (artifact id: '46648f389e96d02b3f0cc6bf3fbc65d0') in 0.0125962 seconds
Number of updated asset objects reloaded before import = 0Number of asset objects unloaded after import = 1

========================================================================
Received Import Request.
  Time since last request: 0.395615 seconds.
  path: Assets/Course Library/_Source_Files/Materials/White 3.mat
  artifactKey: Guid(a9868638d72ae9f4d881e263c87f8a7e) Importer(815301076,1909f56bfc062723c751e8b465ee728b)
Start importing Assets/Course Library/_Source_Files/Materials/White 3.mat using Guid(a9868638d72ae9f4d881e263c87f8a7e) Importer(815301076,1909f56bfc062723c751e8b465ee728b) (PreviewImporter) -> (artifact id: '4328f75124c538ea412e15b1479425d1') in 0.0112198 seconds
Number of updated asset objects reloaded before import = 0Number of asset objects unloaded after import = 1

========================================================================
Received Import Request.
  Time since last request: 8.253032 seconds.
  path: Assets/Course Library/_Source_Files/Materials/Red.mat
  artifactKey: Guid(eebdb848b8d28314da5d38cf82551c5a) Importer(815301076,1909f56bfc062723c751e8b465ee728b)
Start importing Assets/Course Library/_Source_Files/Materials/Red.mat using Guid(eebdb848b8d28314da5d38cf82551c5a) Importer(815301076,1909f56bfc062723c751e8b465ee728b) (PreviewImporter) -> (artifact id: '6adc22be45bbf118e9379e5b537e2b72') in 0.0119327 seconds
Number of updated asset objects reloaded before import = 0Number of asset objects unloaded after import = 1

========================================================================
Received Import Request.
  Time since last request: 19.789839 seconds.
  path: Assets/Course Library/_Source_Files/Materials/Red.mat
  artifactKey: Guid(eebdb848b8d28314da5d38cf82551c5a) Importer(815301076,1909f56bfc062723c751e8b465ee728b)
Start importing Assets/Course Library/_Source_Files/Materials/Red.mat using Guid(eebdb848b8d28314da5d38cf82551c5a) Importer(815301076,1909f56bfc062723c751e8b465ee728b) (PreviewImporter) -> (artifact id: 'fd387200f3997b6967bf3cd7a4813a1c') in 0.0107923 seconds
Number of updated asset objects reloaded before import = 0Number of asset objects unloaded after import = 1

========================================================================
Received Import Request.
  Time since last request: 1.362516 seconds.
  path: Assets/Challenge 2/Prefabs/Ball 3.prefab
  artifactKey: Guid(fc41e6839a5494e0cbaea5f0081c271d) Importer(815301076,1909f56bfc062723c751e8b465ee728b)
Start importing Assets/Challenge 2/Prefabs/Ball 3.prefab using Guid(fc41e6839a5494e0cbaea5f0081c271d) Importer(815301076,1909f56bfc062723c751e8b465ee728b) (PreviewImporter) -> (artifact id: 'e21c7c10c475e15f25fdb04df2944d6c') in 0.0358363 seconds
Number of updated asset objects reloaded before import = 0Number of asset objects unloaded after import = 12

========================================================================
Received Import Request.
  Time since last request: 14.153356 seconds.
  path: Assets/Course Library/_Source_Files/Materials/Green.mat
  artifactKey: Guid(675d64d19dfcc6e42abf7e791ad0534a) Importer(815301076,1909f56bfc062723c751e8b465ee728b)
Start importing Assets/Course Library/_Source_Files/Materials/Green.mat using Guid(675d64d19dfcc6e42abf7e791ad0534a) Importer(815301076,1909f56bfc062723c751e8b465ee728b) (PreviewImporter) -> (artifact id: '53a110355cfc973faa7238390fa8bec5') in 0.0116833 seconds
Number of updated asset objects reloaded before import = 0Number of asset objects unloaded after import = 1

========================================================================
Received Import Request.
  Time since last request: 13.136437 seconds.
  path: Assets/Course Library/_Source_Files/Materials/Green.mat
  artifactKey: Guid(675d64d19dfcc6e42abf7e791ad0534a) Importer(815301076,1909f56bfc062723c751e8b465ee728b)
Start importing Assets/Course Library/_Source_Files/Materials/Green.mat using Guid(675d64d19dfcc6e42abf7e791ad0534a) Importer(815301076,1909f56bfc062723c751e8b465ee728b) (PreviewImporter) -> (artifact id: '5e73d7049fc1d63b497b5e12b4920ffb') in 0.0128515 seconds
Number of updated asset objects reloaded before import = 0Number of asset objects unloaded after import = 1

========================================================================
Received Import Request.
  Time since last request: 3.517959 seconds.
  path: Assets/Challenge 2/Prefabs/Ball 2.prefab
  artifactKey: Guid(a325bcb65fd94414191d0ddc2514e2dc) Importer(815301076,1909f56bfc062723c751e8b465ee728b)
Start importing Assets/Challenge 2/Prefabs/Ball 2.prefab using Guid(a325bcb65fd94414191d0ddc2514e2dc) Importer(815301076,1909f56bfc062723c751e8b465ee728b) (PreviewImporter) -> (artifact id: '3b0df2d091e8e04b48de91196f46d742') in 0.0133582 seconds
Number of updated asset objects reloaded before import = 0Number of asset objects unloaded after import = 12

========================================================================
Received Import Request.
  Time since last request: 9.592494 seconds.
  path: Assets/Course Library/_Source_Files/Materials/Blue.mat
  artifactKey: Guid(a9868638d72ae9f4d881e263c87f8a7e) Importer(815301076,1909f56bfc062723c751e8b465ee728b)
Start importing Assets/Course Library/_Source_Files/Materials/Blue.mat using Guid(a9868638d72ae9f4d881e263c87f8a7e) Importer(815301076,1909f56bfc062723c751e8b465ee728b) (PreviewImporter) -> (artifact id: 'b5c50d9df1a4cc1524bbe2b054696abc') in 0.0137729 seconds
Number of updated asset objects reloaded before import = 0Number of asset objects unloaded after import = 1

========================================================================
Received Import Request.
  Time since last request: 18.625234 seconds.
  path: Assets/Course Library/_Source_Files/Materials/Blue.mat
  artifactKey: Guid(a9868638d72ae9f4d881e263c87f8a7e) Importer(815301076,1909f56bfc062723c751e8b465ee728b)
Start importing Assets/Course Library/_Source_Files/Materials/Blue.mat using Guid(a9868638d72ae9f4d881e263c87f8a7e) Importer(815301076,1909f56bfc062723c751e8b465ee728b) (PreviewImporter) -> (artifact id: '07f604ac0a50aa5e3878b753d3f27f4f') in 0.010621 seconds
Number of updated asset objects reloaded before import = 0Number of asset objects unloaded after import = 1

========================================================================
Received Import Request.
  Time since last request: 3.425635 seconds.
  path: Assets/Challenge 2/Challenge 2/LightingData.asset
  artifactKey: Guid(42a88779e09337d42af7861be65315c3) Importer(815301076,1909f56bfc062723c751e8b465ee728b)
Start importing Assets/Challenge 2/Challenge 2/LightingData.asset using Guid(42a88779e09337d42af7861be65315c3) Importer(815301076,1909f56bfc062723c751e8b465ee728b) (PreviewImporter) -> (artifact id: 'cbeffd23ac963b8529396b3dac0a06fb') in 0.002015 seconds
Number of updated asset objects reloaded before import = 0Number of asset objects unloaded after import = 2

========================================================================
Received Import Request.
  Time since last request: 2.097596 seconds.
  path: Assets/Challenge 2/Prefabs/Ball 1.prefab
  artifactKey: Guid(1d143480adadf43389395930eee2b5cf) Importer(815301076,1909f56bfc062723c751e8b465ee728b)
Start importing Assets/Challenge 2/Prefabs/Ball 1.prefab using Guid(1d143480adadf43389395930eee2b5cf) Importer(815301076,1909f56bfc062723c751e8b465ee728b) (PreviewImporter) -> (artifact id: '4f8a71a806a254bb53e15094786efcd6') in 0.0146982 seconds
Number of updated asset objects reloaded before import = 0Number of asset objects unloaded after import = 12

========================================================================
Received Prepare
Begin MonoManager ReloadAssembly
- Loaded All Assemblies, in  1.442 seconds
Refreshing native plugins compatible for Editor in 1.27 ms, found 3 plugins.
Native extension for WindowsStandalone target not found
Mono: successfully reloaded assembly
- Finished resetting the current domain, in  1.216 seconds
Domain Reload Profiling: 2655ms
	BeginReloadAssembly (449ms)
		ExecutionOrderSort (0ms)
		DisableScriptedObjects (49ms)
		BackupInstance (0ms)
		ReleaseScriptingObjects (0ms)
		CreateAndSetChildDomain (102ms)
	RebuildCommonClasses (78ms)
	RebuildNativeTypeToScriptingClass (31ms)
	initialDomainReloadingComplete (69ms)
	LoadAllAssembliesAndSetupDomain (813ms)
		LoadAssemblies (683ms)
		RebuildTransferFunctionScriptingTraits (0ms)
		AnalyzeDomain (346ms)
			TypeCache.Refresh (13ms)
				TypeCache.ScanAssembly (0ms)
			BuildScriptInfoCaches (309ms)
			ResolveRequiredComponents (19ms)
	FinalizeReload (1216ms)
		ReleaseScriptCaches (0ms)
		RebuildScriptCaches (0ms)
		SetupLoadedEditorAssemblies (896ms)
			LogAssemblyErrors (0ms)
			InitializePlatformSupportModulesInManaged (4ms)
			SetLoadedEditorAssemblies (7ms)
			BeforeProcessingInitializeOnLoad (192ms)
			ProcessInitializeOnLoadAttributes (586ms)
			ProcessInitializeOnLoadMethodAttributes (97ms)
			AfterProcessingInitializeOnLoad (10ms)
			EditorAssembliesLoaded (0ms)
		ExecutionOrderSort2 (0ms)
		AwakeInstancesAfterBackupRestoration (27ms)
Refreshing native plugins compatible for Editor in 1.43 ms, found 3 plugins.
Preloading 0 native plugins for Editor in 0.00 ms.
Unloading 34 Unused Serialized files (Serialized files now loaded: 0)
Unloading 5958 unused Assets / (7.1 MB). Loaded Objects now: 6761.
Memory consumption went from 171.8 MB to 164.7 MB.
Total: 19.610000 ms (FindLiveObjects: 1.449200 ms CreateObjectMapping: 1.424300 ms MarkObjects: 9.639500 ms  DeleteObjects: 7.095600 ms)

Prepare: number of updated asset objects reloaded= 0
========================================================================
Received Prepare
Begin MonoManager ReloadAssembly
- Loaded All Assemblies, in  1.403 seconds
Refreshing native plugins compatible for Editor in 1.22 ms, found 3 plugins.
Native extension for WindowsStandalone target not found
Mono: successfully reloaded assembly
- Finished resetting the current domain, in  1.226 seconds
Domain Reload Profiling: 2629ms
	BeginReloadAssembly (383ms)
		ExecutionOrderSort (0ms)
		DisableScriptedObjects (13ms)
		BackupInstance (0ms)
		ReleaseScriptingObjects (0ms)
		CreateAndSetChildDomain (88ms)
	RebuildCommonClasses (95ms)
	RebuildNativeTypeToScriptingClass (32ms)
	initialDomainReloadingComplete (57ms)
	LoadAllAssembliesAndSetupDomain (833ms)
		LoadAssemblies (634ms)
		RebuildTransferFunctionScriptingTraits (0ms)
		AnalyzeDomain (404ms)
			TypeCache.Refresh (15ms)
				TypeCache.ScanAssembly (0ms)
			BuildScriptInfoCaches (367ms)
			ResolveRequiredComponents (18ms)
	FinalizeReload (1227ms)
		ReleaseScriptCaches (0ms)
		RebuildScriptCaches (0ms)
		SetupLoadedEditorAssemblies (906ms)
			LogAssemblyErrors (0ms)
			InitializePlatformSupportModulesInManaged (4ms)
			SetLoadedEditorAssemblies (7ms)
			BeforeProcessingInitializeOnLoad (193ms)
			ProcessInitializeOnLoadAttributes (590ms)
			ProcessInitializeOnLoadMethodAttributes (101ms)
			AfterProcessingInitializeOnLoad (10ms)
			EditorAssembliesLoaded (0ms)
		ExecutionOrderSort2 (0ms)
		AwakeInstancesAfterBackupRestoration (25ms)
Refreshing native plugins compatible for Editor in 1.55 ms, found 3 plugins.
Preloading 0 native plugins for Editor in 0.00 ms.
Unloading 34 Unused Serialized files (Serialized files now loaded: 0)
Unloading 5957 unused Assets / (7.1 MB). Loaded Objects now: 6763.
Memory consumption went from 171.7 MB to 164.6 MB.
Total: 22.096400 ms (FindLiveObjects: 1.311000 ms CreateObjectMapping: 1.506900 ms MarkObjects: 11.627900 ms  DeleteObjects: 7.648800 ms)

Prepare: number of updated asset objects reloaded= 0
========================================================================
Received Import Request.
  Time since last request: 101.448174 seconds.
  path: Assets/Challenge 2/Prefabs/Dog.prefab
  artifactKey: Guid(3e5fe95e580114a5f8f8348678e77463) Importer(815301076,1909f56bfc062723c751e8b465ee728b)
Start importing Assets/Challenge 2/Prefabs/Dog.prefab using Guid(3e5fe95e580114a5f8f8348678e77463) Importer(815301076,1909f56bfc062723c751e8b465ee728b) (PreviewImporter) -> (artifact id: 'ab66e53ca37695892ff1de8b01fa1b3d') in 0.7726485 seconds
Number of updated asset objects reloaded before import = 0Number of asset objects unloaded after import = 275

========================================================================
Received Import Request.
  Time since last request: 3.376771 seconds.
  path: Assets/Challenge 2/Prefabs/Dog.prefab
  artifactKey: Guid(3e5fe95e580114a5f8f8348678e77463) Importer(815301076,1909f56bfc062723c751e8b465ee728b)
Start importing Assets/Challenge 2/Prefabs/Dog.prefab using Guid(3e5fe95e580114a5f8f8348678e77463) Importer(815301076,1909f56bfc062723c751e8b465ee728b) (PreviewImporter) -> (artifact id: 'f3d407ba579ebe4081eb1ad2b09071b8') in 0.0400887 seconds
Number of updated asset objects reloaded before import = 0Number of asset objects unloaded after import = 274

========================================================================
Received Import Request.
  Time since last request: 2.120147 seconds.
  path: Assets/Challenge 2/Prefabs/Dog.prefab
  artifactKey: Guid(3e5fe95e580114a5f8f8348678e77463) Importer(815301076,1909f56bfc062723c751e8b465ee728b)
Start importing Assets/Challenge 2/Prefabs/Dog.prefab using Guid(3e5fe95e580114a5f8f8348678e77463) Importer(815301076,1909f56bfc062723c751e8b465ee728b) (PreviewImporter) -> (artifact id: '2e24d9e82bdf474c72242049d0c24da8') in 0.0383827 seconds
Number of updated asset objects reloaded before import = 0Number of asset objects unloaded after import = 274

========================================================================
Received Import Request.
  Time since last request: 2.961228 seconds.
  path: Assets/Challenge 2/Prefabs/Dog.prefab
  artifactKey: Guid(3e5fe95e580114a5f8f8348678e77463) Importer(815301076,1909f56bfc062723c751e8b465ee728b)
Start importing Assets/Challenge 2/Prefabs/Dog.prefab using Guid(3e5fe95e580114a5f8f8348678e77463) Importer(815301076,1909f56bfc062723c751e8b465ee728b) (PreviewImporter) -> (artifact id: '7239695357bb7214f5143840730bc6eb') in 0.0390101 seconds
Number of updated asset objects reloaded before import = 0Number of asset objects unloaded after import = 274

========================================================================
Received Import Request.
  Time since last request: 7.409693 seconds.
  path: Assets/Challenge 2/Prefabs/Dog.prefab
  artifactKey: Guid(3e5fe95e580114a5f8f8348678e77463) Importer(815301076,1909f56bfc062723c751e8b465ee728b)
Start importing Assets/Challenge 2/Prefabs/Dog.prefab using Guid(3e5fe95e580114a5f8f8348678e77463) Importer(815301076,1909f56bfc062723c751e8b465ee728b) (PreviewImporter) -> (artifact id: 'b47fc046e52df1f8bf6326d1ec723239') in 0.0448312 seconds
Number of updated asset objects reloaded before import = 0Number of asset objects unloaded after import = 274

========================================================================
Received Import Request.
  Time since last request: 7.161723 seconds.
  path: Assets/Challenge 2/Prefabs/Dog.prefab
  artifactKey: Guid(3e5fe95e580114a5f8f8348678e77463) Importer(815301076,1909f56bfc062723c751e8b465ee728b)
Start importing Assets/Challenge 2/Prefabs/Dog.prefab using Guid(3e5fe95e580114a5f8f8348678e77463) Importer(815301076,1909f56bfc062723c751e8b465ee728b) (PreviewImporter) -> (artifact id: 'ec1031885b2c660bdc066a5dd551df17') in 0.0368685 seconds
Number of updated asset objects reloaded before import = 0Number of asset objects unloaded after import = 274

========================================================================
Received Import Request.
  Time since last request: 6.798528 seconds.
  path: Assets/Challenge 2/Prefabs/Dog.prefab
  artifactKey: Guid(3e5fe95e580114a5f8f8348678e77463) Importer(815301076,1909f56bfc062723c751e8b465ee728b)
Start importing Assets/Challenge 2/Prefabs/Dog.prefab using Guid(3e5fe95e580114a5f8f8348678e77463) Importer(815301076,1909f56bfc062723c751e8b465ee728b) (PreviewImporter) -> (artifact id: '378cfb64dd10a0824a8b3356878be639') in 0.0422788 seconds
Number of updated asset objects reloaded before import = 0Number of asset objects unloaded after import = 274

========================================================================
Received Import Request.
  Time since last request: 7.587924 seconds.
  path: Assets/Challenge 2/Prefabs/Dog.prefab
  artifactKey: Guid(3e5fe95e580114a5f8f8348678e77463) Importer(815301076,1909f56bfc062723c751e8b465ee728b)
Start importing Assets/Challenge 2/Prefabs/Dog.prefab using Guid(3e5fe95e580114a5f8f8348678e77463) Importer(815301076,1909f56bfc062723c751e8b465ee728b) (PreviewImporter) -> (artifact id: '04d5de407846d29c410f5b040d2bf63b') in 0.0394594 seconds
Number of updated asset objects reloaded before import = 0Number of asset objects unloaded after import = 274

========================================================================
Received Import Request.
  Time since last request: 5.962167 seconds.
  path: Assets/Challenge 2/Prefabs/Dog.prefab
  artifactKey: Guid(3e5fe95e580114a5f8f8348678e77463) Importer(815301076,1909f56bfc062723c751e8b465ee728b)
Start importing Assets/Challenge 2/Prefabs/Dog.prefab using Guid(3e5fe95e580114a5f8f8348678e77463) Importer(815301076,1909f56bfc062723c751e8b465ee728b) (PreviewImporter) -> (artifact id: '7f23a1e5654d1bd64288ec6fef5d5e99') in 0.0420043 seconds
Number of updated asset objects reloaded before import = 0Number of asset objects unloaded after import = 274

========================================================================
Received Import Request.
  Time since last request: 10.055667 seconds.
  path: Assets/Challenge 2/Prefabs/Dog.prefab
  artifactKey: Guid(3e5fe95e580114a5f8f8348678e77463) Importer(815301076,1909f56bfc062723c751e8b465ee728b)
Start importing Assets/Challenge 2/Prefabs/Dog.prefab using Guid(3e5fe95e580114a5f8f8348678e77463) Importer(815301076,1909f56bfc062723c751e8b465ee728b) (PreviewImporter) -> (artifact id: '57444e669009c8dd9b798d392e80322b') in 0.0412916 seconds
Number of updated asset objects reloaded before import = 0Number of asset objects unloaded after import = 274

========================================================================
Received Import Request.
  Time since last request: 4.296822 seconds.
  path: Assets/Challenge 2/Prefabs/Dog.prefab
  artifactKey: Guid(3e5fe95e580114a5f8f8348678e77463) Importer(815301076,1909f56bfc062723c751e8b465ee728b)
Start importing Assets/Challenge 2/Prefabs/Dog.prefab using Guid(3e5fe95e580114a5f8f8348678e77463) Importer(815301076,1909f56bfc062723c751e8b465ee728b) (PreviewImporter) -> (artifact id: 'fa253a34ac36ccdeb3edd15777064367') in 0.0379094 seconds
Number of updated asset objects reloaded before import = 0Number of asset objects unloaded after import = 274

========================================================================
Received Import Request.
  Time since last request: 6.001885 seconds.
  path: Assets/Challenge 2/Prefabs/Dog.prefab
  artifactKey: Guid(3e5fe95e580114a5f8f8348678e77463) Importer(815301076,1909f56bfc062723c751e8b465ee728b)
Start importing Assets/Challenge 2/Prefabs/Dog.prefab using Guid(3e5fe95e580114a5f8f8348678e77463) Importer(815301076,1909f56bfc062723c751e8b465ee728b) (PreviewImporter) -> (artifact id: 'aab2052e60e9c56127f1c40c2c001b37') in 0.0422504 seconds
Number of updated asset objects reloaded before import = 0Number of asset objects unloaded after import = 274

========================================================================
Received Import Request.
  Time since last request: 2.723642 seconds.
  path: Assets/Challenge 2/Prefabs/Dog.prefab
  artifactKey: Guid(3e5fe95e580114a5f8f8348678e77463) Importer(815301076,1909f56bfc062723c751e8b465ee728b)
Start importing Assets/Challenge 2/Prefabs/Dog.prefab using Guid(3e5fe95e580114a5f8f8348678e77463) Importer(815301076,1909f56bfc062723c751e8b465ee728b) (PreviewImporter) -> (artifact id: 'f716f1a3293189c5dd182799e0e58870') in 0.041018 seconds
Number of updated asset objects reloaded before import = 0Number of asset objects unloaded after import = 274

========================================================================
Received Import Request.
  Time since last request: 4.586560 seconds.
  path: Assets/Challenge 2/Prefabs/Dog.prefab
  artifactKey: Guid(3e5fe95e580114a5f8f8348678e77463) Importer(815301076,1909f56bfc062723c751e8b465ee728b)
Start importing Assets/Challenge 2/Prefabs/Dog.prefab using Guid(3e5fe95e580114a5f8f8348678e77463) Importer(815301076,1909f56bfc062723c751e8b465ee728b) (PreviewImporter) -> (artifact id: 'ece18c4999f32acb1aecb076049681b8') in 0.0409784 seconds
Number of updated asset objects reloaded before import = 0Number of asset objects unloaded after import = 274

========================================================================
Received Prepare
Begin MonoManager ReloadAssembly
- Loaded All Assemblies, in  1.377 seconds
Refreshing native plugins compatible for Editor in 1.17 ms, found 3 plugins.
Native extension for WindowsStandalone target not found
Mono: successfully reloaded assembly
- Finished resetting the current domain, in  1.252 seconds
Domain Reload Profiling: 2624ms
	BeginReloadAssembly (393ms)
		ExecutionOrderSort (0ms)
		DisableScriptedObjects (30ms)
		BackupInstance (0ms)
		ReleaseScriptingObjects (0ms)
		CreateAndSetChildDomain (87ms)
	RebuildCommonClasses (81ms)
	RebuildNativeTypeToScriptingClass (30ms)
	initialDomainReloadingComplete (57ms)
	LoadAllAssembliesAndSetupDomain (810ms)
		LoadAssemblies (653ms)
		RebuildTransferFunctionScriptingTraits (0ms)
		AnalyzeDomain (365ms)
			TypeCache.Refresh (8ms)
				TypeCache.ScanAssembly (0ms)
			BuildScriptInfoCaches (332ms)
			ResolveRequiredComponents (19ms)
	FinalizeReload (1253ms)
		ReleaseScriptCaches (0ms)
		RebuildScriptCaches (0ms)
		SetupLoadedEditorAssemblies (915ms)
			LogAssemblyErrors (0ms)
			InitializePlatformSupportModulesInManaged (4ms)
			SetLoadedEditorAssemblies (8ms)
			BeforeProcessingInitializeOnLoad (190ms)
			ProcessInitializeOnLoadAttributes (603ms)
			ProcessInitializeOnLoadMethodAttributes (96ms)
			AfterProcessingInitializeOnLoad (13ms)
			EditorAssembliesLoaded (0ms)
		ExecutionOrderSort2 (0ms)
		AwakeInstancesAfterBackupRestoration (23ms)
Refreshing native plugins compatible for Editor in 1.99 ms, found 3 plugins.
Preloading 0 native plugins for Editor in 0.00 ms.
Unloading 34 Unused Serialized files (Serialized files now loaded: 0)
Unloading 5958 unused Assets / (6.6 MB). Loaded Objects now: 6785.
Memory consumption went from 176.0 MB to 169.4 MB.
Total: 19.598500 ms (FindLiveObjects: 1.273400 ms CreateObjectMapping: 2.478300 ms MarkObjects: 9.676700 ms  DeleteObjects: 6.169000 ms)

Prepare: number of updated asset objects reloaded= 0
========================================================================
Received Import Request.
  Time since last request: 39.297352 seconds.
  path: Assets/Challenge 2/Scripts/DestroyOutOfBoundsX.cs
  artifactKey: Guid(dd56477307ae34a53ab47afc77a08392) Importer(815301076,1909f56bfc062723c751e8b465ee728b)
Start importing Assets/Challenge 2/Scripts/DestroyOutOfBoundsX.cs using Guid(dd56477307ae34a53ab47afc77a08392) Importer(815301076,1909f56bfc062723c751e8b465ee728b) (PreviewImporter) -> (artifact id: '73c18e94876267824b0f73c798b4d86a') in 0.0051721 seconds
Number of updated asset objects reloaded before import = 0Number of asset objects unloaded after import = 0

========================================================================
Received Prepare
Refreshing native plugins compatible for Editor in 2.59 ms, found 3 plugins.
Preloading 0 native plugins for Editor in 0.00 ms.
Unloading 34 Unused Serialized files (Serialized files now loaded: 0)
Unloading 5950 unused Assets / (9.1 MB). Loaded Objects now: 6785.
Memory consumption went from 176.1 MB to 167.0 MB.
Total: 61.711600 ms (FindLiveObjects: 1.109600 ms CreateObjectMapping: 0.760600 ms MarkObjects: 29.720100 ms  DeleteObjects: 30.119700 ms)

Prepare: number of updated asset objects reloaded= 0
========================================================================
Received Prepare
Begin MonoManager ReloadAssembly
- Loaded All Assemblies, in  1.368 seconds
Refreshing native plugins compatible for Editor in 0.85 ms, found 3 plugins.
Native extension for WindowsStandalone target not found
Mono: successfully reloaded assembly
- Finished resetting the current domain, in  1.524 seconds
Domain Reload Profiling: 2891ms
	BeginReloadAssembly (398ms)
		ExecutionOrderSort (0ms)
		DisableScriptedObjects (17ms)
		BackupInstance (0ms)
		ReleaseScriptingObjects (0ms)
		CreateAndSetChildDomain (85ms)
	RebuildCommonClasses (85ms)
	RebuildNativeTypeToScriptingClass (23ms)
	initialDomainReloadingComplete (65ms)
	LoadAllAssembliesAndSetupDomain (794ms)
		LoadAssemblies (631ms)
		RebuildTransferFunctionScriptingTraits (0ms)
		AnalyzeDomain (377ms)
			TypeCache.Refresh (16ms)
				TypeCache.ScanAssembly (1ms)
			BuildScriptInfoCaches (334ms)
			ResolveRequiredComponents (21ms)
	FinalizeReload (1525ms)
		ReleaseScriptCaches (0ms)
		RebuildScriptCaches (0ms)
		SetupLoadedEditorAssemblies (1144ms)
			LogAssemblyErrors (0ms)
			InitializePlatformSupportModulesInManaged (5ms)
			SetLoadedEditorAssemblies (8ms)
			BeforeProcessingInitializeOnLoad (221ms)
			ProcessInitializeOnLoadAttributes (769ms)
			ProcessInitializeOnLoadMethodAttributes (127ms)
			AfterProcessingInitializeOnLoad (13ms)
			EditorAssembliesLoaded (0ms)
		ExecutionOrderSort2 (0ms)
		AwakeInstancesAfterBackupRestoration (38ms)
Refreshing native plugins compatible for Editor in 1.31 ms, found 3 plugins.
Preloading 0 native plugins for Editor in 0.00 ms.
Unloading 34 Unused Serialized files (Serialized files now loaded: 0)
Unloading 5957 unused Assets / (5.9 MB). Loaded Objects now: 6787.
Memory consumption went from 175.9 MB to 170.0 MB.
Total: 18.930700 ms (FindLiveObjects: 1.128300 ms CreateObjectMapping: 1.313200 ms MarkObjects: 11.026300 ms  DeleteObjects: 5.461500 ms)

Prepare: number of updated asset objects reloaded= 0
========================================================================
Received Prepare
Begin MonoManager ReloadAssembly
- Loaded All Assemblies, in  1.356 seconds
Refreshing native plugins compatible for Editor in 0.98 ms, found 3 plugins.
Native extension for WindowsStandalone target not found
Mono: successfully reloaded assembly
- Finished resetting the current domain, in  1.226 seconds
Domain Reload Profiling: 2582ms
	BeginReloadAssembly (369ms)
		ExecutionOrderSort (0ms)
		DisableScriptedObjects (17ms)
		BackupInstance (0ms)
		ReleaseScriptingObjects (0ms)
		CreateAndSetChildDomain (87ms)
	RebuildCommonClasses (67ms)
	RebuildNativeTypeToScriptingClass (26ms)
	initialDomainReloadingComplete (65ms)
	LoadAllAssembliesAndSetupDomain (829ms)
		LoadAssemblies (631ms)
		RebuildTransferFunctionScriptingTraits (0ms)
		AnalyzeDomain (386ms)
			TypeCache.Refresh (10ms)
				TypeCache.ScanAssembly (0ms)
			BuildScriptInfoCaches (344ms)
			ResolveRequiredComponents (28ms)
	FinalizeReload (1227ms)
		ReleaseScriptCaches (0ms)
		RebuildScriptCaches (0ms)
		SetupLoadedEditorAssemblies (901ms)
			LogAssemblyErrors (0ms)
			InitializePlatformSupportModulesInManaged (4ms)
			SetLoadedEditorAssemblies (7ms)
			BeforeProcessingInitializeOnLoad (190ms)
			ProcessInitializeOnLoadAttributes (592ms)
			ProcessInitializeOnLoadMethodAttributes (98ms)
			AfterProcessingInitializeOnLoad (10ms)
			EditorAssembliesLoaded (0ms)
		ExecutionOrderSort2 (0ms)
		AwakeInstancesAfterBackupRestoration (25ms)
Refreshing native plugins compatible for Editor in 1.42 ms, found 3 plugins.
Preloading 0 native plugins for Editor in 0.00 ms.
Unloading 34 Unused Serialized files (Serialized files now loaded: 0)
Unloading 5957 unused Assets / (6.9 MB). Loaded Objects now: 6789.
Memory consumption went from 175.9 MB to 169.0 MB.
Total: 19.635400 ms (FindLiveObjects: 1.818300 ms CreateObjectMapping: 1.612000 ms MarkObjects: 10.036200 ms  DeleteObjects: 6.167000 ms)

Prepare: number of updated asset objects reloaded= 0
========================================================================
Received Import Request.
  Time since last request: 114.209224 seconds.
  path: Assets/Challenge 2/Prefabs/Ball 1.prefab
  artifactKey: Guid(1d143480adadf43389395930eee2b5cf) Importer(815301076,1909f56bfc062723c751e8b465ee728b)
Start importing Assets/Challenge 2/Prefabs/Ball 1.prefab using Guid(1d143480adadf43389395930eee2b5cf) Importer(815301076,1909f56bfc062723c751e8b465ee728b) (PreviewImporter) -> (artifact id: '890b937b8c8671c2b6cddbcf12d15551') in 1.0077822 seconds
Number of updated asset objects reloaded before import = 0Number of asset objects unloaded after import = 13

========================================================================
Received Import Request.
  Time since last request: 0.000049 seconds.
  path: Assets/Challenge 2/Prefabs/Ball 3.prefab
  artifactKey: Guid(fc41e6839a5494e0cbaea5f0081c271d) Importer(815301076,1909f56bfc062723c751e8b465ee728b)
Start importing Assets/Challenge 2/Prefabs/Ball 3.prefab using Guid(fc41e6839a5494e0cbaea5f0081c271d) Importer(815301076,1909f56bfc062723c751e8b465ee728b) (PreviewImporter) -> (artifact id: '32551cc811dc011bdb284db9cbdb48c9') in 0.0146037 seconds
Number of updated asset objects reloaded before import = 0Number of asset objects unloaded after import = 12

========================================================================
Received Prepare
Begin MonoManager ReloadAssembly
- Loaded All Assemblies, in  1.394 seconds
Refreshing native plugins compatible for Editor in 1.43 ms, found 3 plugins.
Native extension for WindowsStandalone target not found
Mono: successfully reloaded assembly
- Finished resetting the current domain, in  1.272 seconds
Domain Reload Profiling: 2664ms
	BeginReloadAssembly (438ms)
		ExecutionOrderSort (0ms)
		DisableScriptedObjects (53ms)
		BackupInstance (0ms)
		ReleaseScriptingObjects (0ms)
		CreateAndSetChildDomain (95ms)
	RebuildCommonClasses (84ms)
	RebuildNativeTypeToScriptingClass (31ms)
	initialDomainReloadingComplete (51ms)
	LoadAllAssembliesAndSetupDomain (788ms)
		LoadAssemblies (637ms)
		RebuildTransferFunctionScriptingTraits (0ms)
		AnalyzeDomain (367ms)
			TypeCache.Refresh (11ms)
				TypeCache.ScanAssembly (0ms)
			BuildScriptInfoCaches (328ms)
			ResolveRequiredComponents (23ms)
	FinalizeReload (1273ms)
		ReleaseScriptCaches (0ms)
		RebuildScriptCaches (0ms)
		SetupLoadedEditorAssemblies (941ms)
			LogAssemblyErrors (0ms)
			InitializePlatformSupportModulesInManaged (4ms)
			SetLoadedEditorAssemblies (6ms)
			BeforeProcessingInitializeOnLoad (189ms)
			ProcessInitializeOnLoadAttributes (632ms)
			ProcessInitializeOnLoadMethodAttributes (97ms)
			AfterProcessingInitializeOnLoad (11ms)
			EditorAssembliesLoaded (1ms)
		ExecutionOrderSort2 (0ms)
		AwakeInstancesAfterBackupRestoration (24ms)
Refreshing native plugins compatible for Editor in 1.47 ms, found 3 plugins.
Preloading 0 native plugins for Editor in 0.00 ms.
Unloading 34 Unused Serialized files (Serialized files now loaded: 0)
Unloading 5958 unused Assets / (6.9 MB). Loaded Objects now: 6811.
Memory consumption went from 180.2 MB to 173.3 MB.
Total: 19.052400 ms (FindLiveObjects: 1.265000 ms CreateObjectMapping: 1.639300 ms MarkObjects: 9.684800 ms  DeleteObjects: 6.462000 ms)

Prepare: number of updated asset objects reloaded= 0
========================================================================
Received Prepare
Refreshing native plugins compatible for Editor in 3.42 ms, found 3 plugins.
Preloading 0 native plugins for Editor in 0.00 ms.
Unloading 34 Unused Serialized files (Serialized files now loaded: 0)
Unloading 5950 unused Assets / (9.6 MB). Loaded Objects now: 6811.
Memory consumption went from 180.2 MB to 170.6 MB.
Total: 60.625600 ms (FindLiveObjects: 1.641100 ms CreateObjectMapping: 1.160800 ms MarkObjects: 10.234200 ms  DeleteObjects: 47.588000 ms)

Prepare: number of updated asset objects reloaded= 0
========================================================================
Received Import Request.
  Time since last request: 65.176083 seconds.
  path: Assets/Challenge 2/Prefabs/Ball 3.prefab
  artifactKey: Guid(fc41e6839a5494e0cbaea5f0081c271d) Importer(815301076,1909f56bfc062723c751e8b465ee728b)
Start importing Assets/Challenge 2/Prefabs/Ball 3.prefab using Guid(fc41e6839a5494e0cbaea5f0081c271d) Importer(815301076,1909f56bfc062723c751e8b465ee728b) (PreviewImporter) -> (artifact id: '880c6df1ee2e222efa9926779d0f8263') in 1.5003653 seconds
Number of updated asset objects reloaded before import = 0Number of asset objects unloaded after import = 13

========================================================================
Received Prepare
Begin MonoManager ReloadAssembly
- Loaded All Assemblies, in  1.486 seconds
Refreshing native plugins compatible for Editor in 1.32 ms, found 3 plugins.
Native extension for WindowsStandalone target not found
Mono: successfully reloaded assembly
- Finished resetting the current domain, in  1.489 seconds
Domain Reload Profiling: 2973ms
	BeginReloadAssembly (442ms)
		ExecutionOrderSort (0ms)
		DisableScriptedObjects (41ms)
		BackupInstance (0ms)
		ReleaseScriptingObjects (0ms)
		CreateAndSetChildDomain (110ms)
	RebuildCommonClasses (97ms)
	RebuildNativeTypeToScriptingClass (31ms)
	initialDomainReloadingComplete (64ms)
	LoadAllAssembliesAndSetupDomain (850ms)
		LoadAssemblies (623ms)
		RebuildTransferFunctionScriptingTraits (0ms)
		AnalyzeDomain (441ms)
			TypeCache.Refresh (15ms)
				TypeCache.ScanAssembly (0ms)
			BuildScriptInfoCaches (400ms)
			ResolveRequiredComponents (20ms)
	FinalizeReload (1490ms)
		ReleaseScriptCaches (0ms)
		RebuildScriptCaches (0ms)
		SetupLoadedEditorAssemblies (1101ms)
			LogAssemblyErrors (0ms)
			InitializePlatformSupportModulesInManaged (4ms)
			SetLoadedEditorAssemblies (10ms)
			BeforeProcessingInitializeOnLoad (207ms)
			ProcessInitializeOnLoadAttributes (760ms)
			ProcessInitializeOnLoadMethodAttributes (110ms)
			AfterProcessingInitializeOnLoad (11ms)
			EditorAssembliesLoaded (0ms)
		ExecutionOrderSort2 (0ms)
		AwakeInstancesAfterBackupRestoration (34ms)
Refreshing native plugins compatible for Editor in 1.69 ms, found 3 plugins.
Preloading 0 native plugins for Editor in 0.00 ms.
Unloading 34 Unused Serialized files (Serialized files now loaded: 0)
Unloading 5958 unused Assets / (7.1 MB). Loaded Objects now: 6833.
Memory consumption went from 184.4 MB to 177.3 MB.
Total: 20.905200 ms (FindLiveObjects: 1.266100 ms CreateObjectMapping: 2.734200 ms MarkObjects: 10.110900 ms  DeleteObjects: 6.792300 ms)

Prepare: number of updated asset objects reloaded= 0
========================================================================
Received Import Request.
  Time since last request: 6.888601 seconds.
  path: Assets/Challenge 2/Prefabs/Ball 2.prefab
  artifactKey: Guid(a325bcb65fd94414191d0ddc2514e2dc) Importer(815301076,1909f56bfc062723c751e8b465ee728b)
Start importing Assets/Challenge 2/Prefabs/Ball 2.prefab using Guid(a325bcb65fd94414191d0ddc2514e2dc) Importer(815301076,1909f56bfc062723c751e8b465ee728b) (PreviewImporter) -> (artifact id: '5f95f362ad470dc7f271c5da983b3ac2') in 0.9248105 seconds
Number of updated asset objects reloaded before import = 0Number of asset objects unloaded after import = 13

========================================================================
Received Prepare
Begin MonoManager ReloadAssembly
- Loaded All Assemblies, in  1.530 seconds
Refreshing native plugins compatible for Editor in 0.96 ms, found 3 plugins.
Native extension for WindowsStandalone target not found
Mono: successfully reloaded assembly
- Finished resetting the current domain, in  1.210 seconds
Domain Reload Profiling: 2737ms
	BeginReloadAssembly (435ms)
		ExecutionOrderSort (0ms)
		DisableScriptedObjects (47ms)
		BackupInstance (0ms)
		ReleaseScriptingObjects (0ms)
		CreateAndSetChildDomain (109ms)
	RebuildCommonClasses (79ms)
	RebuildNativeTypeToScriptingClass (38ms)
	initialDomainReloadingComplete (61ms)
	LoadAllAssembliesAndSetupDomain (913ms)
		LoadAssemblies (701ms)
		RebuildTransferFunctionScriptingTraits (0ms)
		AnalyzeDomain (435ms)
			TypeCache.Refresh (14ms)
				TypeCache.ScanAssembly (0ms)
			BuildScriptInfoCaches (388ms)
			ResolveRequiredComponents (26ms)
	FinalizeReload (1211ms)
		ReleaseScriptCaches (0ms)
		RebuildScriptCaches (0ms)
		SetupLoadedEditorAssemblies (888ms)
			LogAssemblyErrors (0ms)
			InitializePlatformSupportModulesInManaged (4ms)
			SetLoadedEditorAssemblies (7ms)
			BeforeProcessingInitializeOnLoad (181ms)
			ProcessInitializeOnLoadAttributes (589ms)
			ProcessInitializeOnLoadMethodAttributes (96ms)
			AfterProcessingInitializeOnLoad (10ms)
			EditorAssembliesLoaded (1ms)
		ExecutionOrderSort2 (0ms)
		AwakeInstancesAfterBackupRestoration (29ms)
Refreshing native plugins compatible for Editor in 1.67 ms, found 3 plugins.
Preloading 0 native plugins for Editor in 0.00 ms.
Unloading 34 Unused Serialized files (Serialized files now loaded: 0)
Unloading 5958 unused Assets / (7.2 MB). Loaded Objects now: 6855.
Memory consumption went from 188.5 MB to 181.3 MB.
Total: 19.721800 ms (FindLiveObjects: 1.348700 ms CreateObjectMapping: 1.904600 ms MarkObjects: 9.696200 ms  DeleteObjects: 6.770600 ms)

Prepare: number of updated asset objects reloaded= 0
========================================================================
Received Prepare
Begin MonoManager ReloadAssembly
- Loaded All Assemblies, in  1.397 seconds
Refreshing native plugins compatible for Editor in 1.56 ms, found 3 plugins.
Native extension for WindowsStandalone target not found
Mono: successfully reloaded assembly
- Finished resetting the current domain, in  1.240 seconds
Domain Reload Profiling: 2638ms
	BeginReloadAssembly (412ms)
		ExecutionOrderSort (0ms)
		DisableScriptedObjects (15ms)
		BackupInstance (0ms)
		ReleaseScriptingObjects (0ms)
		CreateAndSetChildDomain (93ms)
	RebuildCommonClasses (89ms)
	RebuildNativeTypeToScriptingClass (33ms)
	initialDomainReloadingComplete (56ms)
	LoadAllAssembliesAndSetupDomain (807ms)
		LoadAssemblies (645ms)
		RebuildTransferFunctionScriptingTraits (0ms)
		AnalyzeDomain (386ms)
			TypeCache.Refresh (10ms)
				TypeCache.ScanAssembly (0ms)
			BuildScriptInfoCaches (345ms)
			ResolveRequiredComponents (24ms)
	FinalizeReload (1241ms)
		ReleaseScriptCaches (0ms)
		RebuildScriptCaches (0ms)
		SetupLoadedEditorAssemblies (908ms)
			LogAssemblyErrors (0ms)
			InitializePlatformSupportModulesInManaged (4ms)
			SetLoadedEditorAssemblies (8ms)
			BeforeProcessingInitializeOnLoad (200ms)
			ProcessInitializeOnLoadAttributes (587ms)
			ProcessInitializeOnLoadMethodAttributes (98ms)
			AfterProcessingInitializeOnLoad (11ms)
			EditorAssembliesLoaded (1ms)
		ExecutionOrderSort2 (0ms)
		AwakeInstancesAfterBackupRestoration (29ms)
Refreshing native plugins compatible for Editor in 1.55 ms, found 3 plugins.
Preloading 0 native plugins for Editor in 0.00 ms.
Unloading 34 Unused Serialized files (Serialized files now loaded: 0)
Unloading 5957 unused Assets / (6.9 MB). Loaded Objects now: 6857.
Memory consumption went from 188.3 MB to 181.4 MB.
Total: 19.707600 ms (FindLiveObjects: 1.480000 ms CreateObjectMapping: 1.483300 ms MarkObjects: 10.067700 ms  DeleteObjects: 6.675100 ms)

Prepare: number of updated asset objects reloaded= 0
========================================================================
Received Prepare
Refreshing native plugins compatible for Editor in 3.48 ms, found 3 plugins.
Preloading 0 native plugins for Editor in 0.00 ms.
Unloading 34 Unused Serialized files (Serialized files now loaded: 0)
Unloading 5950 unused Assets / (9.4 MB). Loaded Objects now: 6857.
Memory consumption went from 188.5 MB to 179.1 MB.
Total: 64.029100 ms (FindLiveObjects: 2.119800 ms CreateObjectMapping: 2.600900 ms MarkObjects: 43.584000 ms  DeleteObjects: 15.722800 ms)

Prepare: number of updated asset objects reloaded= 0
========================================================================
Received Import Request.
  Time since last request: 1890.570543 seconds.
  path: Assets/Challenge 2/Prefabs/Ball 3.prefab
  artifactKey: Guid(fc41e6839a5494e0cbaea5f0081c271d) Importer(815301076,1909f56bfc062723c751e8b465ee728b)
Start importing Assets/Challenge 2/Prefabs/Ball 3.prefab using Guid(fc41e6839a5494e0cbaea5f0081c271d) Importer(815301076,1909f56bfc062723c751e8b465ee728b) (PreviewImporter) -> (artifact id: '3719dce8d2897a2eb5b7dfe5acdccda2') in 1.6794329 seconds
Number of updated asset objects reloaded before import = 0Number of asset objects unloaded after import = 13

========================================================================
Received Prepare
Begin MonoManager ReloadAssembly
- Loaded All Assemblies, in  1.450 seconds
Refreshing native plugins compatible for Editor in 2.05 ms, found 3 plugins.
Native extension for WindowsStandalone target not found
Mono: successfully reloaded assembly
- Finished resetting the current domain, in  1.543 seconds
Domain Reload Profiling: 2987ms
	BeginReloadAssembly (442ms)
		ExecutionOrderSort (0ms)
		DisableScriptedObjects (47ms)
		BackupInstance (0ms)
		ReleaseScriptingObjects (0ms)
		CreateAndSetChildDomain (112ms)
	RebuildCommonClasses (83ms)
	RebuildNativeTypeToScriptingClass (29ms)
	initialDomainReloadingComplete (60ms)
	LoadAllAssembliesAndSetupDomain (830ms)
		LoadAssemblies (615ms)
		RebuildTransferFunctionScriptingTraits (0ms)
		AnalyzeDomain (421ms)
			TypeCache.Refresh (16ms)
				TypeCache.ScanAssembly (0ms)
			BuildScriptInfoCaches (374ms)
			ResolveRequiredComponents (26ms)
	FinalizeReload (1544ms)
		ReleaseScriptCaches (0ms)
		RebuildScriptCaches (0ms)
		SetupLoadedEditorAssemblies (1107ms)
			LogAssemblyErrors (0ms)
			InitializePlatformSupportModulesInManaged (5ms)
			SetLoadedEditorAssemblies (9ms)
			BeforeProcessingInitializeOnLoad (223ms)
			ProcessInitializeOnLoadAttributes (743ms)
			ProcessInitializeOnLoadMethodAttributes (115ms)
			AfterProcessingInitializeOnLoad (11ms)
			EditorAssembliesLoaded (0ms)
		ExecutionOrderSort2 (0ms)
		AwakeInstancesAfterBackupRestoration (40ms)
Refreshing native plugins compatible for Editor in 1.64 ms, found 3 plugins.
Preloading 0 native plugins for Editor in 0.00 ms.
Unloading 34 Unused Serialized files (Serialized files now loaded: 0)
Unloading 5958 unused Assets / (6.3 MB). Loaded Objects now: 6879.
Memory consumption went from 192.6 MB to 186.4 MB.
Total: 18.954100 ms (FindLiveObjects: 1.140400 ms CreateObjectMapping: 1.484100 ms MarkObjects: 10.376900 ms  DeleteObjects: 5.950500 ms)

Prepare: number of updated asset objects reloaded= 0
========================================================================
Received Prepare
Begin MonoManager ReloadAssembly
- Loaded All Assemblies, in  1.448 seconds
Refreshing native plugins compatible for Editor in 1.48 ms, found 3 plugins.
Native extension for WindowsStandalone target not found
Mono: successfully reloaded assembly
- Finished resetting the current domain, in  1.255 seconds
Domain Reload Profiling: 2701ms
	BeginReloadAssembly (393ms)
		ExecutionOrderSort (0ms)
		DisableScriptedObjects (15ms)
		BackupInstance (0ms)
		ReleaseScriptingObjects (0ms)
		CreateAndSetChildDomain (88ms)
	RebuildCommonClasses (90ms)
	RebuildNativeTypeToScriptingClass (34ms)
	initialDomainReloadingComplete (62ms)
	LoadAllAssembliesAndSetupDomain (866ms)
		LoadAssemblies (686ms)
		RebuildTransferFunctionScriptingTraits (0ms)
		AnalyzeDomain (407ms)
			TypeCache.Refresh (12ms)
				TypeCache.ScanAssembly (0ms)
			BuildScriptInfoCaches (363ms)
			ResolveRequiredComponents (26ms)
	FinalizeReload (1256ms)
		ReleaseScriptCaches (0ms)
		RebuildScriptCaches (0ms)
		SetupLoadedEditorAssemblies (919ms)
			LogAssemblyErrors (0ms)
			InitializePlatformSupportModulesInManaged (3ms)
			SetLoadedEditorAssemblies (8ms)
			BeforeProcessingInitializeOnLoad (192ms)
			ProcessInitializeOnLoadAttributes (608ms)
			ProcessInitializeOnLoadMethodAttributes (97ms)
			AfterProcessingInitializeOnLoad (10ms)
			EditorAssembliesLoaded (0ms)
		ExecutionOrderSort2 (0ms)
		AwakeInstancesAfterBackupRestoration (30ms)
Refreshing native plugins compatible for Editor in 1.54 ms, found 3 plugins.
Preloading 0 native plugins for Editor in 0.00 ms.
Unloading 34 Unused Serialized files (Serialized files now loaded: 0)
Unloading 5957 unused Assets / (7.0 MB). Loaded Objects now: 6881.
Memory consumption went from 192.5 MB to 185.5 MB.
Total: 18.122000 ms (FindLiveObjects: 1.334800 ms CreateObjectMapping: 1.836000 ms MarkObjects: 9.086600 ms  DeleteObjects: 5.862900 ms)

Prepare: number of updated asset objects reloaded= 0
========================================================================
Received Import Request.
  Time since last request: 12.520199 seconds.
  path: Assets/Challenge 2/Prefabs/Ball 1.prefab
  artifactKey: Guid(1d143480adadf43389395930eee2b5cf) Importer(815301076,1909f56bfc062723c751e8b465ee728b)
Start importing Assets/Challenge 2/Prefabs/Ball 1.prefab using Guid(1d143480adadf43389395930eee2b5cf) Importer(815301076,1909f56bfc062723c751e8b465ee728b) (PreviewImporter) -> (artifact id: '4b1fb3b3fd897fd3e7c4555a26f44f58') in 0.9933788 seconds
Number of updated asset objects reloaded before import = 0Number of asset objects unloaded after import = 13

========================================================================
Received Prepare
Refreshing native plugins compatible for Editor in 4.48 ms, found 3 plugins.
Preloading 0 native plugins for Editor in 0.00 ms.
Unloading 34 Unused Serialized files (Serialized files now loaded: 0)
Unloading 5951 unused Assets / (8.9 MB). Loaded Objects now: 7022.
Memory consumption went from 200.3 MB to 191.4 MB.
Total: 97.007400 ms (FindLiveObjects: 5.037100 ms CreateObjectMapping: 1.261900 ms MarkObjects: 17.724500 ms  DeleteObjects: 72.981900 ms)

Prepare: number of updated asset objects reloaded= 0
========================================================================
Received Import Request.
  Time since last request: 57.396428 seconds.
  path: Assets/Challenge 2/Prefabs/Ball 3.prefab
  artifactKey: Guid(fc41e6839a5494e0cbaea5f0081c271d) Importer(815301076,1909f56bfc062723c751e8b465ee728b)
Start importing Assets/Challenge 2/Prefabs/Ball 3.prefab using Guid(fc41e6839a5494e0cbaea5f0081c271d) Importer(815301076,1909f56bfc062723c751e8b465ee728b) (PreviewImporter) -> (artifact id: '0b22052921687746277307e1b85c8876') in 0.1337384 seconds
Number of updated asset objects reloaded before import = 0Number of asset objects unloaded after import = 12

========================================================================
Received Prepare
Begin MonoManager ReloadAssembly
- Loaded All Assemblies, in  1.481 seconds
Refreshing native plugins compatible for Editor in 2.15 ms, found 3 plugins.
Native extension for WindowsStandalone target not found
Mono: successfully reloaded assembly
- Finished resetting the current domain, in  1.421 seconds
Domain Reload Profiling: 2901ms
	BeginReloadAssembly (460ms)
		ExecutionOrderSort (0ms)
		DisableScriptedObjects (49ms)
		BackupInstance (0ms)
		ReleaseScriptingObjects (0ms)
		CreateAndSetChildDomain (106ms)
	RebuildCommonClasses (100ms)
	RebuildNativeTypeToScriptingClass (32ms)
	initialDomainReloadingComplete (65ms)
	LoadAllAssembliesAndSetupDomain (822ms)
		LoadAssemblies (665ms)
		RebuildTransferFunctionScriptingTraits (0ms)
		AnalyzeDomain (390ms)
			TypeCache.Refresh (18ms)
				TypeCache.ScanAssembly (0ms)
			BuildScriptInfoCaches (345ms)
			ResolveRequiredComponents (22ms)
	FinalizeReload (1422ms)
		ReleaseScriptCaches (0ms)
		RebuildScriptCaches (0ms)
		SetupLoadedEditorAssemblies (1007ms)
			LogAssemblyErrors (0ms)
			InitializePlatformSupportModulesInManaged (4ms)
			SetLoadedEditorAssemblies (10ms)
			BeforeProcessingInitializeOnLoad (216ms)
			ProcessInitializeOnLoadAttributes (668ms)
			ProcessInitializeOnLoadMethodAttributes (99ms)
			AfterProcessingInitializeOnLoad (10ms)
			EditorAssembliesLoaded (0ms)
		ExecutionOrderSort2 (0ms)
		AwakeInstancesAfterBackupRestoration (29ms)
Refreshing native plugins compatible for Editor in 1.24 ms, found 3 plugins.
Preloading 0 native plugins for Editor in 0.00 ms.
Unloading 34 Unused Serialized files (Serialized files now loaded: 0)
Unloading 5958 unused Assets / (6.6 MB). Loaded Objects now: 6903.
Memory consumption went from 196.8 MB to 190.2 MB.
Total: 17.108800 ms (FindLiveObjects: 1.402300 ms CreateObjectMapping: 1.251900 ms MarkObjects: 8.510100 ms  DeleteObjects: 5.942900 ms)

Prepare: number of updated asset objects reloaded= 0
========================================================================
Received Import Request.
  Time since last request: 9.126363 seconds.
  path: Assets/Challenge 2/Prefabs/Ball 1.prefab
  artifactKey: Guid(1d143480adadf43389395930eee2b5cf) Importer(815301076,1909f56bfc062723c751e8b465ee728b)
Start importing Assets/Challenge 2/Prefabs/Ball 1.prefab using Guid(1d143480adadf43389395930eee2b5cf) Importer(815301076,1909f56bfc062723c751e8b465ee728b) (PreviewImporter) -> (artifact id: '455658de4beef6580b6f41d801e593f8') in 0.9616633 seconds
Number of updated asset objects reloaded before import = 0Number of asset objects unloaded after import = 13

========================================================================
Received Prepare
Begin MonoManager ReloadAssembly
- Loaded All Assemblies, in  1.377 seconds
Refreshing native plugins compatible for Editor in 1.39 ms, found 3 plugins.
Native extension for WindowsStandalone target not found
Mono: successfully reloaded assembly
- Finished resetting the current domain, in  1.235 seconds
Domain Reload Profiling: 2609ms
	BeginReloadAssembly (409ms)
		ExecutionOrderSort (0ms)
		DisableScriptedObjects (42ms)
		BackupInstance (0ms)
		ReleaseScriptingObjects (0ms)
		CreateAndSetChildDomain (91ms)
	RebuildCommonClasses (84ms)
	RebuildNativeTypeToScriptingClass (31ms)
	initialDomainReloadingComplete (64ms)
	LoadAllAssembliesAndSetupDomain (785ms)
		LoadAssemblies (606ms)
		RebuildTransferFunctionScriptingTraits (0ms)
		AnalyzeDomain (381ms)
			TypeCache.Refresh (11ms)
				TypeCache.ScanAssembly (0ms)
			BuildScriptInfoCaches (345ms)
			ResolveRequiredComponents (19ms)
	FinalizeReload (1236ms)
		ReleaseScriptCaches (0ms)
		RebuildScriptCaches (0ms)
		SetupLoadedEditorAssemblies (890ms)
			LogAssemblyErrors (0ms)
			InitializePlatformSupportModulesInManaged (4ms)
			SetLoadedEditorAssemblies (9ms)
			BeforeProcessingInitializeOnLoad (189ms)
			ProcessInitializeOnLoadAttributes (579ms)
			ProcessInitializeOnLoadMethodAttributes (100ms)
			AfterProcessingInitializeOnLoad (9ms)
			EditorAssembliesLoaded (0ms)
		ExecutionOrderSort2 (0ms)
		AwakeInstancesAfterBackupRestoration (30ms)
Refreshing native plugins compatible for Editor in 1.45 ms, found 3 plugins.
Preloading 0 native plugins for Editor in 0.00 ms.
Unloading 34 Unused Serialized files (Serialized files now loaded: 0)
Unloading 5958 unused Assets / (8.2 MB). Loaded Objects now: 6925.
Memory consumption went from 200.9 MB to 192.7 MB.
Total: 21.046600 ms (FindLiveObjects: 1.325300 ms CreateObjectMapping: 1.179500 ms MarkObjects: 8.829300 ms  DeleteObjects: 9.710800 ms)

Prepare: number of updated asset objects reloaded= 0
========================================================================
Received Import Request.
  Time since last request: 6.401803 seconds.
  path: Assets/Challenge 2/Prefabs/Ball 2.prefab
  artifactKey: Guid(a325bcb65fd94414191d0ddc2514e2dc) Importer(815301076,1909f56bfc062723c751e8b465ee728b)
Start importing Assets/Challenge 2/Prefabs/Ball 2.prefab using Guid(a325bcb65fd94414191d0ddc2514e2dc) Importer(815301076,1909f56bfc062723c751e8b465ee728b) (PreviewImporter) -> (artifact id: '9e216c1a33fd3510ce98db907d03ead9') in 1.0083302 seconds
Number of updated asset objects reloaded before import = 0Number of asset objects unloaded after import = 13

========================================================================
Received Prepare
Refreshing native plugins compatible for Editor in 1.74 ms, found 3 plugins.
Preloading 0 native plugins for Editor in 0.00 ms.
Unloading 34 Unused Serialized files (Serialized files now loaded: 0)
Unloading 5951 unused Assets / (7.0 MB). Loaded Objects now: 7066.
Memory consumption went from 208.6 MB to 201.6 MB.
Total: 30.336000 ms (FindLiveObjects: 1.362000 ms CreateObjectMapping: 1.426200 ms MarkObjects: 20.880900 ms  DeleteObjects: 6.664600 ms)

Prepare: number of updated asset objects reloaded= 0
========================================================================
Received Prepare
Begin MonoManager ReloadAssembly
- Loaded All Assemblies, in  1.405 seconds
Refreshing native plugins compatible for Editor in 1.83 ms, found 3 plugins.
Native extension for WindowsStandalone target not found
Mono: successfully reloaded assembly
- Finished resetting the current domain, in  1.573 seconds
Domain Reload Profiling: 2975ms
	BeginReloadAssembly (443ms)
		ExecutionOrderSort (0ms)
		DisableScriptedObjects (48ms)
		BackupInstance (0ms)
		ReleaseScriptingObjects (0ms)
		CreateAndSetChildDomain (107ms)
	RebuildCommonClasses (81ms)
	RebuildNativeTypeToScriptingClass (32ms)
	initialDomainReloadingComplete (60ms)
	LoadAllAssembliesAndSetupDomain (784ms)
		LoadAssemblies (615ms)
		RebuildTransferFunctionScriptingTraits (0ms)
		AnalyzeDomain (383ms)
			TypeCache.Refresh (13ms)
				TypeCache.ScanAssembly (0ms)
			BuildScriptInfoCaches (342ms)
			ResolveRequiredComponents (21ms)
	FinalizeReload (1574ms)
		ReleaseScriptCaches (0ms)
		RebuildScriptCaches (0ms)
		SetupLoadedEditorAssemblies (1127ms)
			LogAssemblyErrors (0ms)
			InitializePlatformSupportModulesInManaged (3ms)
			SetLoadedEditorAssemblies (8ms)
			BeforeProcessingInitializeOnLoad (221ms)
			ProcessInitializeOnLoadAttributes (746ms)
			ProcessInitializeOnLoadMethodAttributes (127ms)
			AfterProcessingInitializeOnLoad (21ms)
			EditorAssembliesLoaded (1ms)
		ExecutionOrderSort2 (0ms)
		AwakeInstancesAfterBackupRestoration (45ms)
Refreshing native plugins compatible for Editor in 1.57 ms, found 3 plugins.
Preloading 0 native plugins for Editor in 0.00 ms.
Unloading 34 Unused Serialized files (Serialized files now loaded: 0)
Unloading 5957 unused Assets / (5.8 MB). Loaded Objects now: 6947.
Memory consumption went from 205.1 MB to 199.2 MB.
Total: 17.875800 ms (FindLiveObjects: 1.467200 ms CreateObjectMapping: 1.077400 ms MarkObjects: 10.278900 ms  DeleteObjects: 5.050600 ms)

Prepare: number of updated asset objects reloaded= 0
========================================================================
Received Prepare
Begin MonoManager ReloadAssembly
- Loaded All Assemblies, in  1.331 seconds
Refreshing native plugins compatible for Editor in 1.07 ms, found 3 plugins.
Native extension for WindowsStandalone target not found
Mono: successfully reloaded assembly
- Finished resetting the current domain, in  1.256 seconds
Domain Reload Profiling: 2586ms
	BeginReloadAssembly (368ms)
		ExecutionOrderSort (0ms)
		DisableScriptedObjects (16ms)
		BackupInstance (0ms)
		ReleaseScriptingObjects (0ms)
		CreateAndSetChildDomain (84ms)
	RebuildCommonClasses (73ms)
	RebuildNativeTypeToScriptingClass (28ms)
	initialDomainReloadingComplete (55ms)
	LoadAllAssembliesAndSetupDomain (806ms)
		LoadAssemblies (597ms)
		RebuildTransferFunctionScriptingTraits (0ms)
		AnalyzeDomain (403ms)
			TypeCache.Refresh (13ms)
				TypeCache.ScanAssembly (0ms)
			BuildScriptInfoCaches (364ms)
			ResolveRequiredComponents (20ms)
	FinalizeReload (1257ms)
		ReleaseScriptCaches (0ms)
		RebuildScriptCaches (0ms)
		SetupLoadedEditorAssemblies (911ms)
			LogAssemblyErrors (0ms)
			InitializePlatformSupportModulesInManaged (4ms)
			SetLoadedEditorAssemblies (9ms)
			BeforeProcessingInitializeOnLoad (192ms)
			ProcessInitializeOnLoadAttributes (596ms)
			ProcessInitializeOnLoadMethodAttributes (101ms)
			AfterProcessingInitializeOnLoad (10ms)
			EditorAssembliesLoaded (0ms)
		ExecutionOrderSort2 (0ms)
		AwakeInstancesAfterBackupRestoration (30ms)
Refreshing native plugins compatible for Editor in 1.41 ms, found 3 plugins.
Preloading 0 native plugins for Editor in 0.00 ms.
Unloading 34 Unused Serialized files (Serialized files now loaded: 0)
Unloading 5957 unused Assets / (6.5 MB). Loaded Objects now: 6949.
Memory consumption went from 204.9 MB to 198.4 MB.
Total: 19.227500 ms (FindLiveObjects: 1.492800 ms CreateObjectMapping: 1.894900 ms MarkObjects: 9.400400 ms  DeleteObjects: 6.438200 ms)

Prepare: number of updated asset objects reloaded= 0
========================================================================
Received Import Request.
  Time since last request: 28.266712 seconds.
  path: Assets/Challenge 2/Prefabs/Dog.prefab
  artifactKey: Guid(3e5fe95e580114a5f8f8348678e77463) Importer(815301076,1909f56bfc062723c751e8b465ee728b)
Start importing Assets/Challenge 2/Prefabs/Dog.prefab using Guid(3e5fe95e580114a5f8f8348678e77463) Importer(815301076,1909f56bfc062723c751e8b465ee728b) (PreviewImporter) -> (artifact id: 'ed766cb35c04a6be07322c83f7eadee0') in 1.0187962 seconds
Number of updated asset objects reloaded before import = 0Number of asset objects unloaded after import = 275

========================================================================
Received Prepare
Begin MonoManager ReloadAssembly
- Loaded All Assemblies, in  1.425 seconds
Refreshing native plugins compatible for Editor in 1.53 ms, found 3 plugins.
Native extension for WindowsStandalone target not found
Mono: successfully reloaded assembly
- Finished resetting the current domain, in  1.206 seconds
Domain Reload Profiling: 2625ms
	BeginReloadAssembly (457ms)
		ExecutionOrderSort (0ms)
		DisableScriptedObjects (51ms)
		BackupInstance (0ms)
		ReleaseScriptingObjects (0ms)
		CreateAndSetChildDomain (94ms)
	RebuildCommonClasses (74ms)
	RebuildNativeTypeToScriptingClass (23ms)
	initialDomainReloadingComplete (65ms)
	LoadAllAssembliesAndSetupDomain (800ms)
		LoadAssemblies (635ms)
		RebuildTransferFunctionScriptingTraits (0ms)
		AnalyzeDomain (392ms)
			TypeCache.Refresh (12ms)
				TypeCache.ScanAssembly (0ms)
			BuildScriptInfoCaches (355ms)
			ResolveRequiredComponents (19ms)
	FinalizeReload (1207ms)
		ReleaseScriptCaches (0ms)
		RebuildScriptCaches (0ms)
		SetupLoadedEditorAssemblies (880ms)
			LogAssemblyErrors (0ms)
			InitializePlatformSupportModulesInManaged (4ms)
			SetLoadedEditorAssemblies (6ms)
			BeforeProcessingInitializeOnLoad (173ms)
			ProcessInitializeOnLoadAttributes (582ms)
			ProcessInitializeOnLoadMethodAttributes (105ms)
			AfterProcessingInitializeOnLoad (11ms)
			EditorAssembliesLoaded (0ms)
		ExecutionOrderSort2 (0ms)
		AwakeInstancesAfterBackupRestoration (30ms)
Refreshing native plugins compatible for Editor in 1.65 ms, found 3 plugins.
Preloading 0 native plugins for Editor in 0.00 ms.
Unloading 34 Unused Serialized files (Serialized files now loaded: 0)
Unloading 5958 unused Assets / (6.9 MB). Loaded Objects now: 6971.
Memory consumption went from 209.2 MB to 202.3 MB.
Total: 19.472800 ms (FindLiveObjects: 1.233500 ms CreateObjectMapping: 1.760000 ms MarkObjects: 9.868700 ms  DeleteObjects: 6.608900 ms)

Prepare: number of updated asset objects reloaded= 0
========================================================================
Received Prepare
Refreshing native plugins compatible for Editor in 8.60 ms, found 3 plugins.
Preloading 0 native plugins for Editor in 0.00 ms.
Unloading 34 Unused Serialized files (Serialized files now loaded: 0)
Unloading 5950 unused Assets / (6.7 MB). Loaded Objects now: 6971.
Memory consumption went from 209.2 MB to 202.6 MB.
Total: 33.386800 ms (FindLiveObjects: 2.249200 ms CreateObjectMapping: 2.251800 ms MarkObjects: 23.384900 ms  DeleteObjects: 5.499200 ms)

Prepare: number of updated asset objects reloaded= 0
========================================================================
Received Prepare
Begin MonoManager ReloadAssembly
- Loaded All Assemblies, in  1.431 seconds
Refreshing native plugins compatible for Editor in 1.89 ms, found 3 plugins.
Native extension for WindowsStandalone target not found
Mono: successfully reloaded assembly
- Finished resetting the current domain, in  1.673 seconds
Domain Reload Profiling: 3103ms
	BeginReloadAssembly (398ms)
		ExecutionOrderSort (0ms)
		DisableScriptedObjects (13ms)
		BackupInstance (0ms)
		ReleaseScriptingObjects (0ms)
		CreateAndSetChildDomain (81ms)
	RebuildCommonClasses (86ms)
	RebuildNativeTypeToScriptingClass (32ms)
	initialDomainReloadingComplete (60ms)
	LoadAllAssembliesAndSetupDomain (854ms)
		LoadAssemblies (616ms)
		RebuildTransferFunctionScriptingTraits (0ms)
		AnalyzeDomain (461ms)
			TypeCache.Refresh (12ms)
				TypeCache.ScanAssembly (0ms)
			BuildScriptInfoCaches (424ms)
			ResolveRequiredComponents (19ms)
	FinalizeReload (1674ms)
		ReleaseScriptCaches (0ms)
		RebuildScriptCaches (0ms)
		SetupLoadedEditorAssemblies (1228ms)
			LogAssemblyErrors (0ms)
			InitializePlatformSupportModulesInManaged (6ms)
			SetLoadedEditorAssemblies (8ms)
			BeforeProcessingInitializeOnLoad (227ms)
			ProcessInitializeOnLoadAttributes (841ms)
			ProcessInitializeOnLoadMethodAttributes (133ms)
			AfterProcessingInitializeOnLoad (12ms)
			EditorAssembliesLoaded (0ms)
		ExecutionOrderSort2 (0ms)
		AwakeInstancesAfterBackupRestoration (47ms)
Refreshing native plugins compatible for Editor in 1.98 ms, found 3 plugins.
Preloading 0 native plugins for Editor in 0.00 ms.
Unloading 34 Unused Serialized files (Serialized files now loaded: 0)
Unloading 5957 unused Assets / (7.3 MB). Loaded Objects now: 6973.
Memory consumption went from 209.1 MB to 201.8 MB.
Total: 21.870300 ms (FindLiveObjects: 1.436200 ms CreateObjectMapping: 1.060800 ms MarkObjects: 12.320100 ms  DeleteObjects: 7.049300 ms)

Prepare: number of updated asset objects reloaded= 0
========================================================================
Received Import Request.
  Time since last request: 163.801662 seconds.
  path: Assets/Challenge 2/Scripts/SpawnManagerX.cs
  artifactKey: Guid(745c25f6adc3b4804961d8389a1a74fa) Importer(815301076,1909f56bfc062723c751e8b465ee728b)
Start importing Assets/Challenge 2/Scripts/SpawnManagerX.cs using Guid(745c25f6adc3b4804961d8389a1a74fa) Importer(815301076,1909f56bfc062723c751e8b465ee728b) (PreviewImporter) -> (artifact id: '24e80fcc397416266fabf8a0da629e94') in 0.0091685 seconds
Number of updated asset objects reloaded before import = 0Number of asset objects unloaded after import = 0

========================================================================
Received Import Request.
  Time since last request: 2.372428 seconds.
  path: Assets/Challenge 2/Scripts/PlayerControllerX.cs
  artifactKey: Guid(5d96ad106bd784549a370bbfd1f8b697) Importer(815301076,1909f56bfc062723c751e8b465ee728b)
Start importing Assets/Challenge 2/Scripts/PlayerControllerX.cs using Guid(5d96ad106bd784549a370bbfd1f8b697) Importer(815301076,1909f56bfc062723c751e8b465ee728b) (PreviewImporter) -> (artifact id: 'c9f7cd411c84c83769e2da01f29a697c') in 0.0012928 seconds
Number of updated asset objects reloaded before import = 0Number of asset objects unloaded after import = 0

========================================================================
Received Import Request.
  Time since last request: 0.605765 seconds.
  path: Assets/Challenge 2/Scripts/MoveForwardX.cs
  artifactKey: Guid(aba24ec01e08d4e8596c800afced39e3) Importer(815301076,1909f56bfc062723c751e8b465ee728b)
Start importing Assets/Challenge 2/Scripts/MoveForwardX.cs using Guid(aba24ec01e08d4e8596c800afced39e3) Importer(815301076,1909f56bfc062723c751e8b465ee728b) (PreviewImporter) -> (artifact id: '770464ae05dcb8145ead529d10770b02') in 0.0008022 seconds
Number of updated asset objects reloaded before import = 0Number of asset objects unloaded after import = 0

========================================================================
Received Prepare
Refreshing native plugins compatible for Editor in 1.22 ms, found 3 plugins.
Preloading 0 native plugins for Editor in 0.00 ms.
Unloading 34 Unused Serialized files (Serialized files now loaded: 0)
Unloading 5950 unused Assets / (7.8 MB). Loaded Objects now: 6973.
Memory consumption went from 209.2 MB to 201.4 MB.
Total: 97.582300 ms (FindLiveObjects: 5.377600 ms CreateObjectMapping: 23.517600 ms MarkObjects: 32.496900 ms  DeleteObjects: 36.188000 ms)

Prepare: number of updated asset objects reloaded= 0
========================================================================
Received Import Request.
  Time since last request: 289.896941 seconds.
  path: Assets/Challenge 2/Scripts/PlayerControllerX.cs
  artifactKey: Guid(5d96ad106bd784549a370bbfd1f8b697) Importer(815301076,1909f56bfc062723c751e8b465ee728b)
Start importing Assets/Challenge 2/Scripts/PlayerControllerX.cs using Guid(5d96ad106bd784549a370bbfd1f8b697) Importer(815301076,1909f56bfc062723c751e8b465ee728b) (PreviewImporter) -> (artifact id: 'f6b4665f5870d14416e23f2ef698d875') in 0.0052463 seconds
Number of updated asset objects reloaded before import = 0Number of asset objects unloaded after import = 0

========================================================================
Received Prepare
Refreshing native plugins compatible for Editor in 1.25 ms, found 3 plugins.
Preloading 0 native plugins for Editor in 0.00 ms.
Unloading 34 Unused Serialized files (Serialized files now loaded: 0)
Unloading 5950 unused Assets / (8.2 MB). Loaded Objects now: 6973.
Memory consumption went from 209.2 MB to 201.0 MB.
Total: 149.781900 ms (FindLiveObjects: 101.612400 ms CreateObjectMapping: 14.141700 ms MarkObjects: 20.933800 ms  DeleteObjects: 13.092000 ms)

Prepare: number of updated asset objects reloaded= 0
========================================================================
Received Prepare
Begin MonoManager ReloadAssembly
- Loaded All Assemblies, in  1.435 seconds
Refreshing native plugins compatible for Editor in 1.35 ms, found 3 plugins.
Native extension for WindowsStandalone target not found
Mono: successfully reloaded assembly
- Finished resetting the current domain, in  1.527 seconds
Domain Reload Profiling: 2958ms
	BeginReloadAssembly (415ms)
		ExecutionOrderSort (0ms)
		DisableScriptedObjects (11ms)
		BackupInstance (0ms)
		ReleaseScriptingObjects (0ms)
		CreateAndSetChildDomain (131ms)
	RebuildCommonClasses (88ms)
	RebuildNativeTypeToScriptingClass (26ms)
	initialDomainReloadingComplete (69ms)
	LoadAllAssembliesAndSetupDomain (833ms)
		LoadAssemblies (634ms)
		RebuildTransferFunctionScriptingTraits (0ms)
		AnalyzeDomain (389ms)
			TypeCache.Refresh (16ms)
				TypeCache.ScanAssembly (1ms)
			BuildScriptInfoCaches (351ms)
			ResolveRequiredComponents (17ms)
	FinalizeReload (1527ms)
		ReleaseScriptCaches (0ms)
		RebuildScriptCaches (0ms)
		SetupLoadedEditorAssemblies (1078ms)
			LogAssemblyErrors (0ms)
			InitializePlatformSupportModulesInManaged (4ms)
			SetLoadedEditorAssemblies (8ms)
			BeforeProcessingInitializeOnLoad (228ms)
			ProcessInitializeOnLoadAttributes (696ms)
			ProcessInitializeOnLoadMethodAttributes (123ms)
			AfterProcessingInitializeOnLoad (17ms)
			EditorAssembliesLoaded (1ms)
		ExecutionOrderSort2 (0ms)
		AwakeInstancesAfterBackupRestoration (44ms)
Refreshing native plugins compatible for Editor in 2.17 ms, found 3 plugins.
Preloading 0 native plugins for Editor in 0.00 ms.
Unloading 34 Unused Serialized files (Serialized files now loaded: 0)
Unloading 5957 unused Assets / (6.9 MB). Loaded Objects now: 6975.
Memory consumption went from 209.1 MB to 202.1 MB.
Total: 19.787900 ms (FindLiveObjects: 1.472900 ms CreateObjectMapping: 1.355200 ms MarkObjects: 10.172900 ms  DeleteObjects: 6.785000 ms)

Prepare: number of updated asset objects reloaded= 0
========================================================================
Received Prepare
Begin MonoManager ReloadAssembly
- Loaded All Assemblies, in  1.372 seconds
Refreshing native plugins compatible for Editor in 1.25 ms, found 3 plugins.
Native extension for WindowsStandalone target not found
Mono: successfully reloaded assembly
- Finished resetting the current domain, in  1.229 seconds
Domain Reload Profiling: 2597ms
	BeginReloadAssembly (407ms)
		ExecutionOrderSort (0ms)
		DisableScriptedObjects (16ms)
		BackupInstance (0ms)
		ReleaseScriptingObjects (0ms)
		CreateAndSetChildDomain (89ms)
	RebuildCommonClasses (80ms)
	RebuildNativeTypeToScriptingClass (34ms)
	initialDomainReloadingComplete (57ms)
	LoadAllAssembliesAndSetupDomain (789ms)
		LoadAssemblies (624ms)
		RebuildTransferFunctionScriptingTraits (0ms)
		AnalyzeDomain (376ms)
			TypeCache.Refresh (9ms)
				TypeCache.ScanAssembly (0ms)
			BuildScriptInfoCaches (338ms)
			ResolveRequiredComponents (24ms)
	FinalizeReload (1230ms)
		ReleaseScriptCaches (0ms)
		RebuildScriptCaches (0ms)
		SetupLoadedEditorAssemblies (888ms)
			LogAssemblyErrors (0ms)
			InitializePlatformSupportModulesInManaged (4ms)
			SetLoadedEditorAssemblies (7ms)
			BeforeProcessingInitializeOnLoad (193ms)
			ProcessInitializeOnLoadAttributes (573ms)
			ProcessInitializeOnLoadMethodAttributes (99ms)
			AfterProcessingInitializeOnLoad (11ms)
			EditorAssembliesLoaded (1ms)
		ExecutionOrderSort2 (0ms)
		AwakeInstancesAfterBackupRestoration (32ms)
Refreshing native plugins compatible for Editor in 1.42 ms, found 3 plugins.
Preloading 0 native plugins for Editor in 0.00 ms.
Unloading 34 Unused Serialized files (Serialized files now loaded: 0)
Unloading 5957 unused Assets / (7.2 MB). Loaded Objects now: 6977.
Memory consumption went from 209.1 MB to 201.9 MB.
Total: 19.729900 ms (FindLiveObjects: 1.213100 ms CreateObjectMapping: 2.242600 ms MarkObjects: 9.739600 ms  DeleteObjects: 6.532600 ms)

Prepare: number of updated asset objects reloaded= 0
========================================================================
Received Prepare
Refreshing native plugins compatible for Editor in 2.46 ms, found 3 plugins.
Preloading 0 native plugins for Editor in 0.00 ms.
Unloading 34 Unused Serialized files (Serialized files now loaded: 0)
Unloading 5950 unused Assets / (7.0 MB). Loaded Objects now: 6977.
Memory consumption went from 209.3 MB to 202.3 MB.
Total: 30.126000 ms (FindLiveObjects: 2.853500 ms CreateObjectMapping: 2.386000 ms MarkObjects: 18.667200 ms  DeleteObjects: 6.217500 ms)

Prepare: number of updated asset objects reloaded= 0
========================================================================
Received Prepare
Begin MonoManager ReloadAssembly
- Loaded All Assemblies, in  1.354 seconds
Refreshing native plugins compatible for Editor in 1.84 ms, found 3 plugins.
Native extension for WindowsStandalone target not found
Mono: successfully reloaded assembly
- Finished resetting the current domain, in  1.571 seconds
Domain Reload Profiling: 2923ms
	BeginReloadAssembly (371ms)
		ExecutionOrderSort (0ms)
		DisableScriptedObjects (17ms)
		BackupInstance (0ms)
		ReleaseScriptingObjects (0ms)
		CreateAndSetChildDomain (76ms)
	RebuildCommonClasses (83ms)
	RebuildNativeTypeToScriptingClass (28ms)
	initialDomainReloadingComplete (60ms)
	LoadAllAssembliesAndSetupDomain (809ms)
		LoadAssemblies (613ms)
		RebuildTransferFunctionScriptingTraits (0ms)
		AnalyzeDomain (392ms)
			TypeCache.Refresh (17ms)
				TypeCache.ScanAssembly (1ms)
			BuildScriptInfoCaches (342ms)
			ResolveRequiredComponents (27ms)
	FinalizeReload (1572ms)
		ReleaseScriptCaches (0ms)
		RebuildScriptCaches (0ms)
		SetupLoadedEditorAssemblies (1136ms)
			LogAssemblyErrors (0ms)
			InitializePlatformSupportModulesInManaged (4ms)
			SetLoadedEditorAssemblies (9ms)
			BeforeProcessingInitializeOnLoad (206ms)
			ProcessInitializeOnLoadAttributes (774ms)
			ProcessInitializeOnLoadMethodAttributes (126ms)
			AfterProcessingInitializeOnLoad (18ms)
			EditorAssembliesLoaded (0ms)
		ExecutionOrderSort2 (0ms)
		AwakeInstancesAfterBackupRestoration (51ms)
Refreshing native plugins compatible for Editor in 1.46 ms, found 3 plugins.
Preloading 0 native plugins for Editor in 0.00 ms.
Unloading 34 Unused Serialized files (Serialized files now loaded: 0)
Unloading 5957 unused Assets / (7.2 MB). Loaded Objects now: 6979.
Memory consumption went from 209.1 MB to 201.9 MB.
Total: 19.146900 ms (FindLiveObjects: 1.728500 ms CreateObjectMapping: 1.690500 ms MarkObjects: 9.133700 ms  DeleteObjects: 6.591800 ms)

Prepare: number of updated asset objects reloaded= 0
========================================================================
Received Prepare
Begin MonoManager ReloadAssembly
- Loaded All Assemblies, in  1.363 seconds
Refreshing native plugins compatible for Editor in 1.29 ms, found 3 plugins.
Native extension for WindowsStandalone target not found
Mono: successfully reloaded assembly
- Finished resetting the current domain, in  1.271 seconds
Domain Reload Profiling: 2631ms
	BeginReloadAssembly (380ms)
		ExecutionOrderSort (0ms)
		DisableScriptedObjects (13ms)
		BackupInstance (0ms)
		ReleaseScriptingObjects (0ms)
		CreateAndSetChildDomain (79ms)
	RebuildCommonClasses (75ms)
	RebuildNativeTypeToScriptingClass (31ms)
	initialDomainReloadingComplete (65ms)
	LoadAllAssembliesAndSetupDomain (809ms)
		LoadAssemblies (635ms)
		RebuildTransferFunctionScriptingTraits (0ms)
		AnalyzeDomain (376ms)
			TypeCache.Refresh (14ms)
				TypeCache.ScanAssembly (0ms)
			BuildScriptInfoCaches (333ms)
			ResolveRequiredComponents (23ms)
	FinalizeReload (1272ms)
		ReleaseScriptCaches (0ms)
		RebuildScriptCaches (0ms)
		SetupLoadedEditorAssemblies (931ms)
			LogAssemblyErrors (0ms)
			InitializePlatformSupportModulesInManaged (5ms)
			SetLoadedEditorAssemblies (8ms)
			BeforeProcessingInitializeOnLoad (198ms)
			ProcessInitializeOnLoadAttributes (610ms)
			ProcessInitializeOnLoadMethodAttributes (98ms)
			AfterProcessingInitializeOnLoad (11ms)
			EditorAssembliesLoaded (0ms)
		ExecutionOrderSort2 (0ms)
		AwakeInstancesAfterBackupRestoration (33ms)
Refreshing native plugins compatible for Editor in 1.83 ms, found 3 plugins.
Preloading 0 native plugins for Editor in 0.00 ms.
Unloading 34 Unused Serialized files (Serialized files now loaded: 0)
Unloading 5957 unused Assets / (6.8 MB). Loaded Objects now: 6981.
Memory consumption went from 209.1 MB to 202.2 MB.
Total: 19.188200 ms (FindLiveObjects: 1.263100 ms CreateObjectMapping: 1.867100 ms MarkObjects: 9.490000 ms  DeleteObjects: 6.566400 ms)

Prepare: number of updated asset objects reloaded= 0
========================================================================
Received Prepare
Refreshing native plugins compatible for Editor in 1.32 ms, found 3 plugins.
Preloading 0 native plugins for Editor in 0.00 ms.
Unloading 34 Unused Serialized files (Serialized files now loaded: 0)
Unloading 5950 unused Assets / (5.8 MB). Loaded Objects now: 6981.
Memory consumption went from 209.3 MB to 203.4 MB.
Total: 178.815300 ms (FindLiveObjects: 1.543900 ms CreateObjectMapping: 11.445500 ms MarkObjects: 159.045900 ms  DeleteObjects: 6.778000 ms)

Prepare: number of updated asset objects reloaded= 0
========================================================================
Received Import Request.
  Time since last request: 173.704337 seconds.
  path: Assets/Challenge 2/Scripts/PlayerControllerX.cs
  artifactKey: Guid(5d96ad106bd784549a370bbfd1f8b697) Importer(815301076,1909f56bfc062723c751e8b465ee728b)
Start importing Assets/Challenge 2/Scripts/PlayerControllerX.cs using Guid(5d96ad106bd784549a370bbfd1f8b697) Importer(815301076,1909f56bfc062723c751e8b465ee728b) (PreviewImporter) -> (artifact id: '3a1706d9ff9b5e9ed10aaf1e7295a9e8') in 0.0312593 seconds
Number of updated asset objects reloaded before import = 0Number of asset objects unloaded after import = 0

========================================================================
Received Prepare
Begin MonoManager ReloadAssembly
- Loaded All Assemblies, in  1.326 seconds
Refreshing native plugins compatible for Editor in 1.33 ms, found 3 plugins.
Native extension for WindowsStandalone target not found
Mono: successfully reloaded assembly
- Finished resetting the current domain, in  1.528 seconds
Domain Reload Profiling: 2852ms
	BeginReloadAssembly (397ms)
		ExecutionOrderSort (0ms)
		DisableScriptedObjects (15ms)
		BackupInstance (0ms)
		ReleaseScriptingObjects (0ms)
		CreateAndSetChildDomain (90ms)
	RebuildCommonClasses (65ms)
	RebuildNativeTypeToScriptingClass (27ms)
	initialDomainReloadingComplete (59ms)
	LoadAllAssembliesAndSetupDomain (774ms)
		LoadAssemblies (616ms)
		RebuildTransferFunctionScriptingTraits (0ms)
		AnalyzeDomain (367ms)
			TypeCache.Refresh (10ms)
				TypeCache.ScanAssembly (0ms)
			BuildScriptInfoCaches (327ms)
			ResolveRequiredComponents (23ms)
	FinalizeReload (1529ms)
		ReleaseScriptCaches (0ms)
		RebuildScriptCaches (0ms)
		SetupLoadedEditorAssemblies (1104ms)
			LogAssemblyErrors (0ms)
			InitializePlatformSupportModulesInManaged (6ms)
			SetLoadedEditorAssemblies (10ms)
			BeforeProcessingInitializeOnLoad (188ms)
			ProcessInitializeOnLoadAttributes (776ms)
			ProcessInitializeOnLoadMethodAttributes (112ms)
			AfterProcessingInitializeOnLoad (11ms)
			EditorAssembliesLoaded (0ms)
		ExecutionOrderSort2 (0ms)
		AwakeInstancesAfterBackupRestoration (44ms)
Refreshing native plugins compatible for Editor in 1.92 ms, found 3 plugins.
Preloading 0 native plugins for Editor in 0.00 ms.
Unloading 34 Unused Serialized files (Serialized files now loaded: 0)
Unloading 5957 unused Assets / (8.9 MB). Loaded Objects now: 6983.
Memory consumption went from 209.1 MB to 200.2 MB.
Total: 29.143100 ms (FindLiveObjects: 1.253400 ms CreateObjectMapping: 1.555900 ms MarkObjects: 11.559400 ms  DeleteObjects: 14.772700 ms)

Prepare: number of updated asset objects reloaded= 0
========================================================================
Received Prepare
Begin MonoManager ReloadAssembly
- Loaded All Assemblies, in  1.429 seconds
Refreshing native plugins compatible for Editor in 1.31 ms, found 3 plugins.
Native extension for WindowsStandalone target not found
Mono: successfully reloaded assembly
- Finished resetting the current domain, in  1.257 seconds
Domain Reload Profiling: 2681ms
	BeginReloadAssembly (403ms)
		ExecutionOrderSort (0ms)
		DisableScriptedObjects (13ms)
		BackupInstance (0ms)
		ReleaseScriptingObjects (0ms)
		CreateAndSetChildDomain (80ms)
	RebuildCommonClasses (82ms)
	RebuildNativeTypeToScriptingClass (32ms)
	initialDomainReloadingComplete (68ms)
	LoadAllAssembliesAndSetupDomain (839ms)
		LoadAssemblies (663ms)
		RebuildTransferFunctionScriptingTraits (0ms)
		AnalyzeDomain (401ms)
			TypeCache.Refresh (11ms)
				TypeCache.ScanAssembly (0ms)
			BuildScriptInfoCaches (363ms)
			ResolveRequiredComponents (22ms)
	FinalizeReload (1258ms)
		ReleaseScriptCaches (0ms)
		RebuildScriptCaches (0ms)
		SetupLoadedEditorAssemblies (922ms)
			LogAssemblyErrors (0ms)
			InitializePlatformSupportModulesInManaged (4ms)
			SetLoadedEditorAssemblies (9ms)
			BeforeProcessingInitializeOnLoad (192ms)
			ProcessInitializeOnLoadAttributes (606ms)
			ProcessInitializeOnLoadMethodAttributes (100ms)
			AfterProcessingInitializeOnLoad (12ms)
			EditorAssembliesLoaded (0ms)
		ExecutionOrderSort2 (0ms)
		AwakeInstancesAfterBackupRestoration (31ms)
Refreshing native plugins compatible for Editor in 1.65 ms, found 3 plugins.
Preloading 0 native plugins for Editor in 0.00 ms.
Unloading 34 Unused Serialized files (Serialized files now loaded: 0)
Unloading 5957 unused Assets / (6.6 MB). Loaded Objects now: 6985.
Memory consumption went from 209.1 MB to 202.5 MB.
Total: 20.667900 ms (FindLiveObjects: 1.667100 ms CreateObjectMapping: 2.012900 ms MarkObjects: 10.043400 ms  DeleteObjects: 6.943000 ms)

Prepare: number of updated asset objects reloaded= 0
========================================================================
Received Prepare
Refreshing native plugins compatible for Editor in 1.50 ms, found 3 plugins.
Preloading 0 native plugins for Editor in 0.00 ms.
Unloading 34 Unused Serialized files (Serialized files now loaded: 0)
Unloading 5950 unused Assets / (8.5 MB). Loaded Objects now: 6985.
Memory consumption went from 209.3 MB to 200.8 MB.
Total: 144.138200 ms (FindLiveObjects: 1.169400 ms CreateObjectMapping: 0.922700 ms MarkObjects: 76.383400 ms  DeleteObjects: 65.661100 ms)

Prepare: number of updated asset objects reloaded= 0
========================================================================
Received Import Request.
  Time since last request: 81.455586 seconds.
  path: Assets/Challenge 2/Scripts/PlayerControllerX.cs
  artifactKey: Guid(5d96ad106bd784549a370bbfd1f8b697) Importer(815301076,1909f56bfc062723c751e8b465ee728b)
Start importing Assets/Challenge 2/Scripts/PlayerControllerX.cs using Guid(5d96ad106bd784549a370bbfd1f8b697) Importer(815301076,1909f56bfc062723c751e8b465ee728b) (PreviewImporter) -> (artifact id: 'a27beb7e14ffb32aef0ce6f7c4de1995') in 0.0147722 seconds
Number of updated asset objects reloaded before import = 0Number of asset objects unloaded after import = 0

========================================================================
Received Prepare
Refreshing native plugins compatible for Editor in 1.24 ms, found 3 plugins.
Preloading 0 native plugins for Editor in 0.00 ms.
Unloading 34 Unused Serialized files (Serialized files now loaded: 0)
Unloading 5950 unused Assets / (7.7 MB). Loaded Objects now: 6985.
Memory consumption went from 209.3 MB to 201.6 MB.
Total: 40.139300 ms (FindLiveObjects: 1.484500 ms CreateObjectMapping: 2.217100 ms MarkObjects: 15.211700 ms  DeleteObjects: 21.223900 ms)

Prepare: number of updated asset objects reloaded= 0
========================================================================
Received Prepare
Refreshing native plugins compatible for Editor in 1.69 ms, found 3 plugins.
Preloading 0 native plugins for Editor in 0.00 ms.
Unloading 34 Unused Serialized files (Serialized files now loaded: 0)
Unloading 5950 unused Assets / (6.7 MB). Loaded Objects now: 6985.
Memory consumption went from 209.3 MB to 202.6 MB.
Total: 40.593600 ms (FindLiveObjects: 1.431400 ms CreateObjectMapping: 22.210500 ms MarkObjects: 10.884000 ms  DeleteObjects: 6.065400 ms)

Prepare: number of updated asset objects reloaded= 0
========================================================================
Received Import Request.
  Time since last request: 105.884086 seconds.
  path: Assets/Challenge 2/Scripts/PlayerControllerX.cs
  artifactKey: Guid(5d96ad106bd784549a370bbfd1f8b697) Importer(815301076,1909f56bfc062723c751e8b465ee728b)
Start importing Assets/Challenge 2/Scripts/PlayerControllerX.cs using Guid(5d96ad106bd784549a370bbfd1f8b697) Importer(815301076,1909f56bfc062723c751e8b465ee728b) (PreviewImporter) -> (artifact id: '99907f54b73c20b42b0f6e9b3f90eeff') in 0.0089342 seconds
Number of updated asset objects reloaded before import = 0Number of asset objects unloaded after import = 0

========================================================================
Received Prepare
Refreshing native plugins compatible for Editor in 1.45 ms, found 3 plugins.
Preloading 0 native plugins for Editor in 0.00 ms.
Unloading 34 Unused Serialized files (Serialized files now loaded: 0)
Unloading 5950 unused Assets / (6.1 MB). Loaded Objects now: 6985.
Memory consumption went from 209.2 MB to 203.2 MB.
Total: 23.022900 ms (FindLiveObjects: 2.787400 ms CreateObjectMapping: 1.260500 ms MarkObjects: 13.564900 ms  DeleteObjects: 5.407700 ms)

Prepare: number of updated asset objects reloaded= 0
========================================================================
Received Prepare
Begin MonoManager ReloadAssembly
- Loaded All Assemblies, in  1.362 seconds
Refreshing native plugins compatible for Editor in 1.50 ms, found 3 plugins.
Native extension for WindowsStandalone target not found
Mono: successfully reloaded assembly
- Finished resetting the current domain, in  1.603 seconds
Domain Reload Profiling: 2967ms
	BeginReloadAssembly (394ms)
		ExecutionOrderSort (0ms)
		DisableScriptedObjects (14ms)
		BackupInstance (0ms)
		ReleaseScriptingObjects (0ms)
		CreateAndSetChildDomain (80ms)
	RebuildCommonClasses (106ms)
	RebuildNativeTypeToScriptingClass (31ms)
	initialDomainReloadingComplete (49ms)
	LoadAllAssembliesAndSetupDomain (783ms)
		LoadAssemblies (618ms)
		RebuildTransferFunctionScriptingTraits (0ms)
		AnalyzeDomain (383ms)
			TypeCache.Refresh (15ms)
				TypeCache.ScanAssembly (0ms)
			BuildScriptInfoCaches (335ms)
			ResolveRequiredComponents (27ms)
	FinalizeReload (1604ms)
		ReleaseScriptCaches (0ms)
		RebuildScriptCaches (0ms)
		SetupLoadedEditorAssemblies (1065ms)
			LogAssemblyErrors (0ms)
			InitializePlatformSupportModulesInManaged (5ms)
			SetLoadedEditorAssemblies (13ms)
			BeforeProcessingInitializeOnLoad (212ms)
			ProcessInitializeOnLoadAttributes (712ms)
			ProcessInitializeOnLoadMethodAttributes (109ms)
			AfterProcessingInitializeOnLoad (13ms)
			EditorAssembliesLoaded (1ms)
		ExecutionOrderSort2 (0ms)
		AwakeInstancesAfterBackupRestoration (52ms)
Refreshing native plugins compatible for Editor in 1.63 ms, found 3 plugins.
Preloading 0 native plugins for Editor in 0.00 ms.
Unloading 34 Unused Serialized files (Serialized files now loaded: 0)
Unloading 5957 unused Assets / (7.0 MB). Loaded Objects now: 6987.
Memory consumption went from 209.1 MB to 202.1 MB.
Total: 17.884600 ms (FindLiveObjects: 1.213000 ms CreateObjectMapping: 0.934100 ms MarkObjects: 9.218400 ms  DeleteObjects: 6.517300 ms)

Prepare: number of updated asset objects reloaded= 0
========================================================================
Received Prepare
Begin MonoManager ReloadAssembly
- Loaded All Assemblies, in  1.362 seconds
Refreshing native plugins compatible for Editor in 1.33 ms, found 3 plugins.
Native extension for WindowsStandalone target not found
Mono: successfully reloaded assembly
- Finished resetting the current domain, in  1.273 seconds
Domain Reload Profiling: 2634ms
	BeginReloadAssembly (369ms)
		ExecutionOrderSort (0ms)
		DisableScriptedObjects (14ms)
		BackupInstance (0ms)
		ReleaseScriptingObjects (0ms)
		CreateAndSetChildDomain (85ms)
	RebuildCommonClasses (65ms)
	RebuildNativeTypeToScriptingClass (30ms)
	initialDomainReloadingComplete (57ms)
	LoadAllAssembliesAndSetupDomain (840ms)
		LoadAssemblies (631ms)
		RebuildTransferFunctionScriptingTraits (0ms)
		AnalyzeDomain (414ms)
			TypeCache.Refresh (11ms)
				TypeCache.ScanAssembly (0ms)
			BuildScriptInfoCaches (378ms)
			ResolveRequiredComponents (20ms)
	FinalizeReload (1274ms)
		ReleaseScriptCaches (0ms)
		RebuildScriptCaches (0ms)
		SetupLoadedEditorAssemblies (912ms)
			LogAssemblyErrors (0ms)
			InitializePlatformSupportModulesInManaged (4ms)
			SetLoadedEditorAssemblies (8ms)
			BeforeProcessingInitializeOnLoad (193ms)
			ProcessInitializeOnLoadAttributes (599ms)
			ProcessInitializeOnLoadMethodAttributes (96ms)
			AfterProcessingInitializeOnLoad (11ms)
			EditorAssembliesLoaded (0ms)
		ExecutionOrderSort2 (0ms)
		AwakeInstancesAfterBackupRestoration (35ms)
Refreshing native plugins compatible for Editor in 1.50 ms, found 3 plugins.
Preloading 0 native plugins for Editor in 0.00 ms.
Unloading 34 Unused Serialized files (Serialized files now loaded: 0)
Unloading 5957 unused Assets / (7.2 MB). Loaded Objects now: 6989.
Memory consumption went from 209.1 MB to 201.9 MB.
Total: 19.763800 ms (FindLiveObjects: 1.262600 ms CreateObjectMapping: 1.881400 ms MarkObjects: 9.828700 ms  DeleteObjects: 6.789800 ms)

Prepare: number of updated asset objects reloaded= 0
========================================================================
Received Prepare
Refreshing native plugins compatible for Editor in 1.72 ms, found 3 plugins.
Preloading 0 native plugins for Editor in 0.00 ms.
Unloading 34 Unused Serialized files (Serialized files now loaded: 0)
Unloading 5950 unused Assets / (7.2 MB). Loaded Objects now: 6989.
Memory consumption went from 209.3 MB to 202.1 MB.
Total: 21.673700 ms (FindLiveObjects: 2.058500 ms CreateObjectMapping: 1.396900 ms MarkObjects: 10.639900 ms  DeleteObjects: 7.576900 ms)

Prepare: number of updated asset objects reloaded= 0
========================================================================
Received Import Request.
  Time since last request: 78.267744 seconds.
  path: Assets/Challenge 2/Scripts/PlayerControllerX.cs
  artifactKey: Guid(5d96ad106bd784549a370bbfd1f8b697) Importer(815301076,1909f56bfc062723c751e8b465ee728b)
Start importing Assets/Challenge 2/Scripts/PlayerControllerX.cs using Guid(5d96ad106bd784549a370bbfd1f8b697) Importer(815301076,1909f56bfc062723c751e8b465ee728b) (PreviewImporter) -> (artifact id: 'c244d35895fb53e8c9a7eb3be7575c72') in 0.0170925 seconds
Number of updated asset objects reloaded before import = 0Number of asset objects unloaded after import = 0

========================================================================
Received Prepare
Begin MonoManager ReloadAssembly
- Loaded All Assemblies, in  1.447 seconds
Refreshing native plugins compatible for Editor in 1.27 ms, found 3 plugins.
Native extension for WindowsStandalone target not found
Mono: successfully reloaded assembly
- Finished resetting the current domain, in  1.493 seconds
Domain Reload Profiling: 2938ms
	BeginReloadAssembly (377ms)
		ExecutionOrderSort (0ms)
		DisableScriptedObjects (15ms)
		BackupInstance (0ms)
		ReleaseScriptingObjects (0ms)
		CreateAndSetChildDomain (91ms)
	RebuildCommonClasses (87ms)
	RebuildNativeTypeToScriptingClass (27ms)
	initialDomainReloadingComplete (63ms)
	LoadAllAssembliesAndSetupDomain (891ms)
		LoadAssemblies (605ms)
		RebuildTransferFunctionScriptingTraits (0ms)
		AnalyzeDomain (474ms)
			TypeCache.Refresh (20ms)
				TypeCache.ScanAssembly (0ms)
			BuildScriptInfoCaches (423ms)
			ResolveRequiredComponents (25ms)
	FinalizeReload (1494ms)
		ReleaseScriptCaches (0ms)
		RebuildScriptCaches (0ms)
		SetupLoadedEditorAssemblies (1100ms)
			LogAssemblyErrors (0ms)
			InitializePlatformSupportModulesInManaged (6ms)
			SetLoadedEditorAssemblies (12ms)
			BeforeProcessingInitializeOnLoad (200ms)
			ProcessInitializeOnLoadAttributes (754ms)
			ProcessInitializeOnLoadMethodAttributes (111ms)
			AfterProcessingInitializeOnLoad (17ms)
			EditorAssembliesLoaded (0ms)
		ExecutionOrderSort2 (0ms)
		AwakeInstancesAfterBackupRestoration (44ms)
Refreshing native plugins compatible for Editor in 1.29 ms, found 3 plugins.
Preloading 0 native plugins for Editor in 0.00 ms.
Unloading 34 Unused Serialized files (Serialized files now loaded: 0)
Unloading 5957 unused Assets / (6.0 MB). Loaded Objects now: 6991.
Memory consumption went from 209.1 MB to 203.1 MB.
Total: 18.272600 ms (FindLiveObjects: 1.220100 ms CreateObjectMapping: 1.483100 ms MarkObjects: 10.023100 ms  DeleteObjects: 5.544900 ms)

Prepare: number of updated asset objects reloaded= 0
========================================================================
Received Prepare
Begin MonoManager ReloadAssembly
- Loaded All Assemblies, in  1.390 seconds
Refreshing native plugins compatible for Editor in 1.46 ms, found 3 plugins.
Native extension for WindowsStandalone target not found
Mono: successfully reloaded assembly
- Finished resetting the current domain, in  1.214 seconds
Domain Reload Profiling: 2605ms
	BeginReloadAssembly (384ms)
		ExecutionOrderSort (0ms)
		DisableScriptedObjects (15ms)
		BackupInstance (0ms)
		ReleaseScriptingObjects (0ms)
		CreateAndSetChildDomain (76ms)
	RebuildCommonClasses (69ms)
	RebuildNativeTypeToScriptingClass (24ms)
	initialDomainReloadingComplete (71ms)
	LoadAllAssembliesAndSetupDomain (842ms)
		LoadAssemblies (663ms)
		RebuildTransferFunctionScriptingTraits (0ms)
		AnalyzeDomain (394ms)
			TypeCache.Refresh (14ms)
				TypeCache.ScanAssembly (0ms)
			BuildScriptInfoCaches (349ms)
			ResolveRequiredComponents (25ms)
	FinalizeReload (1214ms)
		ReleaseScriptCaches (0ms)
		RebuildScriptCaches (0ms)
		SetupLoadedEditorAssemblies (885ms)
			LogAssemblyErrors (0ms)
			InitializePlatformSupportModulesInManaged (4ms)
			SetLoadedEditorAssemblies (8ms)
			BeforeProcessingInitializeOnLoad (186ms)
			ProcessInitializeOnLoadAttributes (577ms)
			ProcessInitializeOnLoadMethodAttributes (99ms)
			AfterProcessingInitializeOnLoad (9ms)
			EditorAssembliesLoaded (0ms)
		ExecutionOrderSort2 (0ms)
		AwakeInstancesAfterBackupRestoration (30ms)
Refreshing native plugins compatible for Editor in 1.51 ms, found 3 plugins.
Preloading 0 native plugins for Editor in 0.00 ms.
Unloading 34 Unused Serialized files (Serialized files now loaded: 0)
Unloading 5957 unused Assets / (7.2 MB). Loaded Objects now: 6993.
Memory consumption went from 209.1 MB to 201.9 MB.
Total: 19.846900 ms (FindLiveObjects: 1.335400 ms CreateObjectMapping: 1.953100 ms MarkObjects: 9.704600 ms  DeleteObjects: 6.852200 ms)

Prepare: number of updated asset objects reloaded= 0
========================================================================
Received Prepare
Refreshing native plugins compatible for Editor in 1.29 ms, found 3 plugins.
Preloading 0 native plugins for Editor in 0.00 ms.
Unloading 34 Unused Serialized files (Serialized files now loaded: 0)
Unloading 5950 unused Assets / (6.9 MB). Loaded Objects now: 6993.
Memory consumption went from 209.3 MB to 202.4 MB.
Total: 44.990100 ms (FindLiveObjects: 1.527500 ms CreateObjectMapping: 25.782200 ms MarkObjects: 11.772900 ms  DeleteObjects: 5.905200 ms)

Prepare: number of updated asset objects reloaded= 0
========================================================================
Received Prepare
Begin MonoManager ReloadAssembly
- Loaded All Assemblies, in  1.373 seconds
Refreshing native plugins compatible for Editor in 2.06 ms, found 3 plugins.
Native extension for WindowsStandalone target not found
Mono: successfully reloaded assembly
- Finished resetting the current domain, in  1.598 seconds
Domain Reload Profiling: 2972ms
	BeginReloadAssembly (398ms)
		ExecutionOrderSort (0ms)
		DisableScriptedObjects (16ms)
		BackupInstance (0ms)
		ReleaseScriptingObjects (0ms)
		CreateAndSetChildDomain (89ms)
	RebuildCommonClasses (94ms)
	RebuildNativeTypeToScriptingClass (29ms)
	initialDomainReloadingComplete (59ms)
	LoadAllAssembliesAndSetupDomain (793ms)
		LoadAssemblies (625ms)
		RebuildTransferFunctionScriptingTraits (0ms)
		AnalyzeDomain (383ms)
			TypeCache.Refresh (17ms)
				TypeCache.ScanAssembly (1ms)
			BuildScriptInfoCaches (341ms)
			ResolveRequiredComponents (19ms)
	FinalizeReload (1599ms)
		ReleaseScriptCaches (0ms)
		RebuildScriptCaches (0ms)
		SetupLoadedEditorAssemblies (1203ms)
			LogAssemblyErrors (0ms)
			InitializePlatformSupportModulesInManaged (4ms)
			SetLoadedEditorAssemblies (8ms)
			BeforeProcessingInitializeOnLoad (222ms)
			ProcessInitializeOnLoadAttributes (833ms)
			ProcessInitializeOnLoadMethodAttributes (118ms)
			AfterProcessingInitializeOnLoad (18ms)
			EditorAssembliesLoaded (1ms)
		ExecutionOrderSort2 (0ms)
		AwakeInstancesAfterBackupRestoration (40ms)
Refreshing native plugins compatible for Editor in 1.26 ms, found 3 plugins.
Preloading 0 native plugins for Editor in 0.00 ms.
Unloading 34 Unused Serialized files (Serialized files now loaded: 0)
Unloading 5957 unused Assets / (5.8 MB). Loaded Objects now: 6995.
Memory consumption went from 209.1 MB to 203.3 MB.
Total: 16.123100 ms (FindLiveObjects: 1.205600 ms CreateObjectMapping: 1.333200 ms MarkObjects: 8.643200 ms  DeleteObjects: 4.939600 ms)

Prepare: number of updated asset objects reloaded= 0
========================================================================
Received Prepare
Begin MonoManager ReloadAssembly
- Loaded All Assemblies, in  1.376 seconds
Refreshing native plugins compatible for Editor in 1.36 ms, found 3 plugins.
Native extension for WindowsStandalone target not found
Mono: successfully reloaded assembly
- Finished resetting the current domain, in  1.236 seconds
Domain Reload Profiling: 2607ms
	BeginReloadAssembly (389ms)
		ExecutionOrderSort (0ms)
		DisableScriptedObjects (11ms)
		BackupInstance (0ms)
		ReleaseScriptingObjects (0ms)
		CreateAndSetChildDomain (84ms)
	RebuildCommonClasses (79ms)
	RebuildNativeTypeToScriptingClass (27ms)
	initialDomainReloadingComplete (64ms)
	LoadAllAssembliesAndSetupDomain (811ms)
		LoadAssemblies (613ms)
		RebuildTransferFunctionScriptingTraits (0ms)
		AnalyzeDomain (412ms)
			TypeCache.Refresh (12ms)
				TypeCache.ScanAssembly (0ms)
			BuildScriptInfoCaches (369ms)
			ResolveRequiredComponents (24ms)
	FinalizeReload (1236ms)
		ReleaseScriptCaches (0ms)
		RebuildScriptCaches (0ms)
		SetupLoadedEditorAssemblies (898ms)
			LogAssemblyErrors (0ms)
			InitializePlatformSupportModulesInManaged (4ms)
			SetLoadedEditorAssemblies (8ms)
			BeforeProcessingInitializeOnLoad (189ms)
			ProcessInitializeOnLoadAttributes (582ms)
			ProcessInitializeOnLoadMethodAttributes (102ms)
			AfterProcessingInitializeOnLoad (12ms)
			EditorAssembliesLoaded (0ms)
		ExecutionOrderSort2 (0ms)
		AwakeInstancesAfterBackupRestoration (30ms)
Refreshing native plugins compatible for Editor in 1.97 ms, found 3 plugins.
Preloading 0 native plugins for Editor in 0.00 ms.
Unloading 34 Unused Serialized files (Serialized files now loaded: 0)
Unloading 5957 unused Assets / (6.7 MB). Loaded Objects now: 6997.
Memory consumption went from 209.1 MB to 202.4 MB.
Total: 20.066100 ms (FindLiveObjects: 1.682400 ms CreateObjectMapping: 1.700700 ms MarkObjects: 10.539400 ms  DeleteObjects: 6.141700 ms)

Prepare: number of updated asset objects reloaded= 0
========================================================================
Received Prepare
Refreshing native plugins compatible for Editor in 1.25 ms, found 3 plugins.
Preloading 0 native plugins for Editor in 0.00 ms.
Unloading 34 Unused Serialized files (Serialized files now loaded: 0)
Unloading 5950 unused Assets / (5.7 MB). Loaded Objects now: 6997.
Memory consumption went from 209.3 MB to 203.6 MB.
Total: 15.863200 ms (FindLiveObjects: 1.194000 ms CreateObjectMapping: 0.722400 ms MarkObjects: 9.079900 ms  DeleteObjects: 4.865500 ms)

Prepare: number of updated asset objects reloaded= 0
========================================================================
Received Prepare
Begin MonoManager ReloadAssembly
- Loaded All Assemblies, in  1.345 seconds
Refreshing native plugins compatible for Editor in 1.00 ms, found 3 plugins.
Native extension for WindowsStandalone target not found
Mono: successfully reloaded assembly
- Finished resetting the current domain, in  1.586 seconds
Domain Reload Profiling: 2929ms
	BeginReloadAssembly (385ms)
		ExecutionOrderSort (0ms)
		DisableScriptedObjects (16ms)
		BackupInstance (0ms)
		ReleaseScriptingObjects (0ms)
		CreateAndSetChildDomain (85ms)
	RebuildCommonClasses (90ms)
	RebuildNativeTypeToScriptingClass (28ms)
	initialDomainReloadingComplete (57ms)
	LoadAllAssembliesAndSetupDomain (781ms)
		LoadAssemblies (643ms)
		RebuildTransferFunctionScriptingTraits (0ms)
		AnalyzeDomain (344ms)
			TypeCache.Refresh (17ms)
				TypeCache.ScanAssembly (1ms)
			BuildScriptInfoCaches (306ms)
			ResolveRequiredComponents (17ms)
	FinalizeReload (1587ms)
		ReleaseScriptCaches (0ms)
		RebuildScriptCaches (0ms)
		SetupLoadedEditorAssemblies (1125ms)
			LogAssemblyErrors (0ms)
			InitializePlatformSupportModulesInManaged (5ms)
			SetLoadedEditorAssemblies (12ms)
			BeforeProcessingInitializeOnLoad (241ms)
			ProcessInitializeOnLoadAttributes (740ms)
			ProcessInitializeOnLoadMethodAttributes (116ms)
			AfterProcessingInitializeOnLoad (10ms)
			EditorAssembliesLoaded (0ms)
		ExecutionOrderSort2 (0ms)
		AwakeInstancesAfterBackupRestoration (46ms)
Refreshing native plugins compatible for Editor in 1.26 ms, found 3 plugins.
Preloading 0 native plugins for Editor in 0.00 ms.
Unloading 34 Unused Serialized files (Serialized files now loaded: 0)
Unloading 5957 unused Assets / (6.3 MB). Loaded Objects now: 6999.
Memory consumption went from 209.1 MB to 202.8 MB.
Total: 18.280600 ms (FindLiveObjects: 1.171800 ms CreateObjectMapping: 0.802000 ms MarkObjects: 10.675200 ms  DeleteObjects: 5.630100 ms)

Prepare: number of updated asset objects reloaded= 0
========================================================================
Received Prepare
Begin MonoManager ReloadAssembly
- Loaded All Assemblies, in  1.375 seconds
Refreshing native plugins compatible for Editor in 1.18 ms, found 3 plugins.
Native extension for WindowsStandalone target not found
Mono: successfully reloaded assembly
- Finished resetting the current domain, in  1.239 seconds
Domain Reload Profiling: 2611ms
	BeginReloadAssembly (394ms)
		ExecutionOrderSort (0ms)
		DisableScriptedObjects (14ms)
		BackupInstance (0ms)
		ReleaseScriptingObjects (0ms)
		CreateAndSetChildDomain (91ms)
	RebuildCommonClasses (78ms)
	RebuildNativeTypeToScriptingClass (29ms)
	initialDomainReloadingComplete (63ms)
	LoadAllAssembliesAndSetupDomain (807ms)
		LoadAssemblies (612ms)
		RebuildTransferFunctionScriptingTraits (0ms)
		AnalyzeDomain (408ms)
			TypeCache.Refresh (12ms)
				TypeCache.ScanAssembly (0ms)
			BuildScriptInfoCaches (369ms)
			ResolveRequiredComponents (23ms)
	FinalizeReload (1240ms)
		ReleaseScriptCaches (0ms)
		RebuildScriptCaches (0ms)
		SetupLoadedEditorAssemblies (907ms)
			LogAssemblyErrors (0ms)
			InitializePlatformSupportModulesInManaged (4ms)
			SetLoadedEditorAssemblies (9ms)
			BeforeProcessingInitializeOnLoad (183ms)
			ProcessInitializeOnLoadAttributes (601ms)
			ProcessInitializeOnLoadMethodAttributes (98ms)
			AfterProcessingInitializeOnLoad (11ms)
			EditorAssembliesLoaded (0ms)
		ExecutionOrderSort2 (0ms)
		AwakeInstancesAfterBackupRestoration (32ms)
Refreshing native plugins compatible for Editor in 3.02 ms, found 3 plugins.
Preloading 0 native plugins for Editor in 0.00 ms.
Unloading 34 Unused Serialized files (Serialized files now loaded: 0)
Unloading 5957 unused Assets / (7.1 MB). Loaded Objects now: 7001.
Memory consumption went from 209.1 MB to 202.0 MB.
Total: 20.744100 ms (FindLiveObjects: 1.940200 ms CreateObjectMapping: 1.802200 ms MarkObjects: 10.210400 ms  DeleteObjects: 6.790000 ms)

Prepare: number of updated asset objects reloaded= 0
========================================================================
Received Prepare
Refreshing native plugins compatible for Editor in 6.29 ms, found 3 plugins.
Preloading 0 native plugins for Editor in 0.00 ms.
Unloading 34 Unused Serialized files (Serialized files now loaded: 0)
Unloading 5950 unused Assets / (6.9 MB). Loaded Objects now: 7001.
Memory consumption went from 209.3 MB to 202.4 MB.
Total: 18.148200 ms (FindLiveObjects: 1.306100 ms CreateObjectMapping: 1.560700 ms MarkObjects: 8.940600 ms  DeleteObjects: 6.339000 ms)

Prepare: number of updated asset objects reloaded= 0
========================================================================
Received Prepare
Begin MonoManager ReloadAssembly
- Loaded All Assemblies, in  1.362 seconds
Refreshing native plugins compatible for Editor in 2.17 ms, found 3 plugins.
Native extension for WindowsStandalone target not found
Mono: successfully reloaded assembly
- Finished resetting the current domain, in  1.605 seconds
Domain Reload Profiling: 2964ms
	BeginReloadAssembly (386ms)
		ExecutionOrderSort (0ms)
		DisableScriptedObjects (19ms)
		BackupInstance (0ms)
		ReleaseScriptingObjects (0ms)
		CreateAndSetChildDomain (76ms)
	RebuildCommonClasses (83ms)
	RebuildNativeTypeToScriptingClass (32ms)
	initialDomainReloadingComplete (64ms)
	LoadAllAssembliesAndSetupDomain (794ms)
		LoadAssemblies (615ms)
		RebuildTransferFunctionScriptingTraits (0ms)
		AnalyzeDomain (386ms)
			TypeCache.Refresh (19ms)
				TypeCache.ScanAssembly (0ms)
			BuildScriptInfoCaches (336ms)
			ResolveRequiredComponents (25ms)
	FinalizeReload (1606ms)
		ReleaseScriptCaches (0ms)
		RebuildScriptCaches (0ms)
		SetupLoadedEditorAssemblies (1153ms)
			LogAssemblyErrors (0ms)
			InitializePlatformSupportModulesInManaged (5ms)
			SetLoadedEditorAssemblies (10ms)
			BeforeProcessingInitializeOnLoad (226ms)
			ProcessInitializeOnLoadAttributes (768ms)
			ProcessInitializeOnLoadMethodAttributes (128ms)
			AfterProcessingInitializeOnLoad (16ms)
			EditorAssembliesLoaded (0ms)
		ExecutionOrderSort2 (0ms)
		AwakeInstancesAfterBackupRestoration (47ms)
Refreshing native plugins compatible for Editor in 1.47 ms, found 3 plugins.
Preloading 0 native plugins for Editor in 0.00 ms.
Unloading 34 Unused Serialized files (Serialized files now loaded: 0)
Unloading 5957 unused Assets / (5.9 MB). Loaded Objects now: 7003.
Memory consumption went from 209.1 MB to 203.2 MB.
Total: 18.960200 ms (FindLiveObjects: 1.183600 ms CreateObjectMapping: 0.901300 ms MarkObjects: 11.443900 ms  DeleteObjects: 5.429800 ms)

Prepare: number of updated asset objects reloaded= 0
========================================================================
Received Prepare
Begin MonoManager ReloadAssembly
- Loaded All Assemblies, in  1.396 seconds
Refreshing native plugins compatible for Editor in 1.29 ms, found 3 plugins.
Native extension for WindowsStandalone target not found
Mono: successfully reloaded assembly
- Finished resetting the current domain, in  1.231 seconds
Domain Reload Profiling: 2622ms
	BeginReloadAssembly (381ms)
		ExecutionOrderSort (0ms)
		DisableScriptedObjects (10ms)
		BackupInstance (0ms)
		ReleaseScriptingObjects (0ms)
		CreateAndSetChildDomain (86ms)
	RebuildCommonClasses (84ms)
	RebuildNativeTypeToScriptingClass (39ms)
	initialDomainReloadingComplete (61ms)
	LoadAllAssembliesAndSetupDomain (824ms)
		LoadAssemblies (633ms)
		RebuildTransferFunctionScriptingTraits (0ms)
		AnalyzeDomain (396ms)
			TypeCache.Refresh (13ms)
				TypeCache.ScanAssembly (0ms)
			BuildScriptInfoCaches (355ms)
			ResolveRequiredComponents (22ms)
	FinalizeReload (1232ms)
		ReleaseScriptCaches (0ms)
		RebuildScriptCaches (0ms)
		SetupLoadedEditorAssemblies (890ms)
			LogAssemblyErrors (0ms)
			InitializePlatformSupportModulesInManaged (4ms)
			SetLoadedEditorAssemblies (8ms)
			BeforeProcessingInitializeOnLoad (188ms)
			ProcessInitializeOnLoadAttributes (579ms)
			ProcessInitializeOnLoadMethodAttributes (98ms)
			AfterProcessingInitializeOnLoad (12ms)
			EditorAssembliesLoaded (0ms)
		ExecutionOrderSort2 (0ms)
		AwakeInstancesAfterBackupRestoration (32ms)
Refreshing native plugins compatible for Editor in 1.69 ms, found 3 plugins.
Preloading 0 native plugins for Editor in 0.00 ms.
Unloading 34 Unused Serialized files (Serialized files now loaded: 0)
Unloading 5957 unused Assets / (6.3 MB). Loaded Objects now: 7005.
Memory consumption went from 209.1 MB to 202.9 MB.
Total: 17.812600 ms (FindLiveObjects: 1.455300 ms CreateObjectMapping: 1.569400 ms MarkObjects: 8.965300 ms  DeleteObjects: 5.820700 ms)

Prepare: number of updated asset objects reloaded= 0
========================================================================
Received Prepare
Begin MonoManager ReloadAssembly
- Loaded All Assemblies, in  1.363 seconds
Refreshing native plugins compatible for Editor in 0.90 ms, found 3 plugins.
Native extension for WindowsStandalone target not found
Mono: successfully reloaded assembly
- Finished resetting the current domain, in  1.265 seconds
Domain Reload Profiling: 2626ms
	BeginReloadAssembly (364ms)
		ExecutionOrderSort (0ms)
		DisableScriptedObjects (17ms)
		BackupInstance (0ms)
		ReleaseScriptingObjects (0ms)
		CreateAndSetChildDomain (75ms)
	RebuildCommonClasses (82ms)
	RebuildNativeTypeToScriptingClass (37ms)
	initialDomainReloadingComplete (64ms)
	LoadAllAssembliesAndSetupDomain (812ms)
		LoadAssemblies (634ms)
		RebuildTransferFunctionScriptingTraits (0ms)
		AnalyzeDomain (385ms)
			TypeCache.Refresh (11ms)
				TypeCache.ScanAssembly (0ms)
			BuildScriptInfoCaches (341ms)
			ResolveRequiredComponents (28ms)
	FinalizeReload (1266ms)
		ReleaseScriptCaches (0ms)
		RebuildScriptCaches (0ms)
		SetupLoadedEditorAssemblies (910ms)
			LogAssemblyErrors (0ms)
			InitializePlatformSupportModulesInManaged (6ms)
			SetLoadedEditorAssemblies (10ms)
			BeforeProcessingInitializeOnLoad (207ms)
			ProcessInitializeOnLoadAttributes (577ms)
			ProcessInitializeOnLoadMethodAttributes (99ms)
			AfterProcessingInitializeOnLoad (10ms)
			EditorAssembliesLoaded (0ms)
		ExecutionOrderSort2 (0ms)
		AwakeInstancesAfterBackupRestoration (29ms)
Refreshing native plugins compatible for Editor in 1.97 ms, found 3 plugins.
Preloading 0 native plugins for Editor in 0.00 ms.
Unloading 34 Unused Serialized files (Serialized files now loaded: 0)
Unloading 5957 unused Assets / (6.7 MB). Loaded Objects now: 7007.
Memory consumption went from 209.1 MB to 202.4 MB.
Total: 17.997500 ms (FindLiveObjects: 1.273500 ms CreateObjectMapping: 1.560700 ms MarkObjects: 9.157100 ms  DeleteObjects: 6.004800 ms)

Prepare: number of updated asset objects reloaded= 0
========================================================================
Received Prepare
Refreshing native plugins compatible for Editor in 1.40 ms, found 3 plugins.
Preloading 0 native plugins for Editor in 0.00 ms.
Unloading 34 Unused Serialized files (Serialized files now loaded: 0)
Unloading 5950 unused Assets / (6.9 MB). Loaded Objects now: 7007.
Memory consumption went from 209.3 MB to 202.4 MB.
Total: 23.374200 ms (FindLiveObjects: 1.668100 ms CreateObjectMapping: 1.552100 ms MarkObjects: 13.081900 ms  DeleteObjects: 7.065200 ms)

Prepare: number of updated asset objects reloaded= 0
========================================================================
Received Prepare
Begin MonoManager ReloadAssembly
- Loaded All Assemblies, in  1.446 seconds
Refreshing native plugins compatible for Editor in 0.89 ms, found 3 plugins.
Native extension for WindowsStandalone target not found
Mono: successfully reloaded assembly
- Finished resetting the current domain, in  1.331 seconds
Domain Reload Profiling: 2776ms
	BeginReloadAssembly (388ms)
		ExecutionOrderSort (0ms)
		DisableScriptedObjects (18ms)
		BackupInstance (0ms)
		ReleaseScriptingObjects (0ms)
		CreateAndSetChildDomain (80ms)
	RebuildCommonClasses (85ms)
	RebuildNativeTypeToScriptingClass (30ms)
	initialDomainReloadingComplete (106ms)
	LoadAllAssembliesAndSetupDomain (836ms)
		LoadAssemblies (638ms)
		RebuildTransferFunctionScriptingTraits (0ms)
		AnalyzeDomain (404ms)
			TypeCache.Refresh (17ms)
				TypeCache.ScanAssembly (1ms)
			BuildScriptInfoCaches (359ms)
			ResolveRequiredComponents (22ms)
	FinalizeReload (1332ms)
		ReleaseScriptCaches (0ms)
		RebuildScriptCaches (0ms)
		SetupLoadedEditorAssemblies (1004ms)
			LogAssemblyErrors (0ms)
			InitializePlatformSupportModulesInManaged (5ms)
			SetLoadedEditorAssemblies (10ms)
			BeforeProcessingInitializeOnLoad (177ms)
			ProcessInitializeOnLoadAttributes (705ms)
			ProcessInitializeOnLoadMethodAttributes (99ms)
			AfterProcessingInitializeOnLoad (8ms)
			EditorAssembliesLoaded (0ms)
		ExecutionOrderSort2 (0ms)
		AwakeInstancesAfterBackupRestoration (31ms)
Refreshing native plugins compatible for Editor in 1.58 ms, found 3 plugins.
Preloading 0 native plugins for Editor in 0.00 ms.
Unloading 34 Unused Serialized files (Serialized files now loaded: 0)
Unloading 5957 unused Assets / (7.2 MB). Loaded Objects now: 7009.
Memory consumption went from 209.1 MB to 201.9 MB.
Total: 19.843000 ms (FindLiveObjects: 1.278500 ms CreateObjectMapping: 0.910100 ms MarkObjects: 9.906300 ms  DeleteObjects: 7.746400 ms)

Prepare: number of updated asset objects reloaded= 0
========================================================================
Received Prepare
Refreshing native plugins compatible for Editor in 3.41 ms, found 3 plugins.
Preloading 0 native plugins for Editor in 0.00 ms.
Unloading 34 Unused Serialized files (Serialized files now loaded: 0)
Unloading 5950 unused Assets / (7.7 MB). Loaded Objects now: 7009.
Memory consumption went from 209.3 MB to 201.5 MB.
Total: 21.942500 ms (FindLiveObjects: 1.243300 ms CreateObjectMapping: 0.828700 ms MarkObjects: 12.221700 ms  DeleteObjects: 7.646800 ms)

Prepare: number of updated asset objects reloaded= 0
========================================================================
Received Prepare
Begin MonoManager ReloadAssembly
- Loaded All Assemblies, in  1.419 seconds
Refreshing native plugins compatible for Editor in 0.97 ms, found 3 plugins.
Native extension for WindowsStandalone target not found
Mono: successfully reloaded assembly
- Finished resetting the current domain, in  1.236 seconds
Domain Reload Profiling: 2653ms
	BeginReloadAssembly (397ms)
		ExecutionOrderSort (0ms)
		DisableScriptedObjects (13ms)
		BackupInstance (0ms)
		ReleaseScriptingObjects (0ms)
		CreateAndSetChildDomain (89ms)
	RebuildCommonClasses (87ms)
	RebuildNativeTypeToScriptingClass (37ms)
	initialDomainReloadingComplete (62ms)
	LoadAllAssembliesAndSetupDomain (834ms)
		LoadAssemblies (623ms)
		RebuildTransferFunctionScriptingTraits (0ms)
		AnalyzeDomain (425ms)
			TypeCache.Refresh (14ms)
				TypeCache.ScanAssembly (0ms)
			BuildScriptInfoCaches (376ms)
			ResolveRequiredComponents (30ms)
	FinalizeReload (1236ms)
		ReleaseScriptCaches (0ms)
		RebuildScriptCaches (0ms)
		SetupLoadedEditorAssemblies (903ms)
			LogAssemblyErrors (0ms)
			InitializePlatformSupportModulesInManaged (4ms)
			SetLoadedEditorAssemblies (8ms)
			BeforeProcessingInitializeOnLoad (184ms)
			ProcessInitializeOnLoadAttributes (575ms)
			ProcessInitializeOnLoadMethodAttributes (116ms)
			AfterProcessingInitializeOnLoad (15ms)
			EditorAssembliesLoaded (0ms)
		ExecutionOrderSort2 (0ms)
		AwakeInstancesAfterBackupRestoration (34ms)
Refreshing native plugins compatible for Editor in 1.55 ms, found 3 plugins.
Preloading 0 native plugins for Editor in 0.00 ms.
Unloading 34 Unused Serialized files (Serialized files now loaded: 0)
Unloading 5957 unused Assets / (7.3 MB). Loaded Objects now: 7011.
Memory consumption went from 209.1 MB to 201.9 MB.
Total: 19.539500 ms (FindLiveObjects: 1.453000 ms CreateObjectMapping: 1.152600 ms MarkObjects: 8.852700 ms  DeleteObjects: 8.079300 ms)

Prepare: number of updated asset objects reloaded= 0
========================================================================
Received Prepare
Begin MonoManager ReloadAssembly
- Loaded All Assemblies, in  1.345 seconds
Refreshing native plugins compatible for Editor in 1.67 ms, found 3 plugins.
Native extension for WindowsStandalone target not found
Mono: successfully reloaded assembly
- Finished resetting the current domain, in  1.268 seconds
Domain Reload Profiling: 2612ms
	BeginReloadAssembly (360ms)
		ExecutionOrderSort (0ms)
		DisableScriptedObjects (15ms)
		BackupInstance (0ms)
		ReleaseScriptingObjects (0ms)
		CreateAndSetChildDomain (74ms)
	RebuildCommonClasses (97ms)
	RebuildNativeTypeToScriptingClass (28ms)
	initialDomainReloadingComplete (55ms)
	LoadAllAssembliesAndSetupDomain (802ms)
		LoadAssemblies (599ms)
		RebuildTransferFunctionScriptingTraits (0ms)
		AnalyzeDomain (391ms)
			TypeCache.Refresh (10ms)
				TypeCache.ScanAssembly (0ms)
			BuildScriptInfoCaches (353ms)
			ResolveRequiredComponents (23ms)
	FinalizeReload (1269ms)
		ReleaseScriptCaches (0ms)
		RebuildScriptCaches (0ms)
		SetupLoadedEditorAssemblies (930ms)
			LogAssemblyErrors (0ms)
			InitializePlatformSupportModulesInManaged (4ms)
			SetLoadedEditorAssemblies (8ms)
			BeforeProcessingInitializeOnLoad (189ms)
			ProcessInitializeOnLoadAttributes (618ms)
			ProcessInitializeOnLoadMethodAttributes (100ms)
			AfterProcessingInitializeOnLoad (11ms)
			EditorAssembliesLoaded (0ms)
		ExecutionOrderSort2 (0ms)
		AwakeInstancesAfterBackupRestoration (34ms)
Refreshing native plugins compatible for Editor in 1.92 ms, found 3 plugins.
Preloading 0 native plugins for Editor in 0.00 ms.
Unloading 34 Unused Serialized files (Serialized files now loaded: 0)
Unloading 5957 unused Assets / (6.7 MB). Loaded Objects now: 7013.
Memory consumption went from 209.1 MB to 202.4 MB.
Total: 17.852300 ms (FindLiveObjects: 1.402000 ms CreateObjectMapping: 1.439500 ms MarkObjects: 9.233400 ms  DeleteObjects: 5.775600 ms)

Prepare: number of updated asset objects reloaded= 0
========================================================================
Received Prepare
Refreshing native plugins compatible for Editor in 1.51 ms, found 3 plugins.
Preloading 0 native plugins for Editor in 0.00 ms.
Unloading 34 Unused Serialized files (Serialized files now loaded: 0)
Unloading 5950 unused Assets / (7.3 MB). Loaded Objects now: 7013.
Memory consumption went from 209.3 MB to 201.9 MB.
Total: 21.891900 ms (FindLiveObjects: 1.472100 ms CreateObjectMapping: 1.368100 ms MarkObjects: 11.843400 ms  DeleteObjects: 7.205800 ms)

Prepare: number of updated asset objects reloaded= 0
========================================================================
Received Prepare
Begin MonoManager ReloadAssembly
- Loaded All Assemblies, in  1.335 seconds
Refreshing native plugins compatible for Editor in 1.77 ms, found 3 plugins.
Native extension for WindowsStandalone target not found
Mono: successfully reloaded assembly
- Finished resetting the current domain, in  1.566 seconds
Domain Reload Profiling: 2899ms
	BeginReloadAssembly (386ms)
		ExecutionOrderSort (0ms)
		DisableScriptedObjects (14ms)
		BackupInstance (0ms)
		ReleaseScriptingObjects (0ms)
		CreateAndSetChildDomain (73ms)
	RebuildCommonClasses (70ms)
	RebuildNativeTypeToScriptingClass (26ms)
	initialDomainReloadingComplete (54ms)
	LoadAllAssembliesAndSetupDomain (797ms)
		LoadAssemblies (621ms)
		RebuildTransferFunctionScriptingTraits (0ms)
		AnalyzeDomain (394ms)
			TypeCache.Refresh (20ms)
				TypeCache.ScanAssembly (0ms)
			BuildScriptInfoCaches (350ms)
			ResolveRequiredComponents (20ms)
	FinalizeReload (1566ms)
		ReleaseScriptCaches (0ms)
		RebuildScriptCaches (0ms)
		SetupLoadedEditorAssemblies (1163ms)
			LogAssemblyErrors (0ms)
			InitializePlatformSupportModulesInManaged (5ms)
			SetLoadedEditorAssemblies (9ms)
			BeforeProcessingInitializeOnLoad (243ms)
			ProcessInitializeOnLoadAttributes (772ms)
			ProcessInitializeOnLoadMethodAttributes (124ms)
			AfterProcessingInitializeOnLoad (11ms)
			EditorAssembliesLoaded (0ms)
		ExecutionOrderSort2 (0ms)
		AwakeInstancesAfterBackupRestoration (42ms)
Refreshing native plugins compatible for Editor in 1.31 ms, found 3 plugins.
Preloading 0 native plugins for Editor in 0.00 ms.
Unloading 34 Unused Serialized files (Serialized files now loaded: 0)
Unloading 5957 unused Assets / (6.8 MB). Loaded Objects now: 7015.
Memory consumption went from 209.1 MB to 202.3 MB.
Total: 19.846600 ms (FindLiveObjects: 1.576300 ms CreateObjectMapping: 1.404400 ms MarkObjects: 9.984700 ms  DeleteObjects: 6.879000 ms)

Prepare: number of updated asset objects reloaded= 0
========================================================================
Received Prepare
Begin MonoManager ReloadAssembly
- Loaded All Assemblies, in  1.421 seconds
Refreshing native plugins compatible for Editor in 1.55 ms, found 3 plugins.
Native extension for WindowsStandalone target not found
Mono: successfully reloaded assembly
- Finished resetting the current domain, in  1.299 seconds
Domain Reload Profiling: 2718ms
	BeginReloadAssembly (384ms)
		ExecutionOrderSort (0ms)
		DisableScriptedObjects (17ms)
		BackupInstance (0ms)
		ReleaseScriptingObjects (0ms)
		CreateAndSetChildDomain (91ms)
	RebuildCommonClasses (98ms)
	RebuildNativeTypeToScriptingClass (35ms)
	initialDomainReloadingComplete (65ms)
	LoadAllAssembliesAndSetupDomain (836ms)
		LoadAssemblies (614ms)
		RebuildTransferFunctionScriptingTraits (0ms)
		AnalyzeDomain (411ms)
			TypeCache.Refresh (13ms)
				TypeCache.ScanAssembly (0ms)
			BuildScriptInfoCaches (362ms)
			ResolveRequiredComponents (30ms)
	FinalizeReload (1300ms)
		ReleaseScriptCaches (0ms)
		RebuildScriptCaches (0ms)
		SetupLoadedEditorAssemblies (958ms)
			LogAssemblyErrors (0ms)
			InitializePlatformSupportModulesInManaged (4ms)
			SetLoadedEditorAssemblies (9ms)
			BeforeProcessingInitializeOnLoad (185ms)
			ProcessInitializeOnLoadAttributes (648ms)
			ProcessInitializeOnLoadMethodAttributes (102ms)
			AfterProcessingInitializeOnLoad (10ms)
			EditorAssembliesLoaded (0ms)
		ExecutionOrderSort2 (0ms)
		AwakeInstancesAfterBackupRestoration (33ms)
Refreshing native plugins compatible for Editor in 1.34 ms, found 3 plugins.
Preloading 0 native plugins for Editor in 0.00 ms.
Unloading 34 Unused Serialized files (Serialized files now loaded: 0)
Unloading 5957 unused Assets / (6.8 MB). Loaded Objects now: 7017.
Memory consumption went from 209.1 MB to 202.3 MB.
Total: 19.653000 ms (FindLiveObjects: 1.568400 ms CreateObjectMapping: 1.213900 ms MarkObjects: 10.449900 ms  DeleteObjects: 6.419600 ms)

Prepare: number of updated asset objects reloaded= 0
========================================================================
Received Prepare
Begin MonoManager ReloadAssembly
- Loaded All Assemblies, in  1.393 seconds
Refreshing native plugins compatible for Editor in 1.16 ms, found 3 plugins.
Native extension for WindowsStandalone target not found
Mono: successfully reloaded assembly
- Finished resetting the current domain, in  1.247 seconds
Domain Reload Profiling: 2635ms
	BeginReloadAssembly (391ms)
		ExecutionOrderSort (0ms)
		DisableScriptedObjects (10ms)
		BackupInstance (0ms)
		ReleaseScriptingObjects (0ms)
		CreateAndSetChildDomain (89ms)
	RebuildCommonClasses (83ms)
	RebuildNativeTypeToScriptingClass (34ms)
	initialDomainReloadingComplete (68ms)
	LoadAllAssembliesAndSetupDomain (809ms)
		LoadAssemblies (650ms)
		RebuildTransferFunctionScriptingTraits (0ms)
		AnalyzeDomain (368ms)
			TypeCache.Refresh (12ms)
				TypeCache.ScanAssembly (0ms)
			BuildScriptInfoCaches (335ms)
			ResolveRequiredComponents (18ms)
	FinalizeReload (1248ms)
		ReleaseScriptCaches (0ms)
		RebuildScriptCaches (0ms)
		SetupLoadedEditorAssemblies (908ms)
			LogAssemblyErrors (0ms)
			InitializePlatformSupportModulesInManaged (4ms)
			SetLoadedEditorAssemblies (8ms)
			BeforeProcessingInitializeOnLoad (184ms)
			ProcessInitializeOnLoadAttributes (578ms)
			ProcessInitializeOnLoadMethodAttributes (116ms)
			AfterProcessingInitializeOnLoad (18ms)
			EditorAssembliesLoaded (0ms)
		ExecutionOrderSort2 (0ms)
		AwakeInstancesAfterBackupRestoration (41ms)
Refreshing native plugins compatible for Editor in 2.51 ms, found 3 plugins.
Preloading 0 native plugins for Editor in 0.00 ms.
Unloading 34 Unused Serialized files (Serialized files now loaded: 0)
Unloading 5957 unused Assets / (6.8 MB). Loaded Objects now: 7019.
Memory consumption went from 209.1 MB to 202.4 MB.
Total: 20.270800 ms (FindLiveObjects: 1.434000 ms CreateObjectMapping: 1.975900 ms MarkObjects: 9.987700 ms  DeleteObjects: 6.871900 ms)

Prepare: number of updated asset objects reloaded= 0
========================================================================
Received Prepare
Refreshing native plugins compatible for Editor in 1.86 ms, found 3 plugins.
Preloading 0 native plugins for Editor in 0.00 ms.
Unloading 34 Unused Serialized files (Serialized files now loaded: 0)
Unloading 5950 unused Assets / (7.3 MB). Loaded Objects now: 7019.
Memory consumption went from 209.3 MB to 202.0 MB.
Total: 27.644700 ms (FindLiveObjects: 1.276100 ms CreateObjectMapping: 1.323200 ms MarkObjects: 10.955600 ms  DeleteObjects: 14.088000 ms)

Prepare: number of updated asset objects reloaded= 0
========================================================================
Received Prepare
Begin MonoManager ReloadAssembly
- Loaded All Assemblies, in  1.497 seconds
Refreshing native plugins compatible for Editor in 1.89 ms, found 3 plugins.
Native extension for WindowsStandalone target not found
Mono: successfully reloaded assembly
- Finished resetting the current domain, in  1.604 seconds
Domain Reload Profiling: 3098ms
	BeginReloadAssembly (469ms)
		ExecutionOrderSort (0ms)
		DisableScriptedObjects (15ms)
		BackupInstance (0ms)
		ReleaseScriptingObjects (0ms)
		CreateAndSetChildDomain (89ms)
	RebuildCommonClasses (80ms)
	RebuildNativeTypeToScriptingClass (37ms)
	initialDomainReloadingComplete (66ms)
	LoadAllAssembliesAndSetupDomain (841ms)
		LoadAssemblies (715ms)
		RebuildTransferFunctionScriptingTraits (0ms)
		AnalyzeDomain (408ms)
			TypeCache.Refresh (18ms)
				TypeCache.ScanAssembly (0ms)
			BuildScriptInfoCaches (364ms)
			ResolveRequiredComponents (21ms)
	FinalizeReload (1605ms)
		ReleaseScriptCaches (0ms)
		RebuildScriptCaches (0ms)
		SetupLoadedEditorAssemblies (1156ms)
			LogAssemblyErrors (0ms)
			InitializePlatformSupportModulesInManaged (4ms)
			SetLoadedEditorAssemblies (10ms)
			BeforeProcessingInitializeOnLoad (238ms)
			ProcessInitializeOnLoadAttributes (761ms)
			ProcessInitializeOnLoadMethodAttributes (129ms)
			AfterProcessingInitializeOnLoad (13ms)
			EditorAssembliesLoaded (1ms)
		ExecutionOrderSort2 (0ms)
		AwakeInstancesAfterBackupRestoration (51ms)
Refreshing native plugins compatible for Editor in 1.13 ms, found 3 plugins.
Preloading 0 native plugins for Editor in 0.00 ms.
Unloading 34 Unused Serialized files (Serialized files now loaded: 0)
Unloading 5957 unused Assets / (6.1 MB). Loaded Objects now: 7021.
Memory consumption went from 209.2 MB to 203.1 MB.
Total: 17.231800 ms (FindLiveObjects: 1.157600 ms CreateObjectMapping: 1.074100 ms MarkObjects: 9.743000 ms  DeleteObjects: 5.255800 ms)

Prepare: number of updated asset objects reloaded= 0
========================================================================
Received Prepare
Refreshing native plugins compatible for Editor in 1.56 ms, found 3 plugins.
Preloading 0 native plugins for Editor in 0.00 ms.
Unloading 34 Unused Serialized files (Serialized files now loaded: 0)
Unloading 5950 unused Assets / (6.3 MB). Loaded Objects now: 7021.
Memory consumption went from 209.3 MB to 203.0 MB.
Total: 19.446800 ms (FindLiveObjects: 1.363300 ms CreateObjectMapping: 2.576300 ms MarkObjects: 9.604100 ms  DeleteObjects: 5.901200 ms)

Prepare: number of updated asset objects reloaded= 0
========================================================================
Received Prepare
Begin MonoManager ReloadAssembly
- Loaded All Assemblies, in  1.363 seconds
Refreshing native plugins compatible for Editor in 1.24 ms, found 3 plugins.
Native extension for WindowsStandalone target not found
Mono: successfully reloaded assembly
- Finished resetting the current domain, in  1.558 seconds
Domain Reload Profiling: 2926ms
	BeginReloadAssembly (372ms)
		ExecutionOrderSort (0ms)
		DisableScriptedObjects (14ms)
		BackupInstance (0ms)
		ReleaseScriptingObjects (0ms)
		CreateAndSetChildDomain (74ms)
	RebuildCommonClasses (86ms)
	RebuildNativeTypeToScriptingClass (30ms)
	initialDomainReloadingComplete (61ms)
	LoadAllAssembliesAndSetupDomain (817ms)
		LoadAssemblies (588ms)
		RebuildTransferFunctionScriptingTraits (0ms)
		AnalyzeDomain (421ms)
			TypeCache.Refresh (15ms)
				TypeCache.ScanAssembly (0ms)
			BuildScriptInfoCaches (368ms)
			ResolveRequiredComponents (32ms)
	FinalizeReload (1559ms)
		ReleaseScriptCaches (0ms)
		RebuildScriptCaches (0ms)
		SetupLoadedEditorAssemblies (1134ms)
			LogAssemblyErrors (0ms)
			InitializePlatformSupportModulesInManaged (4ms)
			SetLoadedEditorAssemblies (8ms)
			BeforeProcessingInitializeOnLoad (212ms)
			ProcessInitializeOnLoadAttributes (762ms)
			ProcessInitializeOnLoadMethodAttributes (134ms)
			AfterProcessingInitializeOnLoad (14ms)
			EditorAssembliesLoaded (1ms)
		ExecutionOrderSort2 (0ms)
		AwakeInstancesAfterBackupRestoration (46ms)
Refreshing native plugins compatible for Editor in 1.56 ms, found 3 plugins.
Preloading 0 native plugins for Editor in 0.00 ms.
Unloading 34 Unused Serialized files (Serialized files now loaded: 0)
Unloading 5957 unused Assets / (6.3 MB). Loaded Objects now: 7023.
Memory consumption went from 209.2 MB to 202.8 MB.
Total: 20.558200 ms (FindLiveObjects: 1.381100 ms CreateObjectMapping: 1.407400 ms MarkObjects: 10.779900 ms  DeleteObjects: 6.988200 ms)

Prepare: number of updated asset objects reloaded= 0
========================================================================
Received Prepare
Begin MonoManager ReloadAssembly
- Loaded All Assemblies, in  1.374 seconds
Refreshing native plugins compatible for Editor in 1.22 ms, found 3 plugins.
Native extension for WindowsStandalone target not found
Mono: successfully reloaded assembly
- Finished resetting the current domain, in  1.300 seconds
Domain Reload Profiling: 2673ms
	BeginReloadAssembly (382ms)
		ExecutionOrderSort (0ms)
		DisableScriptedObjects (16ms)
		BackupInstance (0ms)
		ReleaseScriptingObjects (0ms)
		CreateAndSetChildDomain (80ms)
	RebuildCommonClasses (86ms)
	RebuildNativeTypeToScriptingClass (34ms)
	initialDomainReloadingComplete (61ms)
	LoadAllAssembliesAndSetupDomain (808ms)
		LoadAssemblies (636ms)
		RebuildTransferFunctionScriptingTraits (0ms)
		AnalyzeDomain (381ms)
			TypeCache.Refresh (12ms)
				TypeCache.ScanAssembly (0ms)
			BuildScriptInfoCaches (335ms)
			ResolveRequiredComponents (28ms)
	FinalizeReload (1301ms)
		ReleaseScriptCaches (0ms)
		RebuildScriptCaches (0ms)
		SetupLoadedEditorAssemblies (943ms)
			LogAssemblyErrors (0ms)
			InitializePlatformSupportModulesInManaged (5ms)
			SetLoadedEditorAssemblies (10ms)
			BeforeProcessingInitializeOnLoad (183ms)
			ProcessInitializeOnLoadAttributes (637ms)
			ProcessInitializeOnLoadMethodAttributes (98ms)
			AfterProcessingInitializeOnLoad (10ms)
			EditorAssembliesLoaded (0ms)
		ExecutionOrderSort2 (0ms)
		AwakeInstancesAfterBackupRestoration (30ms)
Refreshing native plugins compatible for Editor in 1.55 ms, found 3 plugins.
Preloading 0 native plugins for Editor in 0.00 ms.
Unloading 34 Unused Serialized files (Serialized files now loaded: 0)
Unloading 5957 unused Assets / (6.9 MB). Loaded Objects now: 7025.
Memory consumption went from 209.2 MB to 202.2 MB.
Total: 18.843700 ms (FindLiveObjects: 1.313700 ms CreateObjectMapping: 1.909000 ms MarkObjects: 9.569700 ms  DeleteObjects: 6.049700 ms)

Prepare: number of updated asset objects reloaded= 0
========================================================================
Received Prepare
Begin MonoManager ReloadAssembly
- Loaded All Assemblies, in  1.440 seconds
Refreshing native plugins compatible for Editor in 1.20 ms, found 3 plugins.
Native extension for WindowsStandalone target not found
Mono: successfully reloaded assembly
- Finished resetting the current domain, in  1.201 seconds
Domain Reload Profiling: 2634ms
	BeginReloadAssembly (402ms)
		ExecutionOrderSort (0ms)
		DisableScriptedObjects (13ms)
		BackupInstance (0ms)
		ReleaseScriptingObjects (0ms)
		CreateAndSetChildDomain (89ms)
	RebuildCommonClasses (92ms)
	RebuildNativeTypeToScriptingClass (39ms)
	initialDomainReloadingComplete (66ms)
	LoadAllAssembliesAndSetupDomain (834ms)
		LoadAssemblies (612ms)
		RebuildTransferFunctionScriptingTraits (0ms)
		AnalyzeDomain (433ms)
			TypeCache.Refresh (14ms)
				TypeCache.ScanAssembly (0ms)
			BuildScriptInfoCaches (387ms)
			ResolveRequiredComponents (26ms)
	FinalizeReload (1201ms)
		ReleaseScriptCaches (0ms)
		RebuildScriptCaches (0ms)
		SetupLoadedEditorAssemblies (877ms)
			LogAssemblyErrors (0ms)
			InitializePlatformSupportModulesInManaged (4ms)
			SetLoadedEditorAssemblies (7ms)
			BeforeProcessingInitializeOnLoad (181ms)
			ProcessInitializeOnLoadAttributes (580ms)
			ProcessInitializeOnLoadMethodAttributes (94ms)
			AfterProcessingInitializeOnLoad (10ms)
			EditorAssembliesLoaded (0ms)
		ExecutionOrderSort2 (0ms)
		AwakeInstancesAfterBackupRestoration (31ms)
Refreshing native plugins compatible for Editor in 1.63 ms, found 3 plugins.
Preloading 0 native plugins for Editor in 0.00 ms.
Unloading 34 Unused Serialized files (Serialized files now loaded: 0)
Unloading 5957 unused Assets / (6.0 MB). Loaded Objects now: 7027.
Memory consumption went from 209.2 MB to 203.1 MB.
Total: 16.893800 ms (FindLiveObjects: 1.207500 ms CreateObjectMapping: 1.337800 ms MarkObjects: 8.805600 ms  DeleteObjects: 5.540900 ms)

Prepare: number of updated asset objects reloaded= 0
========================================================================
Received Prepare
Refreshing native plugins compatible for Editor in 1.42 ms, found 3 plugins.
Preloading 0 native plugins for Editor in 0.00 ms.
Unloading 34 Unused Serialized files (Serialized files now loaded: 0)
Unloading 5950 unused Assets / (5.6 MB). Loaded Objects now: 7027.
Memory consumption went from 209.3 MB to 203.7 MB.
Total: 32.211100 ms (FindLiveObjects: 1.163200 ms CreateObjectMapping: 0.809500 ms MarkObjects: 25.210700 ms  DeleteObjects: 5.024900 ms)

Prepare: number of updated asset objects reloaded= 0
========================================================================
Received Prepare
Begin MonoManager ReloadAssembly
- Loaded All Assemblies, in  1.289 seconds
Refreshing native plugins compatible for Editor in 1.94 ms, found 3 plugins.
Native extension for WindowsStandalone target not found
Mono: successfully reloaded assembly
- Finished resetting the current domain, in  1.503 seconds
Domain Reload Profiling: 2793ms
	BeginReloadAssembly (356ms)
		ExecutionOrderSort (0ms)
		DisableScriptedObjects (16ms)
		BackupInstance (0ms)
		ReleaseScriptingObjects (0ms)
		CreateAndSetChildDomain (80ms)
	RebuildCommonClasses (80ms)
	RebuildNativeTypeToScriptingClass (26ms)
	initialDomainReloadingComplete (55ms)
	LoadAllAssembliesAndSetupDomain (772ms)
		LoadAssemblies (569ms)
		RebuildTransferFunctionScriptingTraits (0ms)
		AnalyzeDomain (384ms)
			TypeCache.Refresh (13ms)
				TypeCache.ScanAssembly (0ms)
			BuildScriptInfoCaches (338ms)
			ResolveRequiredComponents (26ms)
	FinalizeReload (1503ms)
		ReleaseScriptCaches (0ms)
		RebuildScriptCaches (0ms)
		SetupLoadedEditorAssemblies (1096ms)
			LogAssemblyErrors (0ms)
			InitializePlatformSupportModulesInManaged (4ms)
			SetLoadedEditorAssemblies (10ms)
			BeforeProcessingInitializeOnLoad (227ms)
			ProcessInitializeOnLoadAttributes (721ms)
			ProcessInitializeOnLoadMethodAttributes (124ms)
			AfterProcessingInitializeOnLoad (10ms)
			EditorAssembliesLoaded (0ms)
		ExecutionOrderSort2 (0ms)
		AwakeInstancesAfterBackupRestoration (43ms)
Refreshing native plugins compatible for Editor in 1.50 ms, found 3 plugins.
Preloading 0 native plugins for Editor in 0.00 ms.
Unloading 34 Unused Serialized files (Serialized files now loaded: 0)
Unloading 5957 unused Assets / (7.3 MB). Loaded Objects now: 7029.
Memory consumption went from 209.2 MB to 201.9 MB.
Total: 20.785600 ms (FindLiveObjects: 1.509200 ms CreateObjectMapping: 2.096400 ms MarkObjects: 10.658300 ms  DeleteObjects: 6.519700 ms)

Prepare: number of updated asset objects reloaded= 0
========================================================================
Received Prepare
Refreshing native plugins compatible for Editor in 3.97 ms, found 3 plugins.
Preloading 0 native plugins for Editor in 0.00 ms.
Unloading 34 Unused Serialized files (Serialized files now loaded: 0)
Unloading 5950 unused Assets / (7.4 MB). Loaded Objects now: 7029.
Memory consumption went from 209.3 MB to 201.9 MB.
Total: 39.322000 ms (FindLiveObjects: 8.740100 ms CreateObjectMapping: 8.403100 ms MarkObjects: 13.311600 ms  DeleteObjects: 8.864600 ms)

Prepare: number of updated asset objects reloaded= 0
========================================================================
Received Prepare
Begin MonoManager ReloadAssembly
- Loaded All Assemblies, in  1.534 seconds
Refreshing native plugins compatible for Editor in 1.34 ms, found 3 plugins.
Native extension for WindowsStandalone target not found
Mono: successfully reloaded assembly
- Finished resetting the current domain, in  1.677 seconds
Domain Reload Profiling: 3198ms
	BeginReloadAssembly (409ms)
		ExecutionOrderSort (0ms)
		DisableScriptedObjects (14ms)
		BackupInstance (0ms)
		ReleaseScriptingObjects (0ms)
		CreateAndSetChildDomain (90ms)
	RebuildCommonClasses (111ms)
	RebuildNativeTypeToScriptingClass (24ms)
	initialDomainReloadingComplete (66ms)
	LoadAllAssembliesAndSetupDomain (910ms)
		LoadAssemblies (736ms)
		RebuildTransferFunctionScriptingTraits (0ms)
		AnalyzeDomain (396ms)
			TypeCache.Refresh (19ms)
				TypeCache.ScanAssembly (0ms)
			BuildScriptInfoCaches (348ms)
			ResolveRequiredComponents (24ms)
	FinalizeReload (1678ms)
		ReleaseScriptCaches (0ms)
		RebuildScriptCaches (0ms)
		SetupLoadedEditorAssemblies (1257ms)
			LogAssemblyErrors (0ms)
			InitializePlatformSupportModulesInManaged (5ms)
			SetLoadedEditorAssemblies (10ms)
			BeforeProcessingInitializeOnLoad (249ms)
			ProcessInitializeOnLoadAttributes (853ms)
			ProcessInitializeOnLoadMethodAttributes (123ms)
			AfterProcessingInitializeOnLoad (16ms)
			EditorAssembliesLoaded (0ms)
		ExecutionOrderSort2 (0ms)
		AwakeInstancesAfterBackupRestoration (37ms)
Refreshing native plugins compatible for Editor in 2.02 ms, found 3 plugins.
Preloading 0 native plugins for Editor in 0.00 ms.
Unloading 34 Unused Serialized files (Serialized files now loaded: 0)
Unloading 5957 unused Assets / (6.5 MB). Loaded Objects now: 7031.
Memory consumption went from 209.2 MB to 202.7 MB.
Total: 20.364000 ms (FindLiveObjects: 1.434300 ms CreateObjectMapping: 1.461800 ms MarkObjects: 11.831400 ms  DeleteObjects: 5.634500 ms)

Prepare: number of updated asset objects reloaded= 0
========================================================================
Received Prepare
Refreshing native plugins compatible for Editor in 1.35 ms, found 3 plugins.
Preloading 0 native plugins for Editor in 0.00 ms.
Unloading 34 Unused Serialized files (Serialized files now loaded: 0)
Unloading 5950 unused Assets / (6.9 MB). Loaded Objects now: 7031.
Memory consumption went from 209.3 MB to 202.4 MB.
Total: 17.465700 ms (FindLiveObjects: 1.222900 ms CreateObjectMapping: 1.329100 ms MarkObjects: 8.075900 ms  DeleteObjects: 6.835900 ms)

Prepare: number of updated asset objects reloaded= 0
========================================================================
Received Prepare
Begin MonoManager ReloadAssembly
- Loaded All Assemblies, in  1.450 seconds
Refreshing native plugins compatible for Editor in 1.82 ms, found 3 plugins.
Native extension for WindowsStandalone target not found
Mono: successfully reloaded assembly
- Finished resetting the current domain, in  1.531 seconds
Domain Reload Profiling: 2981ms
	BeginReloadAssembly (384ms)
		ExecutionOrderSort (0ms)
		DisableScriptedObjects (11ms)
		BackupInstance (0ms)
		ReleaseScriptingObjects (0ms)
		CreateAndSetChildDomain (84ms)
	RebuildCommonClasses (92ms)
	RebuildNativeTypeToScriptingClass (34ms)
	initialDomainReloadingComplete (63ms)
	LoadAllAssembliesAndSetupDomain (876ms)
		LoadAssemblies (639ms)
		RebuildTransferFunctionScriptingTraits (0ms)
		AnalyzeDomain (447ms)
			TypeCache.Refresh (17ms)
				TypeCache.ScanAssembly (0ms)
			BuildScriptInfoCaches (392ms)
			ResolveRequiredComponents (30ms)
	FinalizeReload (1532ms)
		ReleaseScriptCaches (0ms)
		RebuildScriptCaches (0ms)
		SetupLoadedEditorAssemblies (1138ms)
			LogAssemblyErrors (0ms)
			InitializePlatformSupportModulesInManaged (3ms)
			SetLoadedEditorAssemblies (8ms)
			BeforeProcessingInitializeOnLoad (200ms)
			ProcessInitializeOnLoadAttributes (783ms)
			ProcessInitializeOnLoadMethodAttributes (129ms)
			AfterProcessingInitializeOnLoad (14ms)
			EditorAssembliesLoaded (0ms)
		ExecutionOrderSort2 (0ms)
		AwakeInstancesAfterBackupRestoration (47ms)
Refreshing native plugins compatible for Editor in 1.99 ms, found 3 plugins.
Preloading 0 native plugins for Editor in 0.00 ms.
Unloading 34 Unused Serialized files (Serialized files now loaded: 0)
Unloading 5957 unused Assets / (6.1 MB). Loaded Objects now: 7033.
Memory consumption went from 209.1 MB to 203.0 MB.
Total: 16.602200 ms (FindLiveObjects: 1.418700 ms CreateObjectMapping: 1.255800 ms MarkObjects: 8.458300 ms  DeleteObjects: 5.468000 ms)

Prepare: number of updated asset objects reloaded= 0
========================================================================
Received Prepare
Begin MonoManager ReloadAssembly
- Loaded All Assemblies, in  1.411 seconds
Refreshing native plugins compatible for Editor in 1.21 ms, found 3 plugins.
Native extension for WindowsStandalone target not found
Mono: successfully reloaded assembly
- Finished resetting the current domain, in  1.300 seconds
Domain Reload Profiling: 2711ms
	BeginReloadAssembly (404ms)
		ExecutionOrderSort (0ms)
		DisableScriptedObjects (16ms)
		BackupInstance (0ms)
		ReleaseScriptingObjects (0ms)
		CreateAndSetChildDomain (88ms)
	RebuildCommonClasses (97ms)
	RebuildNativeTypeToScriptingClass (25ms)
	initialDomainReloadingComplete (60ms)
	LoadAllAssembliesAndSetupDomain (825ms)
		LoadAssemblies (639ms)
		RebuildTransferFunctionScriptingTraits (0ms)
		AnalyzeDomain (405ms)
			TypeCache.Refresh (9ms)
				TypeCache.ScanAssembly (0ms)
			BuildScriptInfoCaches (365ms)
			ResolveRequiredComponents (23ms)
	FinalizeReload (1300ms)
		ReleaseScriptCaches (0ms)
		RebuildScriptCaches (0ms)
		SetupLoadedEditorAssemblies (966ms)
			LogAssemblyErrors (0ms)
			InitializePlatformSupportModulesInManaged (4ms)
			SetLoadedEditorAssemblies (8ms)
			BeforeProcessingInitializeOnLoad (183ms)
			ProcessInitializeOnLoadAttributes (661ms)
			ProcessInitializeOnLoadMethodAttributes (100ms)
			AfterProcessingInitializeOnLoad (9ms)
			EditorAssembliesLoaded (0ms)
		ExecutionOrderSort2 (0ms)
		AwakeInstancesAfterBackupRestoration (32ms)
Refreshing native plugins compatible for Editor in 1.44 ms, found 3 plugins.
Preloading 0 native plugins for Editor in 0.00 ms.
Unloading 34 Unused Serialized files (Serialized files now loaded: 0)
Unloading 5957 unused Assets / (7.1 MB). Loaded Objects now: 7035.
Memory consumption went from 209.2 MB to 202.1 MB.
Total: 19.673100 ms (FindLiveObjects: 1.386600 ms CreateObjectMapping: 1.882400 ms MarkObjects: 9.953800 ms  DeleteObjects: 6.448700 ms)

Prepare: number of updated asset objects reloaded= 0
========================================================================
Received Prepare
Refreshing native plugins compatible for Editor in 1.37 ms, found 3 plugins.
Preloading 0 native plugins for Editor in 0.00 ms.
Unloading 34 Unused Serialized files (Serialized files now loaded: 0)
Unloading 5950 unused Assets / (7.9 MB). Loaded Objects now: 7035.
Memory consumption went from 209.3 MB to 201.4 MB.
Total: 148.416800 ms (FindLiveObjects: 1.465300 ms CreateObjectMapping: 2.164100 ms MarkObjects: 32.646900 ms  DeleteObjects: 112.138300 ms)

Prepare: number of updated asset objects reloaded= 0
========================================================================
Received Prepare
Begin MonoManager ReloadAssembly
- Loaded All Assemblies, in  1.419 seconds
Refreshing native plugins compatible for Editor in 2.01 ms, found 3 plugins.
Native extension for WindowsStandalone target not found
Mono: successfully reloaded assembly
- Finished resetting the current domain, in  1.555 seconds
Domain Reload Profiling: 2978ms
	BeginReloadAssembly (380ms)
		ExecutionOrderSort (0ms)
		DisableScriptedObjects (16ms)
		BackupInstance (0ms)
		ReleaseScriptingObjects (0ms)
		CreateAndSetChildDomain (82ms)
	RebuildCommonClasses (82ms)
	RebuildNativeTypeToScriptingClass (32ms)
	initialDomainReloadingComplete (63ms)
	LoadAllAssembliesAndSetupDomain (866ms)
		LoadAssemblies (636ms)
		RebuildTransferFunctionScriptingTraits (0ms)
		AnalyzeDomain (439ms)
			TypeCache.Refresh (18ms)
				TypeCache.ScanAssembly (0ms)
			BuildScriptInfoCaches (391ms)
			ResolveRequiredComponents (23ms)
	FinalizeReload (1556ms)
		ReleaseScriptCaches (0ms)
		RebuildScriptCaches (0ms)
		SetupLoadedEditorAssemblies (1133ms)
			LogAssemblyErrors (0ms)
			InitializePlatformSupportModulesInManaged (6ms)
			SetLoadedEditorAssemblies (12ms)
			BeforeProcessingInitializeOnLoad (239ms)
			ProcessInitializeOnLoadAttributes (745ms)
			ProcessInitializeOnLoadMethodAttributes (112ms)
			AfterProcessingInitializeOnLoad (18ms)
			EditorAssembliesLoaded (0ms)
		ExecutionOrderSort2 (0ms)
		AwakeInstancesAfterBackupRestoration (48ms)
Refreshing native plugins compatible for Editor in 1.46 ms, found 3 plugins.
Preloading 0 native plugins for Editor in 0.00 ms.
Unloading 34 Unused Serialized files (Serialized files now loaded: 0)
Unloading 5957 unused Assets / (6.7 MB). Loaded Objects now: 7037.
Memory consumption went from 209.2 MB to 202.5 MB.
Total: 22.076500 ms (FindLiveObjects: 1.343000 ms CreateObjectMapping: 1.699900 ms MarkObjects: 13.075700 ms  DeleteObjects: 5.956200 ms)

Prepare: number of updated asset objects reloaded= 0
========================================================================
Received Prepare
Begin MonoManager ReloadAssembly
- Loaded All Assemblies, in  1.402 seconds
Refreshing native plugins compatible for Editor in 1.21 ms, found 3 plugins.
Native extension for WindowsStandalone target not found
Mono: successfully reloaded assembly
- Finished resetting the current domain, in  1.213 seconds
Domain Reload Profiling: 2610ms
	BeginReloadAssembly (401ms)
		ExecutionOrderSort (0ms)
		DisableScriptedObjects (15ms)
		BackupInstance (0ms)
		ReleaseScriptingObjects (0ms)
		CreateAndSetChildDomain (88ms)
	RebuildCommonClasses (87ms)
	RebuildNativeTypeToScriptingClass (31ms)
	initialDomainReloadingComplete (61ms)
	LoadAllAssembliesAndSetupDomain (817ms)
		LoadAssemblies (630ms)
		RebuildTransferFunctionScriptingTraits (0ms)
		AnalyzeDomain (401ms)
			TypeCache.Refresh (11ms)
				TypeCache.ScanAssembly (0ms)
			BuildScriptInfoCaches (356ms)
			ResolveRequiredComponents (29ms)
	FinalizeReload (1213ms)
		ReleaseScriptCaches (0ms)
		RebuildScriptCaches (0ms)
		SetupLoadedEditorAssemblies (890ms)
			LogAssemblyErrors (0ms)
			InitializePlatformSupportModulesInManaged (3ms)
			SetLoadedEditorAssemblies (7ms)
			BeforeProcessingInitializeOnLoad (181ms)
			ProcessInitializeOnLoadAttributes (592ms)
			ProcessInitializeOnLoadMethodAttributes (96ms)
			AfterProcessingInitializeOnLoad (10ms)
			EditorAssembliesLoaded (0ms)
		ExecutionOrderSort2 (0ms)
		AwakeInstancesAfterBackupRestoration (30ms)
Refreshing native plugins compatible for Editor in 1.71 ms, found 3 plugins.
Preloading 0 native plugins for Editor in 0.00 ms.
Unloading 34 Unused Serialized files (Serialized files now loaded: 0)
Unloading 5957 unused Assets / (6.6 MB). Loaded Objects now: 7039.
Memory consumption went from 209.2 MB to 202.5 MB.
Total: 18.728700 ms (FindLiveObjects: 1.311100 ms CreateObjectMapping: 1.429800 ms MarkObjects: 9.570500 ms  DeleteObjects: 6.415600 ms)

Prepare: number of updated asset objects reloaded= 0
========================================================================
Received Prepare
Refreshing native plugins compatible for Editor in 1.28 ms, found 3 plugins.
Preloading 0 native plugins for Editor in 0.00 ms.
Unloading 34 Unused Serialized files (Serialized files now loaded: 0)
Unloading 5950 unused Assets / (5.8 MB). Loaded Objects now: 7039.
Memory consumption went from 209.4 MB to 203.5 MB.
Total: 21.657500 ms (FindLiveObjects: 1.648400 ms CreateObjectMapping: 1.649200 ms MarkObjects: 10.408200 ms  DeleteObjects: 7.949700 ms)

Prepare: number of updated asset objects reloaded= 0
========================================================================
Received Prepare
Begin MonoManager ReloadAssembly
- Loaded All Assemblies, in  1.388 seconds
Refreshing native plugins compatible for Editor in 1.51 ms, found 3 plugins.
Native extension for WindowsStandalone target not found
Mono: successfully reloaded assembly
- Finished resetting the current domain, in  1.553 seconds
Domain Reload Profiling: 2938ms
	BeginReloadAssembly (395ms)
		ExecutionOrderSort (0ms)
		DisableScriptedObjects (16ms)
		BackupInstance (0ms)
		ReleaseScriptingObjects (0ms)
		CreateAndSetChildDomain (83ms)
	RebuildCommonClasses (93ms)
	RebuildNativeTypeToScriptingClass (27ms)
	initialDomainReloadingComplete (74ms)
	LoadAllAssembliesAndSetupDomain (796ms)
		LoadAssemblies (628ms)
		RebuildTransferFunctionScriptingTraits (0ms)
		AnalyzeDomain (376ms)
			TypeCache.Refresh (18ms)
				TypeCache.ScanAssembly (0ms)
			BuildScriptInfoCaches (335ms)
			ResolveRequiredComponents (18ms)
	FinalizeReload (1554ms)
		ReleaseScriptCaches (0ms)
		RebuildScriptCaches (0ms)
		SetupLoadedEditorAssemblies (1115ms)
			LogAssemblyErrors (0ms)
			InitializePlatformSupportModulesInManaged (6ms)
			SetLoadedEditorAssemblies (12ms)
			BeforeProcessingInitializeOnLoad (225ms)
			ProcessInitializeOnLoadAttributes (739ms)
			ProcessInitializeOnLoadMethodAttributes (122ms)
			AfterProcessingInitializeOnLoad (11ms)
			EditorAssembliesLoaded (0ms)
		ExecutionOrderSort2 (0ms)
		AwakeInstancesAfterBackupRestoration (51ms)
Refreshing native plugins compatible for Editor in 1.46 ms, found 3 plugins.
Preloading 0 native plugins for Editor in 0.00 ms.
Unloading 34 Unused Serialized files (Serialized files now loaded: 0)
Unloading 5957 unused Assets / (6.7 MB). Loaded Objects now: 7041.
Memory consumption went from 209.2 MB to 202.4 MB.
Total: 19.899400 ms (FindLiveObjects: 1.287900 ms CreateObjectMapping: 1.734300 ms MarkObjects: 11.209800 ms  DeleteObjects: 5.665300 ms)

Prepare: number of updated asset objects reloaded= 0
========================================================================
Received Prepare
Begin MonoManager ReloadAssembly
- Loaded All Assemblies, in  1.445 seconds
Refreshing native plugins compatible for Editor in 1.24 ms, found 3 plugins.
Native extension for WindowsStandalone target not found
Mono: successfully reloaded assembly
- Finished resetting the current domain, in  1.227 seconds
Domain Reload Profiling: 2670ms
	BeginReloadAssembly (408ms)
		ExecutionOrderSort (0ms)
		DisableScriptedObjects (13ms)
		BackupInstance (0ms)
		ReleaseScriptingObjects (0ms)
		CreateAndSetChildDomain (85ms)
	RebuildCommonClasses (92ms)
	RebuildNativeTypeToScriptingClass (31ms)
	initialDomainReloadingComplete (66ms)
	LoadAllAssembliesAndSetupDomain (845ms)
		LoadAssemblies (635ms)
		RebuildTransferFunctionScriptingTraits (0ms)
		AnalyzeDomain (434ms)
			TypeCache.Refresh (10ms)
				TypeCache.ScanAssembly (0ms)
			BuildScriptInfoCaches (392ms)
			ResolveRequiredComponents (25ms)
	FinalizeReload (1228ms)
		ReleaseScriptCaches (0ms)
		RebuildScriptCaches (0ms)
		SetupLoadedEditorAssemblies (897ms)
			LogAssemblyErrors (0ms)
			InitializePlatformSupportModulesInManaged (5ms)
			SetLoadedEditorAssemblies (8ms)
			BeforeProcessingInitializeOnLoad (190ms)
			ProcessInitializeOnLoadAttributes (580ms)
			ProcessInitializeOnLoadMethodAttributes (103ms)
			AfterProcessingInitializeOnLoad (11ms)
			EditorAssembliesLoaded (1ms)
		ExecutionOrderSort2 (0ms)
		AwakeInstancesAfterBackupRestoration (32ms)
Refreshing native plugins compatible for Editor in 1.72 ms, found 3 plugins.
Preloading 0 native plugins for Editor in 0.00 ms.
Unloading 34 Unused Serialized files (Serialized files now loaded: 0)
Unloading 5957 unused Assets / (7.0 MB). Loaded Objects now: 7043.
Memory consumption went from 209.2 MB to 202.2 MB.
Total: 19.445800 ms (FindLiveObjects: 1.305800 ms CreateObjectMapping: 1.826400 ms MarkObjects: 9.601000 ms  DeleteObjects: 6.711200 ms)

Prepare: number of updated asset objects reloaded= 0
========================================================================
Received Import Request.
  Time since last request: 1297.286280 seconds.
  path: Assets/Scripts/PlayerController.cs
  artifactKey: Guid(e7857d6ec5dd4ce45a0d7a5a5f2eb6b7) Importer(815301076,1909f56bfc062723c751e8b465ee728b)
Start importing Assets/Scripts/PlayerController.cs using Guid(e7857d6ec5dd4ce45a0d7a5a5f2eb6b7) Importer(815301076,1909f56bfc062723c751e8b465ee728b) (PreviewImporter) -> (artifact id: '7ef9376ce6a4ba7bc8ed9505fa42990f') in 0.1815211 seconds
Number of updated asset objects reloaded before import = 0Number of asset objects unloaded after import = 0

========================================================================
Received Prepare
Refreshing native plugins compatible for Editor in 1.86 ms, found 3 plugins.
Preloading 0 native plugins for Editor in 0.00 ms.
Unloading 34 Unused Serialized files (Serialized files now loaded: 0)
Unloading 5951 unused Assets / (8.7 MB). Loaded Objects now: 7044.
Memory consumption went from 209.4 MB to 200.7 MB.
Total: 113.174500 ms (FindLiveObjects: 17.142600 ms CreateObjectMapping: 25.070700 ms MarkObjects: 58.666800 ms  DeleteObjects: 12.292300 ms)

Prepare: number of updated asset objects reloaded= 0
========================================================================
Received Prepare
Begin MonoManager ReloadAssembly
- Loaded All Assemblies, in  1.408 seconds
Refreshing native plugins compatible for Editor in 1.38 ms, found 3 plugins.
Native extension for WindowsStandalone target not found
Mono: successfully reloaded assembly
- Finished resetting the current domain, in  1.462 seconds
Domain Reload Profiling: 2869ms
	BeginReloadAssembly (396ms)
		ExecutionOrderSort (0ms)
		DisableScriptedObjects (17ms)
		BackupInstance (0ms)
		ReleaseScriptingObjects (0ms)
		CreateAndSetChildDomain (102ms)
	RebuildCommonClasses (79ms)
	RebuildNativeTypeToScriptingClass (32ms)
	initialDomainReloadingComplete (47ms)
	LoadAllAssembliesAndSetupDomain (853ms)
		LoadAssemblies (660ms)
		RebuildTransferFunctionScriptingTraits (0ms)
		AnalyzeDomain (391ms)
			TypeCache.Refresh (15ms)
				TypeCache.ScanAssembly (1ms)
			BuildScriptInfoCaches (343ms)
			ResolveRequiredComponents (28ms)
	FinalizeReload (1463ms)
		ReleaseScriptCaches (0ms)
		RebuildScriptCaches (0ms)
		SetupLoadedEditorAssemblies (1029ms)
			LogAssemblyErrors (0ms)
			InitializePlatformSupportModulesInManaged (5ms)
			SetLoadedEditorAssemblies (7ms)
			BeforeProcessingInitializeOnLoad (209ms)
			ProcessInitializeOnLoadAttributes (686ms)
			ProcessInitializeOnLoadMethodAttributes (112ms)
			AfterProcessingInitializeOnLoad (11ms)
			EditorAssembliesLoaded (0ms)
		ExecutionOrderSort2 (0ms)
		AwakeInstancesAfterBackupRestoration (38ms)
Refreshing native plugins compatible for Editor in 1.73 ms, found 3 plugins.
Preloading 0 native plugins for Editor in 0.00 ms.
Unloading 34 Unused Serialized files (Serialized files now loaded: 0)
Unloading 5958 unused Assets / (6.8 MB). Loaded Objects now: 7046.
Memory consumption went from 209.2 MB to 202.4 MB.
Total: 18.572300 ms (FindLiveObjects: 1.285500 ms CreateObjectMapping: 1.629700 ms MarkObjects: 9.236000 ms  DeleteObjects: 6.419300 ms)

Prepare: number of updated asset objects reloaded= 0
========================================================================
Received Import Request.
  Time since last request: 234.951114 seconds.
  path: Assets/Scripts/PlayerCollision.cs
  artifactKey: Guid(91a07f40127538044a43f45607f33e34) Importer(815301076,1909f56bfc062723c751e8b465ee728b)
Start importing Assets/Scripts/PlayerCollision.cs using Guid(91a07f40127538044a43f45607f33e34) Importer(815301076,1909f56bfc062723c751e8b465ee728b) (PreviewImporter) -> (artifact id: '0d34e72aa7a8fd865a25c497dab49e83') in 0.0108072 seconds
Number of updated asset objects reloaded before import = 0Number of asset objects unloaded after import = 0

========================================================================
Received Prepare
Refreshing native plugins compatible for Editor in 2.55 ms, found 3 plugins.
Preloading 0 native plugins for Editor in 0.00 ms.
Unloading 34 Unused Serialized files (Serialized files now loaded: 0)
Unloading 5951 unused Assets / (7.5 MB). Loaded Objects now: 7046.
Memory consumption went from 209.4 MB to 201.9 MB.
Total: 27.950000 ms (FindLiveObjects: 1.169500 ms CreateObjectMapping: 1.848300 ms MarkObjects: 15.937600 ms  DeleteObjects: 8.992900 ms)

Prepare: number of updated asset objects reloaded= 0
========================================================================
Received Import Request.
  Time since last request: 48.550837 seconds.
  path: ProjectSettings/TagManager.asset
  artifactKey: Guid(00000000000000003000000000000000) Importer(815301076,1909f56bfc062723c751e8b465ee728b)
Start importing ProjectSettings/TagManager.asset using Guid(00000000000000003000000000000000) Importer(815301076,1909f56bfc062723c751e8b465ee728b) (PreviewImporter) -> (artifact id: '3a7edb23da3ecee511b0136481fac718') in 0.0363803 seconds
Number of updated asset objects reloaded before import = 0Number of asset objects unloaded after import = 0

========================================================================
Received Import Request.
  Time since last request: 29.112476 seconds.
  path: Assets/Prefabs/Animal_Doe_02.prefab
  artifactKey: Guid(5c98283460dc23a489a19af683fcdc50) Importer(815301076,1909f56bfc062723c751e8b465ee728b)
Start importing Assets/Prefabs/Animal_Doe_02.prefab using Guid(5c98283460dc23a489a19af683fcdc50) Importer(815301076,1909f56bfc062723c751e8b465ee728b) (PreviewImporter) -> (artifact id: '99f2e8565bfd7ffba557cc19517ee582') in 0.7677769 seconds
Number of updated asset objects reloaded before import = 0Number of asset objects unloaded after import = 64

========================================================================
Received Import Request.
  Time since last request: 2.377389 seconds.
  path: Assets/Prefabs/Animal_Fox_01.prefab
  artifactKey: Guid(739b72ffde7ae804aa2d1c4676d4f121) Importer(815301076,1909f56bfc062723c751e8b465ee728b)
Start importing Assets/Prefabs/Animal_Fox_01.prefab using Guid(739b72ffde7ae804aa2d1c4676d4f121) Importer(815301076,1909f56bfc062723c751e8b465ee728b) (PreviewImporter) -> (artifact id: '9bdd876e602eaab9315bca994800361c') in 0.0265678 seconds
Number of updated asset objects reloaded before import = 0Number of asset objects unloaded after import = 71

========================================================================
Received Import Request.
  Time since last request: 2.938884 seconds.
  path: Assets/Prefabs/Animal_Moose_01.prefab
  artifactKey: Guid(031c31cf4519e78478a25c602989bca1) Importer(815301076,1909f56bfc062723c751e8b465ee728b)
Start importing Assets/Prefabs/Animal_Moose_01.prefab using Guid(031c31cf4519e78478a25c602989bca1) Importer(815301076,1909f56bfc062723c751e8b465ee728b) (PreviewImporter) -> (artifact id: '001a3da60e01753808b2bfb7a8fbde9f') in 0.0193427 seconds
Number of updated asset objects reloaded before import = 0Number of asset objects unloaded after import = 63

========================================================================
Received Prepare
Refreshing native plugins compatible for Editor in 1.19 ms, found 3 plugins.
Preloading 0 native plugins for Editor in 0.00 ms.
Unloading 34 Unused Serialized files (Serialized files now loaded: 0)
Unloading 5953 unused Assets / (7.3 MB). Loaded Objects now: 7187.
Memory consumption went from 217.2 MB to 209.8 MB.
Total: 22.134300 ms (FindLiveObjects: 1.545900 ms CreateObjectMapping: 1.392700 ms MarkObjects: 12.213100 ms  DeleteObjects: 6.980500 ms)

Prepare: number of updated asset objects reloaded= 0
========================================================================
Received Prepare
Begin MonoManager ReloadAssembly
- Loaded All Assemblies, in  1.449 seconds
Refreshing native plugins compatible for Editor in 1.14 ms, found 3 plugins.
Native extension for WindowsStandalone target not found
Mono: successfully reloaded assembly
- Finished resetting the current domain, in  1.585 seconds
Domain Reload Profiling: 3032ms
	BeginReloadAssembly (431ms)
		ExecutionOrderSort (0ms)
		DisableScriptedObjects (35ms)
		BackupInstance (0ms)
		ReleaseScriptingObjects (0ms)
		CreateAndSetChildDomain (118ms)
	RebuildCommonClasses (92ms)
	RebuildNativeTypeToScriptingClass (33ms)
	initialDomainReloadingComplete (57ms)
	LoadAllAssembliesAndSetupDomain (834ms)
		LoadAssemblies (650ms)
		RebuildTransferFunctionScriptingTraits (0ms)
		AnalyzeDomain (392ms)
			TypeCache.Refresh (15ms)
				TypeCache.ScanAssembly (0ms)
			BuildScriptInfoCaches (351ms)
			ResolveRequiredComponents (21ms)
	FinalizeReload (1586ms)
		ReleaseScriptCaches (0ms)
		RebuildScriptCaches (0ms)
		SetupLoadedEditorAssemblies (1172ms)
			LogAssemblyErrors (0ms)
			InitializePlatformSupportModulesInManaged (4ms)
			SetLoadedEditorAssemblies (9ms)
			BeforeProcessingInitializeOnLoad (215ms)
			ProcessInitializeOnLoadAttributes (797ms)
			ProcessInitializeOnLoadMethodAttributes (127ms)
			AfterProcessingInitializeOnLoad (18ms)
			EditorAssembliesLoaded (0ms)
		ExecutionOrderSort2 (0ms)
		AwakeInstancesAfterBackupRestoration (33ms)
Refreshing native plugins compatible for Editor in 2.24 ms, found 3 plugins.
Preloading 0 native plugins for Editor in 0.00 ms.
Unloading 34 Unused Serialized files (Serialized files now loaded: 0)
Unloading 5958 unused Assets / (5.8 MB). Loaded Objects now: 7068.
Memory consumption went from 213.6 MB to 207.8 MB.
Total: 18.764600 ms (FindLiveObjects: 2.053200 ms CreateObjectMapping: 2.461700 ms MarkObjects: 9.233800 ms  DeleteObjects: 5.013900 ms)

Prepare: number of updated asset objects reloaded= 0
========================================================================
Received Prepare
Begin MonoManager ReloadAssembly
- Loaded All Assemblies, in  1.374 seconds
Refreshing native plugins compatible for Editor in 1.25 ms, found 3 plugins.
Native extension for WindowsStandalone target not found
Mono: successfully reloaded assembly
- Finished resetting the current domain, in  1.259 seconds
Domain Reload Profiling: 2633ms
	BeginReloadAssembly (400ms)
		ExecutionOrderSort (0ms)
		DisableScriptedObjects (16ms)
		BackupInstance (0ms)
		ReleaseScriptingObjects (0ms)
		CreateAndSetChildDomain (82ms)
	RebuildCommonClasses (78ms)
	RebuildNativeTypeToScriptingClass (24ms)
	initialDomainReloadingComplete (63ms)
	LoadAllAssembliesAndSetupDomain (807ms)
		LoadAssemblies (636ms)
		RebuildTransferFunctionScriptingTraits (0ms)
		AnalyzeDomain (388ms)
			TypeCache.Refresh (10ms)
				TypeCache.ScanAssembly (0ms)
			BuildScriptInfoCaches (342ms)
			ResolveRequiredComponents (30ms)
	FinalizeReload (1260ms)
		ReleaseScriptCaches (0ms)
		RebuildScriptCaches (0ms)
		SetupLoadedEditorAssemblies (915ms)
			LogAssemblyErrors (0ms)
			InitializePlatformSupportModulesInManaged (4ms)
			SetLoadedEditorAssemblies (8ms)
			BeforeProcessingInitializeOnLoad (189ms)
			ProcessInitializeOnLoadAttributes (596ms)
			ProcessInitializeOnLoadMethodAttributes (105ms)
			AfterProcessingInitializeOnLoad (12ms)
			EditorAssembliesLoaded (0ms)
		ExecutionOrderSort2 (0ms)
		AwakeInstancesAfterBackupRestoration (38ms)
Refreshing native plugins compatible for Editor in 1.77 ms, found 3 plugins.
Preloading 0 native plugins for Editor in 0.00 ms.
Unloading 34 Unused Serialized files (Serialized files now loaded: 0)
Unloading 5958 unused Assets / (6.5 MB). Loaded Objects now: 7070.
Memory consumption went from 213.4 MB to 206.9 MB.
Total: 18.038400 ms (FindLiveObjects: 1.269300 ms CreateObjectMapping: 1.684900 ms MarkObjects: 9.239800 ms  DeleteObjects: 5.843100 ms)

Prepare: number of updated asset objects reloaded= 0
========================================================================
Received Prepare
Begin MonoManager ReloadAssembly
- Loaded All Assemblies, in  1.359 seconds
Refreshing native plugins compatible for Editor in 1.18 ms, found 3 plugins.
Native extension for WindowsStandalone target not found
Mono: successfully reloaded assembly
- Finished resetting the current domain, in  1.281 seconds
Domain Reload Profiling: 2640ms
	BeginReloadAssembly (406ms)
		ExecutionOrderSort (0ms)
		DisableScriptedObjects (17ms)
		BackupInstance (0ms)
		ReleaseScriptingObjects (0ms)
		CreateAndSetChildDomain (92ms)
	RebuildCommonClasses (90ms)
	RebuildNativeTypeToScriptingClass (24ms)
	initialDomainReloadingComplete (56ms)
	LoadAllAssembliesAndSetupDomain (782ms)
		LoadAssemblies (611ms)
		RebuildTransferFunctionScriptingTraits (0ms)
		AnalyzeDomain (385ms)
			TypeCache.Refresh (8ms)
				TypeCache.ScanAssembly (0ms)
			BuildScriptInfoCaches (345ms)
			ResolveRequiredComponents (27ms)
	FinalizeReload (1282ms)
		ReleaseScriptCaches (0ms)
		RebuildScriptCaches (0ms)
		SetupLoadedEditorAssemblies (951ms)
			LogAssemblyErrors (0ms)
			InitializePlatformSupportModulesInManaged (4ms)
			SetLoadedEditorAssemblies (8ms)
			BeforeProcessingInitializeOnLoad (183ms)
			ProcessInitializeOnLoadAttributes (646ms)
			ProcessInitializeOnLoadMethodAttributes (99ms)
			AfterProcessingInitializeOnLoad (11ms)
			EditorAssembliesLoaded (0ms)
		ExecutionOrderSort2 (0ms)
		AwakeInstancesAfterBackupRestoration (31ms)
Refreshing native plugins compatible for Editor in 1.46 ms, found 3 plugins.
Preloading 0 native plugins for Editor in 0.00 ms.
Unloading 34 Unused Serialized files (Serialized files now loaded: 0)
Unloading 5958 unused Assets / (6.4 MB). Loaded Objects now: 7072.
Memory consumption went from 213.4 MB to 207.0 MB.
Total: 18.355000 ms (FindLiveObjects: 1.317100 ms CreateObjectMapping: 1.960200 ms MarkObjects: 9.155400 ms  DeleteObjects: 5.919800 ms)

Prepare: number of updated asset objects reloaded= 0
========================================================================
Received Import Request.
  Time since last request: 153.022006 seconds.
  path: Assets/Prefabs/Animal_Doe_02.prefab
  artifactKey: Guid(5c98283460dc23a489a19af683fcdc50) Importer(815301076,1909f56bfc062723c751e8b465ee728b)
Start importing Assets/Prefabs/Animal_Doe_02.prefab using Guid(5c98283460dc23a489a19af683fcdc50) Importer(815301076,1909f56bfc062723c751e8b465ee728b) (PreviewImporter) -> (artifact id: '9fc4d9c6ec606a380429a129cfa66dd4') in 1.0055249 seconds
Number of updated asset objects reloaded before import = 0Number of asset objects unloaded after import = 64

========================================================================
Received Import Request.
  Time since last request: 0.000026 seconds.
  path: Assets/Prefabs/Animal_Moose_01.prefab
  artifactKey: Guid(031c31cf4519e78478a25c602989bca1) Importer(815301076,1909f56bfc062723c751e8b465ee728b)
Start importing Assets/Prefabs/Animal_Moose_01.prefab using Guid(031c31cf4519e78478a25c602989bca1) Importer(815301076,1909f56bfc062723c751e8b465ee728b) (PreviewImporter) -> (artifact id: '34853f896d24735a008cf94c2a469f1a') in 0.0240411 seconds
Number of updated asset objects reloaded before import = 0Number of asset objects unloaded after import = 63

========================================================================
Received Prepare
Begin MonoManager ReloadAssembly
- Loaded All Assemblies, in  1.395 seconds
Refreshing native plugins compatible for Editor in 1.07 ms, found 3 plugins.
Native extension for WindowsStandalone target not found
Mono: successfully reloaded assembly
- Finished resetting the current domain, in  1.337 seconds
Domain Reload Profiling: 2729ms
	BeginReloadAssembly (434ms)
		ExecutionOrderSort (0ms)
		DisableScriptedObjects (50ms)
		BackupInstance (0ms)
		ReleaseScriptingObjects (0ms)
		CreateAndSetChildDomain (101ms)
	RebuildCommonClasses (84ms)
	RebuildNativeTypeToScriptingClass (32ms)
	initialDomainReloadingComplete (59ms)
	LoadAllAssembliesAndSetupDomain (782ms)
		LoadAssemblies (607ms)
		RebuildTransferFunctionScriptingTraits (0ms)
		AnalyzeDomain (370ms)
			TypeCache.Refresh (10ms)
				TypeCache.ScanAssembly (0ms)
			BuildScriptInfoCaches (327ms)
			ResolveRequiredComponents (26ms)
	FinalizeReload (1338ms)
		ReleaseScriptCaches (0ms)
		RebuildScriptCaches (0ms)
		SetupLoadedEditorAssemblies (978ms)
			LogAssemblyErrors (0ms)
			InitializePlatformSupportModulesInManaged (5ms)
			SetLoadedEditorAssemblies (8ms)
			BeforeProcessingInitializeOnLoad (196ms)
			ProcessInitializeOnLoadAttributes (653ms)
			ProcessInitializeOnLoadMethodAttributes (102ms)
			AfterProcessingInitializeOnLoad (12ms)
			EditorAssembliesLoaded (1ms)
		ExecutionOrderSort2 (0ms)
		AwakeInstancesAfterBackupRestoration (41ms)
Refreshing native plugins compatible for Editor in 3.03 ms, found 3 plugins.
Preloading 0 native plugins for Editor in 0.00 ms.
Unloading 34 Unused Serialized files (Serialized files now loaded: 0)
Unloading 5959 unused Assets / (6.5 MB). Loaded Objects now: 7094.
Memory consumption went from 217.7 MB to 211.3 MB.
Total: 16.813500 ms (FindLiveObjects: 1.271400 ms CreateObjectMapping: 0.967300 ms MarkObjects: 9.041200 ms  DeleteObjects: 5.532100 ms)

Prepare: number of updated asset objects reloaded= 0
========================================================================
Received Prepare
Refreshing native plugins compatible for Editor in 8.08 ms, found 3 plugins.
Preloading 0 native plugins for Editor in 0.00 ms.
Unloading 34 Unused Serialized files (Serialized files now loaded: 0)
Unloading 5951 unused Assets / (8.9 MB). Loaded Objects now: 7094.
Memory consumption went from 217.7 MB to 208.8 MB.
Total: 62.374800 ms (FindLiveObjects: 3.453600 ms CreateObjectMapping: 2.073900 ms MarkObjects: 15.192100 ms  DeleteObjects: 41.653200 ms)

Prepare: number of updated asset objects reloaded= 0
========================================================================
Received Import Request.
  Time since last request: 41.030193 seconds.
  path: Assets/Prefabs/Food_Pizza_01.prefab
  artifactKey: Guid(18911331eb7943a4ca432a8dc7a95177) Importer(815301076,1909f56bfc062723c751e8b465ee728b)
Start importing Assets/Prefabs/Food_Pizza_01.prefab using Guid(18911331eb7943a4ca432a8dc7a95177) Importer(815301076,1909f56bfc062723c751e8b465ee728b) (PreviewImporter) -> (artifact id: '1c1661653b89302f15f8bd252d129624') in 1.5554965 seconds
Number of updated asset objects reloaded before import = 0Number of asset objects unloaded after import = 15

========================================================================
Received Prepare
Begin MonoManager ReloadAssembly
- Loaded All Assemblies, in  1.445 seconds
Refreshing native plugins compatible for Editor in 2.06 ms, found 3 plugins.
Native extension for WindowsStandalone target not found
Mono: successfully reloaded assembly
- Finished resetting the current domain, in  1.510 seconds
Domain Reload Profiling: 2956ms
	BeginReloadAssembly (445ms)
		ExecutionOrderSort (0ms)
		DisableScriptedObjects (47ms)
		BackupInstance (0ms)
		ReleaseScriptingObjects (0ms)
		CreateAndSetChildDomain (102ms)
	RebuildCommonClasses (85ms)
	RebuildNativeTypeToScriptingClass (26ms)
	initialDomainReloadingComplete (61ms)
	LoadAllAssembliesAndSetupDomain (828ms)
		LoadAssemblies (647ms)
		RebuildTransferFunctionScriptingTraits (0ms)
		AnalyzeDomain (398ms)
			TypeCache.Refresh (17ms)
				TypeCache.ScanAssembly (0ms)
			BuildScriptInfoCaches (358ms)
			ResolveRequiredComponents (19ms)
	FinalizeReload (1512ms)
		ReleaseScriptCaches (0ms)
		RebuildScriptCaches (0ms)
		SetupLoadedEditorAssemblies (1097ms)
			LogAssemblyErrors (0ms)
			InitializePlatformSupportModulesInManaged (4ms)
			SetLoadedEditorAssemblies (8ms)
			BeforeProcessingInitializeOnLoad (207ms)
			ProcessInitializeOnLoadAttributes (733ms)
			ProcessInitializeOnLoadMethodAttributes (133ms)
			AfterProcessingInitializeOnLoad (11ms)
			EditorAssembliesLoaded (0ms)
		ExecutionOrderSort2 (0ms)
		AwakeInstancesAfterBackupRestoration (54ms)
Refreshing native plugins compatible for Editor in 2.21 ms, found 3 plugins.
Preloading 0 native plugins for Editor in 0.00 ms.
Unloading 34 Unused Serialized files (Serialized files now loaded: 0)
Unloading 5959 unused Assets / (5.9 MB). Loaded Objects now: 7116.
Memory consumption went from 221.9 MB to 215.9 MB.
Total: 18.973700 ms (FindLiveObjects: 1.173200 ms CreateObjectMapping: 1.702700 ms MarkObjects: 10.635500 ms  DeleteObjects: 5.460700 ms)

Prepare: number of updated asset objects reloaded= 0
========================================================================
Received Prepare
Begin MonoManager ReloadAssembly
- Loaded All Assemblies, in  1.373 seconds
Refreshing native plugins compatible for Editor in 1.30 ms, found 3 plugins.
Native extension for WindowsStandalone target not found
Mono: successfully reloaded assembly
- Finished resetting the current domain, in  1.324 seconds
Domain Reload Profiling: 2694ms
	BeginReloadAssembly (382ms)
		ExecutionOrderSort (0ms)
		DisableScriptedObjects (17ms)
		BackupInstance (0ms)
		ReleaseScriptingObjects (0ms)
		CreateAndSetChildDomain (90ms)
	RebuildCommonClasses (97ms)
	RebuildNativeTypeToScriptingClass (29ms)
	initialDomainReloadingComplete (64ms)
	LoadAllAssembliesAndSetupDomain (797ms)
		LoadAssemblies (593ms)
		RebuildTransferFunctionScriptingTraits (0ms)
		AnalyzeDomain (397ms)
			TypeCache.Refresh (11ms)
				TypeCache.ScanAssembly (0ms)
			BuildScriptInfoCaches (356ms)
			ResolveRequiredComponents (24ms)
	FinalizeReload (1325ms)
		ReleaseScriptCaches (0ms)
		RebuildScriptCaches (0ms)
		SetupLoadedEditorAssemblies (975ms)
			LogAssemblyErrors (0ms)
			InitializePlatformSupportModulesInManaged (4ms)
			SetLoadedEditorAssemblies (9ms)
			BeforeProcessingInitializeOnLoad (195ms)
			ProcessInitializeOnLoadAttributes (651ms)
			ProcessInitializeOnLoadMethodAttributes (102ms)
			AfterProcessingInitializeOnLoad (12ms)
			EditorAssembliesLoaded (1ms)
		ExecutionOrderSort2 (0ms)
		AwakeInstancesAfterBackupRestoration (37ms)
Refreshing native plugins compatible for Editor in 2.07 ms, found 3 plugins.
Preloading 0 native plugins for Editor in 0.00 ms.
Unloading 34 Unused Serialized files (Serialized files now loaded: 0)
Unloading 5958 unused Assets / (7.1 MB). Loaded Objects now: 7118.
Memory consumption went from 221.7 MB to 214.6 MB.
Total: 18.802200 ms (FindLiveObjects: 1.260200 ms CreateObjectMapping: 1.580500 ms MarkObjects: 9.371700 ms  DeleteObjects: 6.588600 ms)

Prepare: number of updated asset objects reloaded= 0
========================================================================
Received Import Request.
  Time since last request: 13.939592 seconds.
  path: Assets/Prefabs/Animal_Fox_01.prefab
  artifactKey: Guid(739b72ffde7ae804aa2d1c4676d4f121) Importer(815301076,1909f56bfc062723c751e8b465ee728b)
Start importing Assets/Prefabs/Animal_Fox_01.prefab using Guid(739b72ffde7ae804aa2d1c4676d4f121) Importer(815301076,1909f56bfc062723c751e8b465ee728b) (PreviewImporter) -> (artifact id: '94ff02a1318c33a8b1e26b58965cf150') in 0.9861496 seconds
Number of updated asset objects reloaded before import = 0Number of asset objects unloaded after import = 72

========================================================================
Received Prepare
Begin MonoManager ReloadAssembly
- Loaded All Assemblies, in  1.473 seconds
Refreshing native plugins compatible for Editor in 0.92 ms, found 3 plugins.
Native extension for WindowsStandalone target not found
Mono: successfully reloaded assembly
- Finished resetting the current domain, in  1.403 seconds
Domain Reload Profiling: 2876ms
	BeginReloadAssembly (437ms)
		ExecutionOrderSort (0ms)
		DisableScriptedObjects (52ms)
		BackupInstance (0ms)
		ReleaseScriptingObjects (0ms)
		CreateAndSetChildDomain (105ms)
	RebuildCommonClasses (91ms)
	RebuildNativeTypeToScriptingClass (35ms)
	initialDomainReloadingComplete (54ms)
	LoadAllAssembliesAndSetupDomain (854ms)
		LoadAssemblies (645ms)
		RebuildTransferFunctionScriptingTraits (0ms)
		AnalyzeDomain (412ms)
			TypeCache.Refresh (14ms)
				TypeCache.ScanAssembly (0ms)
			BuildScriptInfoCaches (370ms)
			ResolveRequiredComponents (23ms)
	FinalizeReload (1404ms)
		ReleaseScriptCaches (0ms)
		RebuildScriptCaches (0ms)
		SetupLoadedEditorAssemblies (1018ms)
			LogAssemblyErrors (0ms)
			InitializePlatformSupportModulesInManaged (5ms)
			SetLoadedEditorAssemblies (10ms)
			BeforeProcessingInitializeOnLoad (203ms)
			ProcessInitializeOnLoadAttributes (681ms)
			ProcessInitializeOnLoadMethodAttributes (108ms)
			AfterProcessingInitializeOnLoad (10ms)
			EditorAssembliesLoaded (0ms)
		ExecutionOrderSort2 (0ms)
		AwakeInstancesAfterBackupRestoration (40ms)
Refreshing native plugins compatible for Editor in 1.77 ms, found 3 plugins.
Preloading 0 native plugins for Editor in 0.00 ms.
Unloading 34 Unused Serialized files (Serialized files now loaded: 0)
Unloading 5959 unused Assets / (6.9 MB). Loaded Objects now: 7140.
Memory consumption went from 226.0 MB to 219.1 MB.
Total: 19.148600 ms (FindLiveObjects: 1.324200 ms CreateObjectMapping: 1.654200 ms MarkObjects: 9.902600 ms  DeleteObjects: 6.265700 ms)

Prepare: number of updated asset objects reloaded= 0
========================================================================
Received Import Request.
  Time since last request: 314.874746 seconds.
  path: ProjectSettings/TagManager.asset
  artifactKey: Guid(00000000000000003000000000000000) Importer(815301076,1909f56bfc062723c751e8b465ee728b)
Start importing ProjectSettings/TagManager.asset using Guid(00000000000000003000000000000000) Importer(815301076,1909f56bfc062723c751e8b465ee728b) (PreviewImporter) -> (artifact id: 'aaf23b18da87dea7273b9868d534dee0') in 0.0365538 seconds
Number of updated asset objects reloaded before import = 0Number of asset objects unloaded after import = 0

========================================================================
Received Import Request.
  Time since last request: 26.020729 seconds.
  path: Assets/Prefabs/Food_Pizza_01.prefab
  artifactKey: Guid(18911331eb7943a4ca432a8dc7a95177) Importer(815301076,1909f56bfc062723c751e8b465ee728b)
Start importing Assets/Prefabs/Food_Pizza_01.prefab using Guid(18911331eb7943a4ca432a8dc7a95177) Importer(815301076,1909f56bfc062723c751e8b465ee728b) (PreviewImporter) -> (artifact id: '0ef99db82f74a7224a3d84b0d1d07888') in 0.7744001 seconds
Number of updated asset objects reloaded before import = 0Number of asset objects unloaded after import = 15

========================================================================
Received Prepare
Refreshing native plugins compatible for Editor in 1.26 ms, found 3 plugins.
Preloading 0 native plugins for Editor in 0.00 ms.
Unloading 34 Unused Serialized files (Serialized files now loaded: 0)
Unloading 5953 unused Assets / (8.2 MB). Loaded Objects now: 7281.
Memory consumption went from 233.7 MB to 225.5 MB.
Total: 231.792300 ms (FindLiveObjects: 1.236900 ms CreateObjectMapping: 8.168200 ms MarkObjects: 200.142600 ms  DeleteObjects: 22.242500 ms)

Prepare: number of updated asset objects reloaded= 0
========================================================================
Received Import Request.
  Time since last request: 166.981152 seconds.
  path: Assets/Prefabs/Food_Pizza_01.prefab
  artifactKey: Guid(18911331eb7943a4ca432a8dc7a95177) Importer(815301076,1909f56bfc062723c751e8b465ee728b)
Start importing Assets/Prefabs/Food_Pizza_01.prefab using Guid(18911331eb7943a4ca432a8dc7a95177) Importer(815301076,1909f56bfc062723c751e8b465ee728b) (PreviewImporter) -> (artifact id: 'f3d3121e02ac85a42cb98e03f7505b85') in 0.2285255 seconds
Number of updated asset objects reloaded before import = 0Number of asset objects unloaded after import = 14

========================================================================
Received Import Request.
  Time since last request: 0.000044 seconds.
  path: Assets/Prefabs/Animal_Moose_01.prefab
  artifactKey: Guid(031c31cf4519e78478a25c602989bca1) Importer(815301076,1909f56bfc062723c751e8b465ee728b)
Start importing Assets/Prefabs/Animal_Moose_01.prefab using Guid(031c31cf4519e78478a25c602989bca1) Importer(815301076,1909f56bfc062723c751e8b465ee728b) (PreviewImporter) -> (artifact id: 'a2e8373717673339d155fe7f968d9bce') in 0.0443275 seconds
Number of updated asset objects reloaded before import = 0Number of asset objects unloaded after import = 63

========================================================================
Received Import Request.
  Time since last request: 0.000043 seconds.
  path: Assets/Prefabs/Animal_Fox_01.prefab
  artifactKey: Guid(739b72ffde7ae804aa2d1c4676d4f121) Importer(815301076,1909f56bfc062723c751e8b465ee728b)
Start importing Assets/Prefabs/Animal_Fox_01.prefab using Guid(739b72ffde7ae804aa2d1c4676d4f121) Importer(815301076,1909f56bfc062723c751e8b465ee728b) (PreviewImporter) -> (artifact id: '1b7527dba8bd50799490e97b0c7906fd') in 0.0375693 seconds
Number of updated asset objects reloaded before import = 0Number of asset objects unloaded after import = 71

========================================================================
Received Prepare
Begin MonoManager ReloadAssembly
- Loaded All Assemblies, in  1.467 seconds
Refreshing native plugins compatible for Editor in 1.33 ms, found 3 plugins.
Native extension for WindowsStandalone target not found
Mono: successfully reloaded assembly
- Finished resetting the current domain, in  1.579 seconds
Domain Reload Profiling: 3044ms
	BeginReloadAssembly (534ms)
		ExecutionOrderSort (0ms)
		DisableScriptedObjects (36ms)
		BackupInstance (0ms)
		ReleaseScriptingObjects (0ms)
		CreateAndSetChildDomain (110ms)
	RebuildCommonClasses (78ms)
	RebuildNativeTypeToScriptingClass (37ms)
	initialDomainReloadingComplete (64ms)
	LoadAllAssembliesAndSetupDomain (751ms)
		LoadAssemblies (688ms)
		RebuildTransferFunctionScriptingTraits (0ms)
		AnalyzeDomain (366ms)
			TypeCache.Refresh (13ms)
				TypeCache.ScanAssembly (0ms)
			BuildScriptInfoCaches (329ms)
			ResolveRequiredComponents (19ms)
	FinalizeReload (1579ms)
		ReleaseScriptCaches (0ms)
		RebuildScriptCaches (0ms)
		SetupLoadedEditorAssemblies (1131ms)
			LogAssemblyErrors (0ms)
			InitializePlatformSupportModulesInManaged (6ms)
			SetLoadedEditorAssemblies (11ms)
			BeforeProcessingInitializeOnLoad (216ms)
			ProcessInitializeOnLoadAttributes (770ms)
			ProcessInitializeOnLoadMethodAttributes (115ms)
			AfterProcessingInitializeOnLoad (12ms)
			EditorAssembliesLoaded (0ms)
		ExecutionOrderSort2 (0ms)
		AwakeInstancesAfterBackupRestoration (55ms)
Refreshing native plugins compatible for Editor in 2.23 ms, found 3 plugins.
Preloading 0 native plugins for Editor in 0.00 ms.
Unloading 34 Unused Serialized files (Serialized files now loaded: 0)
Unloading 5959 unused Assets / (7.0 MB). Loaded Objects now: 7162.
Memory consumption went from 230.1 MB to 223.1 MB.
Total: 21.395700 ms (FindLiveObjects: 1.510500 ms CreateObjectMapping: 1.667300 ms MarkObjects: 11.640300 ms  DeleteObjects: 6.575400 ms)

Prepare: number of updated asset objects reloaded= 0
========================================================================
Received Prepare
Begin MonoManager ReloadAssembly
- Loaded All Assemblies, in  1.436 seconds
Refreshing native plugins compatible for Editor in 1.37 ms, found 3 plugins.
Native extension for WindowsStandalone target not found
Mono: successfully reloaded assembly
- Finished resetting the current domain, in  1.245 seconds
Domain Reload Profiling: 2682ms
	BeginReloadAssembly (392ms)
		ExecutionOrderSort (0ms)
		DisableScriptedObjects (18ms)
		BackupInstance (0ms)
		ReleaseScriptingObjects (0ms)
		CreateAndSetChildDomain (90ms)
	RebuildCommonClasses (95ms)
	RebuildNativeTypeToScriptingClass (29ms)
	initialDomainReloadingComplete (67ms)
	LoadAllAssembliesAndSetupDomain (853ms)
		LoadAssemblies (642ms)
		RebuildTransferFunctionScriptingTraits (0ms)
		AnalyzeDomain (411ms)
			TypeCache.Refresh (10ms)
				TypeCache.ScanAssembly (0ms)
			BuildScriptInfoCaches (365ms)
			ResolveRequiredComponents (29ms)
	FinalizeReload (1246ms)
		ReleaseScriptCaches (0ms)
		RebuildScriptCaches (0ms)
		SetupLoadedEditorAssemblies (896ms)
			LogAssemblyErrors (0ms)
			InitializePlatformSupportModulesInManaged (3ms)
			SetLoadedEditorAssemblies (8ms)
			BeforeProcessingInitializeOnLoad (185ms)
			ProcessInitializeOnLoadAttributes (597ms)
			ProcessInitializeOnLoadMethodAttributes (92ms)
			AfterProcessingInitializeOnLoad (9ms)
			EditorAssembliesLoaded (0ms)
		ExecutionOrderSort2 (0ms)
		AwakeInstancesAfterBackupRestoration (34ms)
Refreshing native plugins compatible for Editor in 1.51 ms, found 3 plugins.
Preloading 0 native plugins for Editor in 0.00 ms.
Unloading 34 Unused Serialized files (Serialized files now loaded: 0)
Unloading 5958 unused Assets / (6.8 MB). Loaded Objects now: 7164.
Memory consumption went from 230.0 MB to 223.1 MB.
Total: 20.607800 ms (FindLiveObjects: 1.389800 ms CreateObjectMapping: 1.648100 ms MarkObjects: 10.774900 ms  DeleteObjects: 6.793500 ms)

Prepare: number of updated asset objects reloaded= 0
========================================================================
Received Prepare
Refreshing native plugins compatible for Editor in 1.35 ms, found 3 plugins.
Preloading 0 native plugins for Editor in 0.00 ms.
Unloading 34 Unused Serialized files (Serialized files now loaded: 0)
Unloading 5951 unused Assets / (6.2 MB). Loaded Objects now: 7164.
Memory consumption went from 230.2 MB to 224.0 MB.
Total: 18.807800 ms (FindLiveObjects: 1.199500 ms CreateObjectMapping: 1.428100 ms MarkObjects: 10.258100 ms  DeleteObjects: 5.920100 ms)

Prepare: number of updated asset objects reloaded= 0
========================================================================
Received Import Request.
  Time since last request: 137.586245 seconds.
  path: Assets/Prefabs/Animal_Doe_02.prefab
  artifactKey: Guid(5c98283460dc23a489a19af683fcdc50) Importer(815301076,1909f56bfc062723c751e8b465ee728b)
Start importing Assets/Prefabs/Animal_Doe_02.prefab using Guid(5c98283460dc23a489a19af683fcdc50) Importer(815301076,1909f56bfc062723c751e8b465ee728b) (PreviewImporter) -> (artifact id: '9df0125eb10ac4fc5deb4c043498c2c4') in 2.2514506 seconds
Number of updated asset objects reloaded before import = 0Number of asset objects unloaded after import = 64

========================================================================
Received Import Request.
  Time since last request: 0.000034 seconds.
  path: Assets/Prefabs/Animal_Fox_01.prefab
  artifactKey: Guid(739b72ffde7ae804aa2d1c4676d4f121) Importer(815301076,1909f56bfc062723c751e8b465ee728b)
Start importing Assets/Prefabs/Animal_Fox_01.prefab using Guid(739b72ffde7ae804aa2d1c4676d4f121) Importer(815301076,1909f56bfc062723c751e8b465ee728b) (PreviewImporter) -> (artifact id: 'b92bc33cd49ba848a3fdde84cecdb4e7') in 0.0330339 seconds
Number of updated asset objects reloaded before import = 0Number of asset objects unloaded after import = 71

========================================================================
Received Prepare
Refreshing native plugins compatible for Editor in 2.21 ms, found 3 plugins.
Preloading 0 native plugins for Editor in 0.00 ms.
Unloading 34 Unused Serialized files (Serialized files now loaded: 0)
Unloading 5953 unused Assets / (7.6 MB). Loaded Objects now: 7306.
Memory consumption went from 238.1 MB to 230.5 MB.
Total: 26.832300 ms (FindLiveObjects: 1.426200 ms CreateObjectMapping: 1.554600 ms MarkObjects: 15.544700 ms  DeleteObjects: 8.305000 ms)

Prepare: number of updated asset objects reloaded= 0
========================================================================
Received Prepare
Refreshing native plugins compatible for Editor in 13.61 ms, found 3 plugins.
Preloading 0 native plugins for Editor in 0.00 ms.
Unloading 34 Unused Serialized files (Serialized files now loaded: 0)
Unloading 5952 unused Assets / (6.7 MB). Loaded Objects now: 7306.
Memory consumption went from 238.1 MB to 231.4 MB.
Total: 113.318700 ms (FindLiveObjects: 48.596400 ms CreateObjectMapping: 24.063700 ms MarkObjects: 34.522100 ms  DeleteObjects: 6.133400 ms)

Prepare: number of updated asset objects reloaded= 0
========================================================================
Received Prepare
Begin MonoManager ReloadAssembly
- Loaded All Assemblies, in  1.528 seconds
Refreshing native plugins compatible for Editor in 1.75 ms, found 3 plugins.
Native extension for WindowsStandalone target not found
Mono: successfully reloaded assembly
- Finished resetting the current domain, in  1.524 seconds
Domain Reload Profiling: 3049ms
	BeginReloadAssembly (505ms)
		ExecutionOrderSort (0ms)
		DisableScriptedObjects (52ms)
		BackupInstance (0ms)
		ReleaseScriptingObjects (0ms)
		CreateAndSetChildDomain (98ms)
	RebuildCommonClasses (92ms)
	RebuildNativeTypeToScriptingClass (25ms)
	initialDomainReloadingComplete (65ms)
	LoadAllAssembliesAndSetupDomain (836ms)
		LoadAssemblies (710ms)
		RebuildTransferFunctionScriptingTraits (0ms)
		AnalyzeDomain (398ms)
			TypeCache.Refresh (17ms)
				TypeCache.ScanAssembly (1ms)
			BuildScriptInfoCaches (352ms)
			ResolveRequiredComponents (24ms)
	FinalizeReload (1525ms)
		ReleaseScriptCaches (0ms)
		RebuildScriptCaches (0ms)
		SetupLoadedEditorAssemblies (1077ms)
			LogAssemblyErrors (0ms)
			InitializePlatformSupportModulesInManaged (4ms)
			SetLoadedEditorAssemblies (10ms)
			BeforeProcessingInitializeOnLoad (188ms)
			ProcessInitializeOnLoadAttributes (750ms)
			ProcessInitializeOnLoadMethodAttributes (114ms)
			AfterProcessingInitializeOnLoad (11ms)
			EditorAssembliesLoaded (1ms)
		ExecutionOrderSort2 (0ms)
		AwakeInstancesAfterBackupRestoration (39ms)
Refreshing native plugins compatible for Editor in 1.45 ms, found 3 plugins.
Preloading 0 native plugins for Editor in 0.00 ms.
Unloading 34 Unused Serialized files (Serialized files now loaded: 0)
Unloading 5959 unused Assets / (9.0 MB). Loaded Objects now: 7187.
Memory consumption went from 234.6 MB to 225.6 MB.
Total: 32.031100 ms (FindLiveObjects: 1.563000 ms CreateObjectMapping: 2.445600 ms MarkObjects: 10.016600 ms  DeleteObjects: 18.004400 ms)

Prepare: number of updated asset objects reloaded= 0
========================================================================
Received Prepare
Refreshing native plugins compatible for Editor in 1.61 ms, found 3 plugins.
Preloading 0 native plugins for Editor in 0.00 ms.
Unloading 34 Unused Serialized files (Serialized files now loaded: 0)
Unloading 5952 unused Assets / (7.3 MB). Loaded Objects now: 7187.
Memory consumption went from 234.6 MB to 227.3 MB.
Total: 21.823800 ms (FindLiveObjects: 1.623100 ms CreateObjectMapping: 1.602000 ms MarkObjects: 10.993200 ms  DeleteObjects: 7.602800 ms)

Prepare: number of updated asset objects reloaded= 0
========================================================================
Received Prepare
Begin MonoManager ReloadAssembly
- Loaded All Assemblies, in  1.324 seconds
Refreshing native plugins compatible for Editor in 1.14 ms, found 3 plugins.
Native extension for WindowsStandalone target not found
Mono: successfully reloaded assembly
- Finished resetting the current domain, in  1.437 seconds
Domain Reload Profiling: 2760ms
	BeginReloadAssembly (336ms)
		ExecutionOrderSort (0ms)
		DisableScriptedObjects (13ms)
		BackupInstance (0ms)
		ReleaseScriptingObjects (0ms)
		CreateAndSetChildDomain (82ms)
	RebuildCommonClasses (76ms)
	RebuildNativeTypeToScriptingClass (27ms)
	initialDomainReloadingComplete (69ms)
	LoadAllAssembliesAndSetupDomain (813ms)
		LoadAssemblies (585ms)
		RebuildTransferFunctionScriptingTraits (0ms)
		AnalyzeDomain (402ms)
			TypeCache.Refresh (12ms)
				TypeCache.ScanAssembly (0ms)
			BuildScriptInfoCaches (354ms)
			ResolveRequiredComponents (30ms)
	FinalizeReload (1439ms)
		ReleaseScriptCaches (0ms)
		RebuildScriptCaches (0ms)
		SetupLoadedEditorAssemblies (1036ms)
			LogAssemblyErrors (0ms)
			InitializePlatformSupportModulesInManaged (4ms)
			SetLoadedEditorAssemblies (9ms)
			BeforeProcessingInitializeOnLoad (205ms)
			ProcessInitializeOnLoadAttributes (700ms)
			ProcessInitializeOnLoadMethodAttributes (107ms)
			AfterProcessingInitializeOnLoad (10ms)
			EditorAssembliesLoaded (0ms)
		ExecutionOrderSort2 (0ms)
		AwakeInstancesAfterBackupRestoration (40ms)
Refreshing native plugins compatible for Editor in 2.23 ms, found 3 plugins.
Preloading 0 native plugins for Editor in 0.00 ms.
Unloading 34 Unused Serialized files (Serialized files now loaded: 0)
Unloading 5959 unused Assets / (5.8 MB). Loaded Objects now: 7189.
Memory consumption went from 234.4 MB to 228.6 MB.
Total: 19.531400 ms (FindLiveObjects: 1.817700 ms CreateObjectMapping: 2.021100 ms MarkObjects: 10.424400 ms  DeleteObjects: 5.266800 ms)

Prepare: number of updated asset objects reloaded= 0
========================================================================
Received Prepare
Begin MonoManager ReloadAssembly
- Loaded All Assemblies, in  1.355 seconds
Refreshing native plugins compatible for Editor in 2.08 ms, found 3 plugins.
Native extension for WindowsStandalone target not found
Mono: successfully reloaded assembly
- Finished resetting the current domain, in  1.254 seconds
Domain Reload Profiling: 2609ms
	BeginReloadAssembly (390ms)
		ExecutionOrderSort (0ms)
		DisableScriptedObjects (13ms)
		BackupInstance (0ms)
		ReleaseScriptingObjects (0ms)
		CreateAndSetChildDomain (106ms)
	RebuildCommonClasses (84ms)
	RebuildNativeTypeToScriptingClass (34ms)
	initialDomainReloadingComplete (54ms)
	LoadAllAssembliesAndSetupDomain (793ms)
		LoadAssemblies (620ms)
		RebuildTransferFunctionScriptingTraits (0ms)
		AnalyzeDomain (367ms)
			TypeCache.Refresh (10ms)
				TypeCache.ScanAssembly (0ms)
			BuildScriptInfoCaches (331ms)
			ResolveRequiredComponents (21ms)
	FinalizeReload (1254ms)
		ReleaseScriptCaches (0ms)
		RebuildScriptCaches (0ms)
		SetupLoadedEditorAssemblies (894ms)
			LogAssemblyErrors (0ms)
			InitializePlatformSupportModulesInManaged (4ms)
			SetLoadedEditorAssemblies (9ms)
			BeforeProcessingInitializeOnLoad (179ms)
			ProcessInitializeOnLoadAttributes (598ms)
			ProcessInitializeOnLoadMethodAttributes (94ms)
			AfterProcessingInitializeOnLoad (10ms)
			EditorAssembliesLoaded (0ms)
		ExecutionOrderSort2 (0ms)
		AwakeInstancesAfterBackupRestoration (38ms)
Refreshing native plugins compatible for Editor in 1.63 ms, found 3 plugins.
Preloading 0 native plugins for Editor in 0.00 ms.
Unloading 34 Unused Serialized files (Serialized files now loaded: 0)
Unloading 5959 unused Assets / (6.3 MB). Loaded Objects now: 7191.
Memory consumption went from 234.4 MB to 228.1 MB.
Total: 19.721700 ms (FindLiveObjects: 1.268300 ms CreateObjectMapping: 2.171800 ms MarkObjects: 10.095800 ms  DeleteObjects: 6.184200 ms)

Prepare: number of updated asset objects reloaded= 0
========================================================================
Received Prepare
Begin MonoManager ReloadAssembly
- Loaded All Assemblies, in  1.475 seconds
Refreshing native plugins compatible for Editor in 1.37 ms, found 3 plugins.
Native extension for WindowsStandalone target not found
Mono: successfully reloaded assembly
- Finished resetting the current domain, in  1.250 seconds
Domain Reload Profiling: 2723ms
	BeginReloadAssembly (403ms)
		ExecutionOrderSort (0ms)
		DisableScriptedObjects (14ms)
		BackupInstance (0ms)
		ReleaseScriptingObjects (0ms)
		CreateAndSetChildDomain (86ms)
	RebuildCommonClasses (94ms)
	RebuildNativeTypeToScriptingClass (25ms)
	initialDomainReloadingComplete (69ms)
	LoadAllAssembliesAndSetupDomain (881ms)
		LoadAssemblies (689ms)
		RebuildTransferFunctionScriptingTraits (0ms)
		AnalyzeDomain (424ms)
			TypeCache.Refresh (14ms)
				TypeCache.ScanAssembly (0ms)
			BuildScriptInfoCaches (373ms)
			ResolveRequiredComponents (30ms)
	FinalizeReload (1250ms)
		ReleaseScriptCaches (0ms)
		RebuildScriptCaches (0ms)
		SetupLoadedEditorAssemblies (904ms)
			LogAssemblyErrors (0ms)
			InitializePlatformSupportModulesInManaged (4ms)
			SetLoadedEditorAssemblies (8ms)
			BeforeProcessingInitializeOnLoad (187ms)
			ProcessInitializeOnLoadAttributes (596ms)
			ProcessInitializeOnLoadMethodAttributes (98ms)
			AfterProcessingInitializeOnLoad (11ms)
			EditorAssembliesLoaded (0ms)
		ExecutionOrderSort2 (0ms)
		AwakeInstancesAfterBackupRestoration (36ms)
Refreshing native plugins compatible for Editor in 1.79 ms, found 3 plugins.
Preloading 0 native plugins for Editor in 0.00 ms.
Unloading 34 Unused Serialized files (Serialized files now loaded: 0)
Unloading 5959 unused Assets / (7.1 MB). Loaded Objects now: 7193.
Memory consumption went from 234.4 MB to 227.3 MB.
Total: 19.675100 ms (FindLiveObjects: 1.268300 ms CreateObjectMapping: 1.762000 ms MarkObjects: 10.025000 ms  DeleteObjects: 6.618000 ms)

Prepare: number of updated asset objects reloaded= 0
========================================================================
Received Import Request.
  Time since last request: 396.483826 seconds.
  path: Assets/Prefabs/Animal_Doe_02.prefab
  artifactKey: Guid(5c98283460dc23a489a19af683fcdc50) Importer(815301076,1909f56bfc062723c751e8b465ee728b)
Start importing Assets/Prefabs/Animal_Doe_02.prefab using Guid(5c98283460dc23a489a19af683fcdc50) Importer(815301076,1909f56bfc062723c751e8b465ee728b) (PreviewImporter) -> (artifact id: '369ade2ec85ac29ab8420a175c13e562') in 1.0307415 seconds
Number of updated asset objects reloaded before import = 0Number of asset objects unloaded after import = 64

========================================================================
Received Import Request.
  Time since last request: 0.000039 seconds.
  path: Assets/Prefabs/Animal_Moose_01.prefab
  artifactKey: Guid(031c31cf4519e78478a25c602989bca1) Importer(815301076,1909f56bfc062723c751e8b465ee728b)
Start importing Assets/Prefabs/Animal_Moose_01.prefab using Guid(031c31cf4519e78478a25c602989bca1) Importer(815301076,1909f56bfc062723c751e8b465ee728b) (PreviewImporter) -> (artifact id: 'c87af0f2c40d6e4eeb92ca14ad2df76f') in 0.0246958 seconds
Number of updated asset objects reloaded before import = 0Number of asset objects unloaded after import = 63

========================================================================
Received Import Request.
  Time since last request: 113.060574 seconds.
  path: Assets/Prefabs/Slider.prefab
  artifactKey: Guid(86705a214c5c8ab43ac3ebb8f14c6a2f) Importer(815301076,1909f56bfc062723c751e8b465ee728b)
Start importing Assets/Prefabs/Slider.prefab using Guid(86705a214c5c8ab43ac3ebb8f14c6a2f) Importer(815301076,1909f56bfc062723c751e8b465ee728b) (PreviewImporter) -> (artifact id: 'de6c995c24d38251dbd2e6bd84687e56') in 0.0117876 seconds
Number of updated asset objects reloaded before import = 0Number of asset objects unloaded after import = 21

========================================================================
Received Prepare
Refreshing native plugins compatible for Editor in 2.24 ms, found 3 plugins.
Preloading 0 native plugins for Editor in 0.00 ms.
Unloading 34 Unused Serialized files (Serialized files now loaded: 0)
Unloading 5957 unused Assets / (8.1 MB). Loaded Objects now: 7335.
Memory consumption went from 242.4 MB to 234.3 MB.
Total: 29.497300 ms (FindLiveObjects: 1.548100 ms CreateObjectMapping: 1.206000 ms MarkObjects: 17.485200 ms  DeleteObjects: 9.255600 ms)

Prepare: number of updated asset objects reloaded= 0
========================================================================
Received Import Request.
  Time since last request: 30.096089 seconds.
  path: Assets/Scripts/AnimalHunger.cs
  artifactKey: Guid(c939431a26ba5ca4ca9cf5104741eea2) Importer(815301076,1909f56bfc062723c751e8b465ee728b)
Start importing Assets/Scripts/AnimalHunger.cs using Guid(c939431a26ba5ca4ca9cf5104741eea2) Importer(815301076,1909f56bfc062723c751e8b465ee728b) (PreviewImporter) -> (artifact id: 'f453d1d284d6d04900fb62a7af13045b') in 0.0062822 seconds
Number of updated asset objects reloaded before import = 0Number of asset objects unloaded after import = 0

========================================================================
Received Prepare
Begin MonoManager ReloadAssembly
- Loaded All Assemblies, in  1.473 seconds
Refreshing native plugins compatible for Editor in 1.06 ms, found 3 plugins.
Native extension for WindowsStandalone target not found
Mono: successfully reloaded assembly
- Finished resetting the current domain, in  1.520 seconds
Domain Reload Profiling: 2988ms
	BeginReloadAssembly (448ms)
		ExecutionOrderSort (0ms)
		DisableScriptedObjects (42ms)
		BackupInstance (0ms)
		ReleaseScriptingObjects (0ms)
		CreateAndSetChildDomain (104ms)
	RebuildCommonClasses (91ms)
	RebuildNativeTypeToScriptingClass (38ms)
	initialDomainReloadingComplete (64ms)
	LoadAllAssembliesAndSetupDomain (826ms)
		LoadAssemblies (654ms)
		RebuildTransferFunctionScriptingTraits (0ms)
		AnalyzeDomain (395ms)
			TypeCache.Refresh (11ms)
				TypeCache.ScanAssembly (0ms)
			BuildScriptInfoCaches (352ms)
			ResolveRequiredComponents (26ms)
	FinalizeReload (1521ms)
		ReleaseScriptCaches (0ms)
		RebuildScriptCaches (0ms)
		SetupLoadedEditorAssemblies (1082ms)
			LogAssemblyErrors (0ms)
			InitializePlatformSupportModulesInManaged (4ms)
			SetLoadedEditorAssemblies (9ms)
			BeforeProcessingInitializeOnLoad (223ms)
			ProcessInitializeOnLoadAttributes (712ms)
			ProcessInitializeOnLoadMethodAttributes (123ms)
			AfterProcessingInitializeOnLoad (10ms)
			EditorAssembliesLoaded (0ms)
		ExecutionOrderSort2 (0ms)
		AwakeInstancesAfterBackupRestoration (43ms)
Refreshing native plugins compatible for Editor in 1.21 ms, found 3 plugins.
Preloading 0 native plugins for Editor in 0.00 ms.
Unloading 34 Unused Serialized files (Serialized files now loaded: 0)
Unloading 5960 unused Assets / (7.0 MB). Loaded Objects now: 7216.
Memory consumption went from 238.7 MB to 231.7 MB.
Total: 19.984700 ms (FindLiveObjects: 2.260900 ms CreateObjectMapping: 1.709800 ms MarkObjects: 8.805500 ms  DeleteObjects: 7.207300 ms)

Prepare: number of updated asset objects reloaded= 0
========================================================================
Received Prepare
Refreshing native plugins compatible for Editor in 1.48 ms, found 3 plugins.
Preloading 0 native plugins for Editor in 0.00 ms.
Unloading 34 Unused Serialized files (Serialized files now loaded: 0)
Unloading 5953 unused Assets / (7.7 MB). Loaded Objects now: 7216.
Memory consumption went from 238.7 MB to 231.0 MB.
Total: 38.043500 ms (FindLiveObjects: 1.259400 ms CreateObjectMapping: 3.445600 ms MarkObjects: 24.319600 ms  DeleteObjects: 9.016800 ms)

Prepare: number of updated asset objects reloaded= 0
========================================================================
Received Import Request.
  Time since last request: 275.051186 seconds.
  path: Assets/Prefabs/Canvas.prefab
  artifactKey: Guid(61c442f23f8547841bdaa9b96dff8abb) Importer(815301076,1909f56bfc062723c751e8b465ee728b)
Start importing Assets/Prefabs/Canvas.prefab using Guid(61c442f23f8547841bdaa9b96dff8abb) Importer(815301076,1909f56bfc062723c751e8b465ee728b) (PreviewImporter) -> (artifact id: 'e667485f0665890bf532504b1780e469') in 0.0787563 seconds
Number of updated asset objects reloaded before import = 0Number of asset objects unloaded after import = 26

========================================================================
Received Import Request.
  Time since last request: 5.876886 seconds.
  path: Assets/Prefabs/Slider.prefab
  artifactKey: Guid(61c442f23f8547841bdaa9b96dff8abb) Importer(815301076,1909f56bfc062723c751e8b465ee728b)
Start importing Assets/Prefabs/Slider.prefab using Guid(61c442f23f8547841bdaa9b96dff8abb) Importer(815301076,1909f56bfc062723c751e8b465ee728b) (PreviewImporter) -> (artifact id: '5a1966249927676ea0acc262efed2fa4') in 0.0042408 seconds
Number of updated asset objects reloaded before import = 0Number of asset objects unloaded after import = 26

========================================================================
Received Prepare
Refreshing native plugins compatible for Editor in 1.40 ms, found 3 plugins.
Preloading 0 native plugins for Editor in 0.00 ms.
Unloading 34 Unused Serialized files (Serialized files now loaded: 0)
Unloading 5956 unused Assets / (8.1 MB). Loaded Objects now: 7216.
Memory consumption went from 238.9 MB to 230.8 MB.
Total: 51.359900 ms (FindLiveObjects: 2.274100 ms CreateObjectMapping: 1.960900 ms MarkObjects: 17.600800 ms  DeleteObjects: 29.522200 ms)

Prepare: number of updated asset objects reloaded= 0
========================================================================
Received Import Request.
  Time since last request: 66.063234 seconds.
  path: Assets/Prefabs/Animal_Doe_02.prefab
  artifactKey: Guid(5c98283460dc23a489a19af683fcdc50) Importer(815301076,1909f56bfc062723c751e8b465ee728b)
Start importing Assets/Prefabs/Animal_Doe_02.prefab using Guid(5c98283460dc23a489a19af683fcdc50) Importer(815301076,1909f56bfc062723c751e8b465ee728b) (PreviewImporter) -> (artifact id: 'b306653d56e6366071aa28b5e6219a9f') in 1.9388546 seconds
Number of updated asset objects reloaded before import = 0Number of asset objects unloaded after import = 64

========================================================================
Received Import Request.
  Time since last request: 0.000054 seconds.
  path: Assets/Prefabs/Animal_Fox_01.prefab
  artifactKey: Guid(739b72ffde7ae804aa2d1c4676d4f121) Importer(815301076,1909f56bfc062723c751e8b465ee728b)
Start importing Assets/Prefabs/Animal_Fox_01.prefab using Guid(739b72ffde7ae804aa2d1c4676d4f121) Importer(815301076,1909f56bfc062723c751e8b465ee728b) (PreviewImporter) -> (artifact id: '0e508de69d2023cdca7aff6739788993') in 0.0282981 seconds
Number of updated asset objects reloaded before import = 0Number of asset objects unloaded after import = 71

========================================================================
Received Prepare
Refreshing native plugins compatible for Editor in 2.12 ms, found 3 plugins.
Preloading 0 native plugins for Editor in 0.00 ms.
Unloading 34 Unused Serialized files (Serialized files now loaded: 0)
Unloading 5954 unused Assets / (6.4 MB). Loaded Objects now: 7357.
Memory consumption went from 246.6 MB to 240.1 MB.
Total: 24.653700 ms (FindLiveObjects: 2.489500 ms CreateObjectMapping: 2.231300 ms MarkObjects: 13.583200 ms  DeleteObjects: 6.348000 ms)

Prepare: number of updated asset objects reloaded= 0
========================================================================
Received Prepare
Begin MonoManager ReloadAssembly
- Loaded All Assemblies, in  1.445 seconds
Refreshing native plugins compatible for Editor in 0.80 ms, found 3 plugins.
Native extension for WindowsStandalone target not found
Mono: successfully reloaded assembly
- Finished resetting the current domain, in  1.501 seconds
Domain Reload Profiling: 2946ms
	BeginReloadAssembly (431ms)
		ExecutionOrderSort (0ms)
		DisableScriptedObjects (47ms)
		BackupInstance (0ms)
		ReleaseScriptingObjects (0ms)
		CreateAndSetChildDomain (105ms)
	RebuildCommonClasses (101ms)
	RebuildNativeTypeToScriptingClass (21ms)
	initialDomainReloadingComplete (64ms)
	LoadAllAssembliesAndSetupDomain (827ms)
		LoadAssemblies (619ms)
		RebuildTransferFunctionScriptingTraits (0ms)
		AnalyzeDomain (406ms)
			TypeCache.Refresh (12ms)
				TypeCache.ScanAssembly (0ms)
			BuildScriptInfoCaches (363ms)
			ResolveRequiredComponents (24ms)
	FinalizeReload (1502ms)
		ReleaseScriptCaches (0ms)
		RebuildScriptCaches (0ms)
		SetupLoadedEditorAssemblies (1080ms)
			LogAssemblyErrors (0ms)
			InitializePlatformSupportModulesInManaged (6ms)
			SetLoadedEditorAssemblies (14ms)
			BeforeProcessingInitializeOnLoad (205ms)
			ProcessInitializeOnLoadAttributes (716ms)
			ProcessInitializeOnLoadMethodAttributes (125ms)
			AfterProcessingInitializeOnLoad (13ms)
			EditorAssembliesLoaded (0ms)
		ExecutionOrderSort2 (0ms)
		AwakeInstancesAfterBackupRestoration (62ms)
Refreshing native plugins compatible for Editor in 1.92 ms, found 3 plugins.
Preloading 0 native plugins for Editor in 0.00 ms.
Unloading 34 Unused Serialized files (Serialized files now loaded: 0)
Unloading 5960 unused Assets / (6.9 MB). Loaded Objects now: 7238.
Memory consumption went from 242.9 MB to 236.0 MB.
Total: 20.013900 ms (FindLiveObjects: 1.416300 ms CreateObjectMapping: 1.722700 ms MarkObjects: 11.110300 ms  DeleteObjects: 5.762400 ms)

Prepare: number of updated asset objects reloaded= 0
========================================================================
Received Prepare
Begin MonoManager ReloadAssembly
- Loaded All Assemblies, in  1.440 seconds
Refreshing native plugins compatible for Editor in 1.22 ms, found 3 plugins.
Native extension for WindowsStandalone target not found
Mono: successfully reloaded assembly
- Finished resetting the current domain, in  1.253 seconds
Domain Reload Profiling: 2693ms
	BeginReloadAssembly (416ms)
		ExecutionOrderSort (0ms)
		DisableScriptedObjects (15ms)
		BackupInstance (0ms)
		ReleaseScriptingObjects (0ms)
		CreateAndSetChildDomain (92ms)
	RebuildCommonClasses (75ms)
	RebuildNativeTypeToScriptingClass (32ms)
	initialDomainReloadingComplete (50ms)
	LoadAllAssembliesAndSetupDomain (867ms)
		LoadAssemblies (667ms)
		RebuildTransferFunctionScriptingTraits (0ms)
		AnalyzeDomain (426ms)
			TypeCache.Refresh (22ms)
				TypeCache.ScanAssembly (0ms)
			BuildScriptInfoCaches (369ms)
			ResolveRequiredComponents (28ms)
	FinalizeReload (1253ms)
		ReleaseScriptCaches (0ms)
		RebuildScriptCaches (0ms)
		SetupLoadedEditorAssemblies (908ms)
			LogAssemblyErrors (0ms)
			InitializePlatformSupportModulesInManaged (4ms)
			SetLoadedEditorAssemblies (8ms)
			BeforeProcessingInitializeOnLoad (187ms)
			ProcessInitializeOnLoadAttributes (598ms)
			ProcessInitializeOnLoadMethodAttributes (101ms)
			AfterProcessingInitializeOnLoad (10ms)
			EditorAssembliesLoaded (0ms)
		ExecutionOrderSort2 (0ms)
		AwakeInstancesAfterBackupRestoration (39ms)
Refreshing native plugins compatible for Editor in 1.45 ms, found 3 plugins.
Preloading 0 native plugins for Editor in 0.00 ms.
Unloading 34 Unused Serialized files (Serialized files now loaded: 0)
Unloading 5960 unused Assets / (6.5 MB). Loaded Objects now: 7240.
Memory consumption went from 242.7 MB to 236.2 MB.
Total: 21.660200 ms (FindLiveObjects: 1.297300 ms CreateObjectMapping: 1.844200 ms MarkObjects: 12.059500 ms  DeleteObjects: 6.457900 ms)

Prepare: number of updated asset objects reloaded= 0
========================================================================
Received Prepare
Refreshing native plugins compatible for Editor in 2.33 ms, found 3 plugins.
Preloading 0 native plugins for Editor in 0.00 ms.
Unloading 34 Unused Serialized files (Serialized files now loaded: 0)
Unloading 5953 unused Assets / (7.0 MB). Loaded Objects now: 7240.
Memory consumption went from 242.9 MB to 235.9 MB.
Total: 23.094500 ms (FindLiveObjects: 1.565500 ms CreateObjectMapping: 1.748100 ms MarkObjects: 13.168500 ms  DeleteObjects: 6.610200 ms)

Prepare: number of updated asset objects reloaded= 0
========================================================================
Received Import Request.
  Time since last request: 264.733218 seconds.
  path: Assets/Prefabs/Animal_Doe_02.prefab
  artifactKey: Guid(5c98283460dc23a489a19af683fcdc50) Importer(815301076,1909f56bfc062723c751e8b465ee728b)
Start importing Assets/Prefabs/Animal_Doe_02.prefab using Guid(5c98283460dc23a489a19af683fcdc50) Importer(815301076,1909f56bfc062723c751e8b465ee728b) (PreviewImporter) -> (artifact id: 'ad1e2e5981051f2c3f6d4b84f72671fc') in 2.152145 seconds
Number of updated asset objects reloaded before import = 0Number of asset objects unloaded after import = 64

========================================================================
Received Prepare
Refreshing native plugins compatible for Editor in 5.25 ms, found 3 plugins.
Preloading 0 native plugins for Editor in 0.00 ms.
Unloading 34 Unused Serialized files (Serialized files now loaded: 0)
Unloading 5954 unused Assets / (9.5 MB). Loaded Objects now: 7381.
Memory consumption went from 250.6 MB to 241.1 MB.
Total: 210.703900 ms (FindLiveObjects: 11.657200 ms CreateObjectMapping: 15.768600 ms MarkObjects: 24.371100 ms  DeleteObjects: 158.904900 ms)

Prepare: number of updated asset objects reloaded= 0
========================================================================
Received Import Request.
  Time since last request: 14.409036 seconds.
  path: Assets/Prefabs/Food_Pizza_01.prefab
  artifactKey: Guid(18911331eb7943a4ca432a8dc7a95177) Importer(815301076,1909f56bfc062723c751e8b465ee728b)
Start importing Assets/Prefabs/Food_Pizza_01.prefab using Guid(18911331eb7943a4ca432a8dc7a95177) Importer(815301076,1909f56bfc062723c751e8b465ee728b) (PreviewImporter) -> (artifact id: '51daf66e9a335db039eb9a02453804f0') in 0.1342377 seconds
Number of updated asset objects reloaded before import = 0Number of asset objects unloaded after import = 14

========================================================================
Received Import Request.
  Time since last request: 0.000032 seconds.
  path: Assets/Prefabs/Animal_Fox_01.prefab
  artifactKey: Guid(739b72ffde7ae804aa2d1c4676d4f121) Importer(815301076,1909f56bfc062723c751e8b465ee728b)
Start importing Assets/Prefabs/Animal_Fox_01.prefab using Guid(739b72ffde7ae804aa2d1c4676d4f121) Importer(815301076,1909f56bfc062723c751e8b465ee728b) (PreviewImporter) -> (artifact id: '0b6f97a4411da10b71bcaf2de2fc9f02') in 0.0300646 seconds
Number of updated asset objects reloaded before import = 0Number of asset objects unloaded after import = 71

========================================================================
Received Prepare
Refreshing native plugins compatible for Editor in 4.37 ms, found 3 plugins.
Preloading 0 native plugins for Editor in 0.00 ms.
Unloading 34 Unused Serialized files (Serialized files now loaded: 0)
Unloading 5954 unused Assets / (6.7 MB). Loaded Objects now: 7381.
Memory consumption went from 250.6 MB to 243.9 MB.
Total: 25.945500 ms (FindLiveObjects: 2.749600 ms CreateObjectMapping: 1.367300 ms MarkObjects: 15.736000 ms  DeleteObjects: 6.090400 ms)

Prepare: number of updated asset objects reloaded= 0
========================================================================
Received Import Request.
  Time since last request: 13.809653 seconds.
  path: Assets/Prefabs/Food_Pizza_01.prefab
  artifactKey: Guid(18911331eb7943a4ca432a8dc7a95177) Importer(815301076,1909f56bfc062723c751e8b465ee728b)
Start importing Assets/Prefabs/Food_Pizza_01.prefab using Guid(18911331eb7943a4ca432a8dc7a95177) Importer(815301076,1909f56bfc062723c751e8b465ee728b) (PreviewImporter) -> (artifact id: '1772da853f3a19c389d381a8e39f6b77') in 0.1333082 seconds
Number of updated asset objects reloaded before import = 0Number of asset objects unloaded after import = 14

========================================================================
Received Import Request.
  Time since last request: 0.000030 seconds.
  path: Assets/Prefabs/Animal_Fox_01.prefab
  artifactKey: Guid(739b72ffde7ae804aa2d1c4676d4f121) Importer(815301076,1909f56bfc062723c751e8b465ee728b)
Start importing Assets/Prefabs/Animal_Fox_01.prefab using Guid(739b72ffde7ae804aa2d1c4676d4f121) Importer(815301076,1909f56bfc062723c751e8b465ee728b) (PreviewImporter) -> (artifact id: '8d01f0943f3c7eb295813f588c740542') in 0.0293039 seconds
Number of updated asset objects reloaded before import = 0Number of asset objects unloaded after import = 71

========================================================================
Received Prepare
Begin MonoManager ReloadAssembly
- Loaded All Assemblies, in  1.476 seconds
Refreshing native plugins compatible for Editor in 1.72 ms, found 3 plugins.
Native extension for WindowsStandalone target not found
Mono: successfully reloaded assembly
- Finished resetting the current domain, in  1.575 seconds
Domain Reload Profiling: 3049ms
	BeginReloadAssembly (463ms)
		ExecutionOrderSort (0ms)
		DisableScriptedObjects (48ms)
		BackupInstance (0ms)
		ReleaseScriptingObjects (0ms)
		CreateAndSetChildDomain (109ms)
	RebuildCommonClasses (119ms)
	RebuildNativeTypeToScriptingClass (29ms)
	initialDomainReloadingComplete (64ms)
	LoadAllAssembliesAndSetupDomain (798ms)
		LoadAssemblies (643ms)
		RebuildTransferFunctionScriptingTraits (0ms)
		AnalyzeDomain (386ms)
			TypeCache.Refresh (12ms)
				TypeCache.ScanAssembly (1ms)
			BuildScriptInfoCaches (349ms)
			ResolveRequiredComponents (18ms)
	FinalizeReload (1576ms)
		ReleaseScriptCaches (0ms)
		RebuildScriptCaches (0ms)
		SetupLoadedEditorAssemblies (1140ms)
			LogAssemblyErrors (0ms)
			InitializePlatformSupportModulesInManaged (5ms)
			SetLoadedEditorAssemblies (7ms)
			BeforeProcessingInitializeOnLoad (229ms)
			ProcessInitializeOnLoadAttributes (750ms)
			ProcessInitializeOnLoadMethodAttributes (130ms)
			AfterProcessingInitializeOnLoad (18ms)
			EditorAssembliesLoaded (0ms)
		ExecutionOrderSort2 (0ms)
		AwakeInstancesAfterBackupRestoration (50ms)
Refreshing native plugins compatible for Editor in 1.47 ms, found 3 plugins.
Preloading 0 native plugins for Editor in 0.00 ms.
Unloading 34 Unused Serialized files (Serialized files now loaded: 0)
Unloading 5961 unused Assets / (5.8 MB). Loaded Objects now: 7262.
Memory consumption went from 247.0 MB to 241.2 MB.
Total: 18.638200 ms (FindLiveObjects: 1.395400 ms CreateObjectMapping: 1.966100 ms MarkObjects: 9.124200 ms  DeleteObjects: 6.150300 ms)

Prepare: number of updated asset objects reloaded= 0
========================================================================
Received Prepare
Begin MonoManager ReloadAssembly
- Loaded All Assemblies, in  1.327 seconds
Refreshing native plugins compatible for Editor in 1.26 ms, found 3 plugins.
Native extension for WindowsStandalone target not found
Mono: successfully reloaded assembly
- Finished resetting the current domain, in  1.282 seconds
Domain Reload Profiling: 2607ms
	BeginReloadAssembly (370ms)
		ExecutionOrderSort (0ms)
		DisableScriptedObjects (13ms)
		BackupInstance (0ms)
		ReleaseScriptingObjects (0ms)
		CreateAndSetChildDomain (84ms)
	RebuildCommonClasses (86ms)
	RebuildNativeTypeToScriptingClass (26ms)
	initialDomainReloadingComplete (61ms)
	LoadAllAssembliesAndSetupDomain (783ms)
		LoadAssemblies (613ms)
		RebuildTransferFunctionScriptingTraits (0ms)
		AnalyzeDomain (367ms)
			TypeCache.Refresh (14ms)
				TypeCache.ScanAssembly (0ms)
			BuildScriptInfoCaches (320ms)
			ResolveRequiredComponents (29ms)
	FinalizeReload (1282ms)
		ReleaseScriptCaches (0ms)
		RebuildScriptCaches (0ms)
		SetupLoadedEditorAssemblies (897ms)
			LogAssemblyErrors (0ms)
			InitializePlatformSupportModulesInManaged (4ms)
			SetLoadedEditorAssemblies (9ms)
			BeforeProcessingInitializeOnLoad (182ms)
			ProcessInitializeOnLoadAttributes (588ms)
			ProcessInitializeOnLoadMethodAttributes (100ms)
			AfterProcessingInitializeOnLoad (13ms)
			EditorAssembliesLoaded (0ms)
		ExecutionOrderSort2 (0ms)
		AwakeInstancesAfterBackupRestoration (36ms)
Refreshing native plugins compatible for Editor in 1.49 ms, found 3 plugins.
Preloading 0 native plugins for Editor in 0.00 ms.
Unloading 34 Unused Serialized files (Serialized files now loaded: 0)
Unloading 5960 unused Assets / (7.0 MB). Loaded Objects now: 7264.
Memory consumption went from 246.9 MB to 239.8 MB.
Total: 19.566300 ms (FindLiveObjects: 1.470800 ms CreateObjectMapping: 1.642900 ms MarkObjects: 9.786800 ms  DeleteObjects: 6.664100 ms)

Prepare: number of updated asset objects reloaded= 0
========================================================================
Received Import Request.
  Time since last request: 94.791445 seconds.
  path: Assets/Prefabs/Slider.prefab
  artifactKey: Guid(61c442f23f8547841bdaa9b96dff8abb) Importer(815301076,1909f56bfc062723c751e8b465ee728b)
Start importing Assets/Prefabs/Slider.prefab using Guid(61c442f23f8547841bdaa9b96dff8abb) Importer(815301076,1909f56bfc062723c751e8b465ee728b) (PreviewImporter) -> (artifact id: '8ec9e03ba8769e6d83aaaa93c5b23cf8') in 0.0865677 seconds
Number of updated asset objects reloaded before import = 0Number of asset objects unloaded after import = 26

========================================================================
Received Import Request.
  Time since last request: 24.540823 seconds.
  path: Assets/Prefabs/Slider.prefab
  artifactKey: Guid(61c442f23f8547841bdaa9b96dff8abb) Importer(815301076,1909f56bfc062723c751e8b465ee728b)
Start importing Assets/Prefabs/Slider.prefab using Guid(61c442f23f8547841bdaa9b96dff8abb) Importer(815301076,1909f56bfc062723c751e8b465ee728b) (PreviewImporter) -> (artifact id: '217ca7762007864ba1405911819708f6') in 0.0043726 seconds
Number of updated asset objects reloaded before import = 0Number of asset objects unloaded after import = 26

========================================================================
Received Import Request.
  Time since last request: 3.179267 seconds.
  path: Assets/Prefabs/Slider.prefab
  artifactKey: Guid(61c442f23f8547841bdaa9b96dff8abb) Importer(815301076,1909f56bfc062723c751e8b465ee728b)
Start importing Assets/Prefabs/Slider.prefab using Guid(61c442f23f8547841bdaa9b96dff8abb) Importer(815301076,1909f56bfc062723c751e8b465ee728b) (PreviewImporter) -> (artifact id: '31861cd2105a0a56627553b4e97001a1') in 0.003175 seconds
Number of updated asset objects reloaded before import = 0Number of asset objects unloaded after import = 26

========================================================================
Received Import Request.
  Time since last request: 18.314323 seconds.
  path: Assets/Prefabs/Slider.prefab
  artifactKey: Guid(61c442f23f8547841bdaa9b96dff8abb) Importer(815301076,1909f56bfc062723c751e8b465ee728b)
Start importing Assets/Prefabs/Slider.prefab using Guid(61c442f23f8547841bdaa9b96dff8abb) Importer(815301076,1909f56bfc062723c751e8b465ee728b) (PreviewImporter) -> (artifact id: 'cbaea46c7abf852b590a38c6c64d96f1') in 0.0044259 seconds
Number of updated asset objects reloaded before import = 0Number of asset objects unloaded after import = 26

========================================================================
Received Import Request.
  Time since last request: 14.731204 seconds.
  path: Assets/Prefabs/Slider.prefab
  artifactKey: Guid(61c442f23f8547841bdaa9b96dff8abb) Importer(815301076,1909f56bfc062723c751e8b465ee728b)
Start importing Assets/Prefabs/Slider.prefab using Guid(61c442f23f8547841bdaa9b96dff8abb) Importer(815301076,1909f56bfc062723c751e8b465ee728b) (PreviewImporter) -> (artifact id: 'cd317e6cc838d8e66fe5aa0730809201') in 0.0039719 seconds
Number of updated asset objects reloaded before import = 0Number of asset objects unloaded after import = 26

========================================================================
Received Prepare
Begin MonoManager ReloadAssembly
- Loaded All Assemblies, in  1.389 seconds
Refreshing native plugins compatible for Editor in 2.12 ms, found 3 plugins.
Native extension for WindowsStandalone target not found
Mono: successfully reloaded assembly
- Finished resetting the current domain, in  1.305 seconds
Domain Reload Profiling: 2693ms
	BeginReloadAssembly (396ms)
		ExecutionOrderSort (0ms)
		DisableScriptedObjects (14ms)
		BackupInstance (0ms)
		ReleaseScriptingObjects (0ms)
		CreateAndSetChildDomain (86ms)
	RebuildCommonClasses (91ms)
	RebuildNativeTypeToScriptingClass (43ms)
	initialDomainReloadingComplete (52ms)
	LoadAllAssembliesAndSetupDomain (806ms)
		LoadAssemblies (643ms)
		RebuildTransferFunctionScriptingTraits (0ms)
		AnalyzeDomain (380ms)
			TypeCache.Refresh (11ms)
				TypeCache.ScanAssembly (0ms)
			BuildScriptInfoCaches (341ms)
			ResolveRequiredComponents (23ms)
	FinalizeReload (1306ms)
		ReleaseScriptCaches (0ms)
		RebuildScriptCaches (0ms)
		SetupLoadedEditorAssemblies (884ms)
			LogAssemblyErrors (0ms)
			InitializePlatformSupportModulesInManaged (4ms)
			SetLoadedEditorAssemblies (9ms)
			BeforeProcessingInitializeOnLoad (182ms)
			ProcessInitializeOnLoadAttributes (583ms)
			ProcessInitializeOnLoadMethodAttributes (93ms)
			AfterProcessingInitializeOnLoad (13ms)
			EditorAssembliesLoaded (0ms)
		ExecutionOrderSort2 (0ms)
		AwakeInstancesAfterBackupRestoration (37ms)
Refreshing native plugins compatible for Editor in 1.38 ms, found 3 plugins.
Preloading 0 native plugins for Editor in 0.00 ms.
Unloading 34 Unused Serialized files (Serialized files now loaded: 0)
Unloading 5963 unused Assets / (6.6 MB). Loaded Objects now: 7266.
Memory consumption went from 246.9 MB to 240.2 MB.
Total: 17.705600 ms (FindLiveObjects: 1.402700 ms CreateObjectMapping: 1.198500 ms MarkObjects: 9.719200 ms  DeleteObjects: 5.383600 ms)

Prepare: number of updated asset objects reloaded= 0
========================================================================
Received Import Request.
  Time since last request: 183.477571 seconds.
  path: Assets/Prefabs/Slider.prefab
  artifactKey: Guid(61c442f23f8547841bdaa9b96dff8abb) Importer(815301076,1909f56bfc062723c751e8b465ee728b)
Start importing Assets/Prefabs/Slider.prefab using Guid(61c442f23f8547841bdaa9b96dff8abb) Importer(815301076,1909f56bfc062723c751e8b465ee728b) (PreviewImporter) -> (artifact id: '2c1166533362da0a5a0ae34246ab716b') in 0.0851765 seconds
Number of updated asset objects reloaded before import = 0Number of asset objects unloaded after import = 26

========================================================================
Received Prepare
Begin MonoManager ReloadAssembly
- Loaded All Assemblies, in  1.379 seconds
Refreshing native plugins compatible for Editor in 1.04 ms, found 3 plugins.
Native extension for WindowsStandalone target not found
Mono: successfully reloaded assembly
- Finished resetting the current domain, in  1.316 seconds
Domain Reload Profiling: 2691ms
	BeginReloadAssembly (390ms)
		ExecutionOrderSort (0ms)
		DisableScriptedObjects (16ms)
		BackupInstance (0ms)
		ReleaseScriptingObjects (0ms)
		CreateAndSetChildDomain (83ms)
	RebuildCommonClasses (86ms)
	RebuildNativeTypeToScriptingClass (20ms)
	initialDomainReloadingComplete (59ms)
	LoadAllAssembliesAndSetupDomain (819ms)
		LoadAssemblies (656ms)
		RebuildTransferFunctionScriptingTraits (0ms)
		AnalyzeDomain (373ms)
			TypeCache.Refresh (10ms)
				TypeCache.ScanAssembly (0ms)
			BuildScriptInfoCaches (327ms)
			ResolveRequiredComponents (30ms)
	FinalizeReload (1317ms)
		ReleaseScriptCaches (0ms)
		RebuildScriptCaches (0ms)
		SetupLoadedEditorAssemblies (913ms)
			LogAssemblyErrors (0ms)
			InitializePlatformSupportModulesInManaged (4ms)
			SetLoadedEditorAssemblies (9ms)
			BeforeProcessingInitializeOnLoad (183ms)
			ProcessInitializeOnLoadAttributes (610ms)
			ProcessInitializeOnLoadMethodAttributes (94ms)
			AfterProcessingInitializeOnLoad (13ms)
			EditorAssembliesLoaded (0ms)
		ExecutionOrderSort2 (0ms)
		AwakeInstancesAfterBackupRestoration (38ms)
Refreshing native plugins compatible for Editor in 1.66 ms, found 3 plugins.
Preloading 0 native plugins for Editor in 0.00 ms.
Unloading 34 Unused Serialized files (Serialized files now loaded: 0)
Unloading 5963 unused Assets / (7.1 MB). Loaded Objects now: 7268.
Memory consumption went from 246.8 MB to 239.7 MB.
Total: 19.895100 ms (FindLiveObjects: 1.367700 ms CreateObjectMapping: 1.836500 ms MarkObjects: 10.041300 ms  DeleteObjects: 6.648300 ms)

Prepare: number of updated asset objects reloaded= 0
========================================================================
Received Import Request.
  Time since last request: 67.271409 seconds.
  path: Assets/Prefabs/Animal_Doe_02.prefab
  artifactKey: Guid(5c98283460dc23a489a19af683fcdc50) Importer(815301076,1909f56bfc062723c751e8b465ee728b)
Start importing Assets/Prefabs/Animal_Doe_02.prefab using Guid(5c98283460dc23a489a19af683fcdc50) Importer(815301076,1909f56bfc062723c751e8b465ee728b) (PreviewImporter) -> (artifact id: 'b476c0b3b3f8ba9a9419acbe5c9bc5e6') in 0.7807401 seconds
Number of updated asset objects reloaded before import = 0Number of asset objects unloaded after import = 65

========================================================================
Received Import Request.
  Time since last request: 2.556012 seconds.
  path: Assets/Prefabs/Animal_Fox_01.prefab
  artifactKey: Guid(739b72ffde7ae804aa2d1c4676d4f121) Importer(815301076,1909f56bfc062723c751e8b465ee728b)
Start importing Assets/Prefabs/Animal_Fox_01.prefab using Guid(739b72ffde7ae804aa2d1c4676d4f121) Importer(815301076,1909f56bfc062723c751e8b465ee728b) (PreviewImporter) -> (artifact id: '3472ed8b273f5382741ed10b1719bed8') in 0.0297986 seconds
Number of updated asset objects reloaded before import = 0Number of asset objects unloaded after import = 72

========================================================================
Received Import Request.
  Time since last request: 2.075010 seconds.
  path: Assets/Prefabs/Animal_Moose_01.prefab
  artifactKey: Guid(031c31cf4519e78478a25c602989bca1) Importer(815301076,1909f56bfc062723c751e8b465ee728b)
Start importing Assets/Prefabs/Animal_Moose_01.prefab using Guid(031c31cf4519e78478a25c602989bca1) Importer(815301076,1909f56bfc062723c751e8b465ee728b) (PreviewImporter) -> (artifact id: '994b44d99ea06cfa7f23837e5eb1946c') in 0.0253726 seconds
Number of updated asset objects reloaded before import = 0Number of asset objects unloaded after import = 64

========================================================================
Received Prepare
Begin MonoManager ReloadAssembly
- Loaded All Assemblies, in  1.425 seconds
Refreshing native plugins compatible for Editor in 1.94 ms, found 3 plugins.
Native extension for WindowsStandalone target not found
Mono: successfully reloaded assembly
- Finished resetting the current domain, in  1.341 seconds
Domain Reload Profiling: 2763ms
	BeginReloadAssembly (442ms)
		ExecutionOrderSort (0ms)
		DisableScriptedObjects (42ms)
		BackupInstance (0ms)
		ReleaseScriptingObjects (0ms)
		CreateAndSetChildDomain (112ms)
	RebuildCommonClasses (93ms)
	RebuildNativeTypeToScriptingClass (36ms)
	initialDomainReloadingComplete (64ms)
	LoadAllAssembliesAndSetupDomain (786ms)
		LoadAssemblies (607ms)
		RebuildTransferFunctionScriptingTraits (0ms)
		AnalyzeDomain (386ms)
			TypeCache.Refresh (13ms)
				TypeCache.ScanAssembly (0ms)
			BuildScriptInfoCaches (340ms)
			ResolveRequiredComponents (26ms)
	FinalizeReload (1342ms)
		ReleaseScriptCaches (0ms)
		RebuildScriptCaches (0ms)
		SetupLoadedEditorAssemblies (931ms)
			LogAssemblyErrors (0ms)
			InitializePlatformSupportModulesInManaged (4ms)
			SetLoadedEditorAssemblies (9ms)
			BeforeProcessingInitializeOnLoad (204ms)
			ProcessInitializeOnLoadAttributes (607ms)
			ProcessInitializeOnLoadMethodAttributes (94ms)
			AfterProcessingInitializeOnLoad (12ms)
			EditorAssembliesLoaded (0ms)
		ExecutionOrderSort2 (0ms)
		AwakeInstancesAfterBackupRestoration (39ms)
Refreshing native plugins compatible for Editor in 1.79 ms, found 3 plugins.
Preloading 0 native plugins for Editor in 0.00 ms.
Unloading 34 Unused Serialized files (Serialized files now loaded: 0)
Unloading 5961 unused Assets / (6.7 MB). Loaded Objects now: 7290.
Memory consumption went from 251.1 MB to 244.4 MB.
Total: 18.820300 ms (FindLiveObjects: 1.450200 ms CreateObjectMapping: 1.663500 ms MarkObjects: 9.683600 ms  DeleteObjects: 6.021700 ms)

Prepare: number of updated asset objects reloaded= 0
========================================================================
Received Import Request.
  Time since last request: 312.322776 seconds.
  path: Assets/Prefabs/Canvas.prefab
  artifactKey: Guid(9d2013b42a3f34a4c9de0fa42651ccb8) Importer(815301076,1909f56bfc062723c751e8b465ee728b)
Start importing Assets/Prefabs/Canvas.prefab using Guid(9d2013b42a3f34a4c9de0fa42651ccb8) Importer(815301076,1909f56bfc062723c751e8b465ee728b) (PreviewImporter) -> (artifact id: '499f3f70abebc28ac4436b2f9c573204') in 0.0730783 seconds
Number of updated asset objects reloaded before import = 0Number of asset objects unloaded after import = 28

========================================================================
Received Import Request.
  Time since last request: 21.828426 seconds.
  path: Assets/Prefabs/Animal_Doe_02.prefab
  artifactKey: Guid(5c98283460dc23a489a19af683fcdc50) Importer(815301076,1909f56bfc062723c751e8b465ee728b)
Start importing Assets/Prefabs/Animal_Doe_02.prefab using Guid(5c98283460dc23a489a19af683fcdc50) Importer(815301076,1909f56bfc062723c751e8b465ee728b) (PreviewImporter) -> (artifact id: '10c7015b341e577f603318d49fc38c6c') in 0.8238771 seconds
Number of updated asset objects reloaded before import = 0Number of asset objects unloaded after import = 119

========================================================================
Received Import Request.
  Time since last request: 4.079223 seconds.
  path: Assets/Prefabs/Animal_Fox_01.prefab
  artifactKey: Guid(739b72ffde7ae804aa2d1c4676d4f121) Importer(815301076,1909f56bfc062723c751e8b465ee728b)
Start importing Assets/Prefabs/Animal_Fox_01.prefab using Guid(739b72ffde7ae804aa2d1c4676d4f121) Importer(815301076,1909f56bfc062723c751e8b465ee728b) (PreviewImporter) -> (artifact id: '6f59e35020bf06c7c1c16294f2fef0b4') in 0.0287405 seconds
Number of updated asset objects reloaded before import = 0Number of asset objects unloaded after import = 126

========================================================================
Received Import Request.
  Time since last request: 3.059589 seconds.
  path: Assets/Prefabs/Animal_Moose_01.prefab
  artifactKey: Guid(031c31cf4519e78478a25c602989bca1) Importer(815301076,1909f56bfc062723c751e8b465ee728b)
Start importing Assets/Prefabs/Animal_Moose_01.prefab using Guid(031c31cf4519e78478a25c602989bca1) Importer(815301076,1909f56bfc062723c751e8b465ee728b) (PreviewImporter) -> (artifact id: '11da9d975d75946bbd8483750fa45495') in 0.022077 seconds
Number of updated asset objects reloaded before import = 0Number of asset objects unloaded after import = 118

========================================================================
Received Prepare
Begin MonoManager ReloadAssembly
- Loaded All Assemblies, in  1.424 seconds
Refreshing native plugins compatible for Editor in 0.89 ms, found 3 plugins.
Native extension for WindowsStandalone target not found
Mono: successfully reloaded assembly
- Finished resetting the current domain, in  1.314 seconds
Domain Reload Profiling: 2736ms
	BeginReloadAssembly (449ms)
		ExecutionOrderSort (0ms)
		DisableScriptedObjects (43ms)
		BackupInstance (0ms)
		ReleaseScriptingObjects (0ms)
		CreateAndSetChildDomain (109ms)
	RebuildCommonClasses (91ms)
	RebuildNativeTypeToScriptingClass (29ms)
	initialDomainReloadingComplete (74ms)
	LoadAllAssembliesAndSetupDomain (778ms)
		LoadAssemblies (634ms)
		RebuildTransferFunctionScriptingTraits (0ms)
		AnalyzeDomain (364ms)
			TypeCache.Refresh (12ms)
				TypeCache.ScanAssembly (0ms)
			BuildScriptInfoCaches (320ms)
			ResolveRequiredComponents (28ms)
	FinalizeReload (1315ms)
		ReleaseScriptCaches (0ms)
		RebuildScriptCaches (0ms)
		SetupLoadedEditorAssemblies (903ms)
			LogAssemblyErrors (0ms)
			InitializePlatformSupportModulesInManaged (4ms)
			SetLoadedEditorAssemblies (8ms)
			BeforeProcessingInitializeOnLoad (189ms)
			ProcessInitializeOnLoadAttributes (593ms)
			ProcessInitializeOnLoadMethodAttributes (97ms)
			AfterProcessingInitializeOnLoad (11ms)
			EditorAssembliesLoaded (1ms)
		ExecutionOrderSort2 (0ms)
		AwakeInstancesAfterBackupRestoration (42ms)
Refreshing native plugins compatible for Editor in 1.57 ms, found 3 plugins.
Preloading 0 native plugins for Editor in 0.00 ms.
Unloading 34 Unused Serialized files (Serialized files now loaded: 0)
Unloading 5967 unused Assets / (7.5 MB). Loaded Objects now: 7312.
Memory consumption went from 255.3 MB to 247.9 MB.
Total: 23.334000 ms (FindLiveObjects: 1.851100 ms CreateObjectMapping: 1.496900 ms MarkObjects: 12.500400 ms  DeleteObjects: 7.484000 ms)

Prepare: number of updated asset objects reloaded= 0
========================================================================
Received Prepare
Refreshing native plugins compatible for Editor in 2.46 ms, found 3 plugins.
Preloading 0 native plugins for Editor in 0.00 ms.
Unloading 34 Unused Serialized files (Serialized files now loaded: 0)
Unloading 5953 unused Assets / (6.6 MB). Loaded Objects now: 7312.
Memory consumption went from 255.3 MB to 248.7 MB.
Total: 20.307800 ms (FindLiveObjects: 1.315100 ms CreateObjectMapping: 1.474900 ms MarkObjects: 10.803900 ms  DeleteObjects: 6.712300 ms)

Prepare: number of updated asset objects reloaded= 0
========================================================================
Received Import Request.
  Time since last request: 35.439054 seconds.
  path: Assets/Prefabs/Animal_Moose_01.prefab
  artifactKey: Guid(031c31cf4519e78478a25c602989bca1) Importer(815301076,1909f56bfc062723c751e8b465ee728b)
Start importing Assets/Prefabs/Animal_Moose_01.prefab using Guid(031c31cf4519e78478a25c602989bca1) Importer(815301076,1909f56bfc062723c751e8b465ee728b) (PreviewImporter) -> (artifact id: '4d4cd300efc7f4e6acae8fc53a643832') in 1.9219342 seconds
Number of updated asset objects reloaded before import = 0Number of asset objects unloaded after import = 119

========================================================================
Received Prepare
Refreshing native plugins compatible for Editor in 2.16 ms, found 3 plugins.
Preloading 0 native plugins for Editor in 0.00 ms.
Unloading 34 Unused Serialized files (Serialized files now loaded: 0)
Unloading 5960 unused Assets / (7.0 MB). Loaded Objects now: 7453.
Memory consumption went from 263.2 MB to 256.1 MB.
Total: 23.180500 ms (FindLiveObjects: 2.053900 ms CreateObjectMapping: 1.589900 ms MarkObjects: 13.258200 ms  DeleteObjects: 6.276600 ms)

Prepare: number of updated asset objects reloaded= 0
========================================================================
Received Prepare
Begin MonoManager ReloadAssembly
- Loaded All Assemblies, in  1.383 seconds
Refreshing native plugins compatible for Editor in 1.12 ms, found 3 plugins.
Native extension for WindowsStandalone target not found
Mono: successfully reloaded assembly
- Finished resetting the current domain, in  1.499 seconds
Domain Reload Profiling: 2881ms
	BeginReloadAssembly (405ms)
		ExecutionOrderSort (0ms)
		DisableScriptedObjects (47ms)
		BackupInstance (0ms)
		ReleaseScriptingObjects (0ms)
		CreateAndSetChildDomain (105ms)
	RebuildCommonClasses (80ms)
	RebuildNativeTypeToScriptingClass (31ms)
	initialDomainReloadingComplete (55ms)
	LoadAllAssembliesAndSetupDomain (811ms)
		LoadAssemblies (609ms)
		RebuildTransferFunctionScriptingTraits (0ms)
		AnalyzeDomain (375ms)
			TypeCache.Refresh (15ms)
				TypeCache.ScanAssembly (0ms)
			BuildScriptInfoCaches (328ms)
			ResolveRequiredComponents (27ms)
	FinalizeReload (1500ms)
		ReleaseScriptCaches (0ms)
		RebuildScriptCaches (0ms)
		SetupLoadedEditorAssemblies (1050ms)
			LogAssemblyErrors (0ms)
			InitializePlatformSupportModulesInManaged (5ms)
			SetLoadedEditorAssemblies (10ms)
			BeforeProcessingInitializeOnLoad (211ms)
			ProcessInitializeOnLoadAttributes (690ms)
			ProcessInitializeOnLoadMethodAttributes (121ms)
			AfterProcessingInitializeOnLoad (12ms)
			EditorAssembliesLoaded (0ms)
		ExecutionOrderSort2 (0ms)
		AwakeInstancesAfterBackupRestoration (47ms)
Refreshing native plugins compatible for Editor in 2.13 ms, found 3 plugins.
Preloading 0 native plugins for Editor in 0.00 ms.
Unloading 34 Unused Serialized files (Serialized files now loaded: 0)
Unloading 5960 unused Assets / (6.4 MB). Loaded Objects now: 7334.
Memory consumption went from 259.4 MB to 253.0 MB.
Total: 22.594600 ms (FindLiveObjects: 1.528600 ms CreateObjectMapping: 1.629700 ms MarkObjects: 13.035100 ms  DeleteObjects: 6.399200 ms)

Prepare: number of updated asset objects reloaded= 0
========================================================================
Received Prepare
Refreshing native plugins compatible for Editor in 7.71 ms, found 3 plugins.
Preloading 0 native plugins for Editor in 0.00 ms.
Unloading 34 Unused Serialized files (Serialized files now loaded: 0)
Unloading 5953 unused Assets / (8.9 MB). Loaded Objects now: 7334.
Memory consumption went from 259.5 MB to 250.5 MB.
Total: 235.928500 ms (FindLiveObjects: 3.480600 ms CreateObjectMapping: 11.266200 ms MarkObjects: 165.917100 ms  DeleteObjects: 55.262600 ms)

Prepare: number of updated asset objects reloaded= 0
========================================================================
Received Import Request.
  Time since last request: 27.025195 seconds.
  path: Assets/Prefabs/Animal_Moose_01.prefab
  artifactKey: Guid(031c31cf4519e78478a25c602989bca1) Importer(815301076,1909f56bfc062723c751e8b465ee728b)
Start importing Assets/Prefabs/Animal_Moose_01.prefab using Guid(031c31cf4519e78478a25c602989bca1) Importer(815301076,1909f56bfc062723c751e8b465ee728b) (PreviewImporter) -> (artifact id: 'ebfb8dc31e0b35567edf418de8087bf0') in 1.4144474 seconds
Number of updated asset objects reloaded before import = 0Number of asset objects unloaded after import = 119

========================================================================
Received Prepare
Begin MonoManager ReloadAssembly
- Loaded All Assemblies, in  1.492 seconds
Refreshing native plugins compatible for Editor in 1.13 ms, found 3 plugins.
Native extension for WindowsStandalone target not found
Mono: successfully reloaded assembly
- Finished resetting the current domain, in  1.485 seconds
Domain Reload Profiling: 2975ms
	BeginReloadAssembly (454ms)
		ExecutionOrderSort (0ms)
		DisableScriptedObjects (54ms)
		BackupInstance (0ms)
		ReleaseScriptingObjects (0ms)
		CreateAndSetChildDomain (112ms)
	RebuildCommonClasses (105ms)
	RebuildNativeTypeToScriptingClass (28ms)
	initialDomainReloadingComplete (57ms)
	LoadAllAssembliesAndSetupDomain (845ms)
		LoadAssemblies (626ms)
		RebuildTransferFunctionScriptingTraits (0ms)
		AnalyzeDomain (431ms)
			TypeCache.Refresh (14ms)
				TypeCache.ScanAssembly (1ms)
			BuildScriptInfoCaches (385ms)
			ResolveRequiredComponents (25ms)
	FinalizeReload (1486ms)
		ReleaseScriptCaches (0ms)
		RebuildScriptCaches (0ms)
		SetupLoadedEditorAssemblies (1039ms)
			LogAssemblyErrors (0ms)
			InitializePlatformSupportModulesInManaged (6ms)
			SetLoadedEditorAssemblies (10ms)
			BeforeProcessingInitializeOnLoad (209ms)
			ProcessInitializeOnLoadAttributes (692ms)
			ProcessInitializeOnLoadMethodAttributes (109ms)
			AfterProcessingInitializeOnLoad (12ms)
			EditorAssembliesLoaded (0ms)
		ExecutionOrderSort2 (0ms)
		AwakeInstancesAfterBackupRestoration (58ms)
Refreshing native plugins compatible for Editor in 1.57 ms, found 3 plugins.
Preloading 0 native plugins for Editor in 0.00 ms.
Unloading 34 Unused Serialized files (Serialized files now loaded: 0)
Unloading 5967 unused Assets / (6.5 MB). Loaded Objects now: 7356.
Memory consumption went from 263.6 MB to 257.2 MB.
Total: 19.556100 ms (FindLiveObjects: 2.338800 ms CreateObjectMapping: 1.256200 ms MarkObjects: 10.090500 ms  DeleteObjects: 5.868700 ms)

Prepare: number of updated asset objects reloaded= 0
========================================================================
Received Import Request.
  Time since last request: 7.706302 seconds.
  path: Assets/Prefabs/Animal_Fox_01.prefab
  artifactKey: Guid(739b72ffde7ae804aa2d1c4676d4f121) Importer(815301076,1909f56bfc062723c751e8b465ee728b)
Start importing Assets/Prefabs/Animal_Fox_01.prefab using Guid(739b72ffde7ae804aa2d1c4676d4f121) Importer(815301076,1909f56bfc062723c751e8b465ee728b) (PreviewImporter) -> (artifact id: 'cca4e336ffcc421488055dc98f0e376d') in 1.0465879 seconds
Number of updated asset objects reloaded before import = 0Number of asset objects unloaded after import = 127

========================================================================
Received Prepare
Refreshing native plugins compatible for Editor in 1.30 ms, found 3 plugins.
Preloading 0 native plugins for Editor in 0.00 ms.
Unloading 34 Unused Serialized files (Serialized files now loaded: 0)
Unloading 5960 unused Assets / (9.6 MB). Loaded Objects now: 7497.
Memory consumption went from 271.5 MB to 261.9 MB.
Total: 32.520100 ms (FindLiveObjects: 1.261400 ms CreateObjectMapping: 1.353500 ms MarkObjects: 14.303500 ms  DeleteObjects: 15.599800 ms)

Prepare: number of updated asset objects reloaded= 0
========================================================================
Received Import Request.
  Time since last request: 63.039780 seconds.
  path: Assets/Prefabs/Animal_Moose_01.prefab
  artifactKey: Guid(031c31cf4519e78478a25c602989bca1) Importer(815301076,1909f56bfc062723c751e8b465ee728b)
Start importing Assets/Prefabs/Animal_Moose_01.prefab using Guid(031c31cf4519e78478a25c602989bca1) Importer(815301076,1909f56bfc062723c751e8b465ee728b) (PreviewImporter) -> (artifact id: '111a64880c740865164e8925c09b11c1') in 0.3318188 seconds
Number of updated asset objects reloaded before import = 0Number of asset objects unloaded after import = 118

========================================================================
Received Import Request.
  Time since last request: 0.000042 seconds.
  path: Assets/Prefabs/Animal_Fox_01.prefab
  artifactKey: Guid(739b72ffde7ae804aa2d1c4676d4f121) Importer(815301076,1909f56bfc062723c751e8b465ee728b)
Start importing Assets/Prefabs/Animal_Fox_01.prefab using Guid(739b72ffde7ae804aa2d1c4676d4f121) Importer(815301076,1909f56bfc062723c751e8b465ee728b) (PreviewImporter) -> (artifact id: 'c1a92b0977c8aa35d4f2cc7b656b6210') in 0.0264979 seconds
Number of updated asset objects reloaded before import = 0Number of asset objects unloaded after import = 126

========================================================================
Received Prepare
Refreshing native plugins compatible for Editor in 3.96 ms, found 3 plugins.
Preloading 0 native plugins for Editor in 0.00 ms.
Unloading 34 Unused Serialized files (Serialized files now loaded: 0)
Unloading 5960 unused Assets / (9.0 MB). Loaded Objects now: 7497.
Memory consumption went from 271.5 MB to 262.5 MB.
Total: 40.768200 ms (FindLiveObjects: 1.722600 ms CreateObjectMapping: 2.383400 ms MarkObjects: 22.462300 ms  DeleteObjects: 14.198100 ms)

Prepare: number of updated asset objects reloaded= 0
========================================================================
Received Import Request.
  Time since last request: 54.666607 seconds.
  path: Assets/Prefabs/Animal_Doe_02.prefab
  artifactKey: Guid(5c98283460dc23a489a19af683fcdc50) Importer(815301076,1909f56bfc062723c751e8b465ee728b)
Start importing Assets/Prefabs/Animal_Doe_02.prefab using Guid(5c98283460dc23a489a19af683fcdc50) Importer(815301076,1909f56bfc062723c751e8b465ee728b) (PreviewImporter) -> (artifact id: 'ca58a9d5f58540284dde4f39178af9cf') in 0.3330309 seconds
Number of updated asset objects reloaded before import = 0Number of asset objects unloaded after import = 118

========================================================================
Received Import Request.
  Time since last request: 0.000035 seconds.
  path: Assets/Prefabs/Animal_Moose_01.prefab
  artifactKey: Guid(031c31cf4519e78478a25c602989bca1) Importer(815301076,1909f56bfc062723c751e8b465ee728b)
Start importing Assets/Prefabs/Animal_Moose_01.prefab using Guid(031c31cf4519e78478a25c602989bca1) Importer(815301076,1909f56bfc062723c751e8b465ee728b) (PreviewImporter) -> (artifact id: 'eec7b83c251f41f0d78975b67fe4ded2') in 0.0344755 seconds
Number of updated asset objects reloaded before import = 0Number of asset objects unloaded after import = 118

========================================================================
Received Prepare
Refreshing native plugins compatible for Editor in 2.52 ms, found 3 plugins.
Preloading 0 native plugins for Editor in 0.00 ms.
Unloading 34 Unused Serialized files (Serialized files now loaded: 0)
Unloading 5960 unused Assets / (8.8 MB). Loaded Objects now: 7497.
Memory consumption went from 271.5 MB to 262.7 MB.
Total: 27.348400 ms (FindLiveObjects: 1.513400 ms CreateObjectMapping: 1.526500 ms MarkObjects: 15.315400 ms  DeleteObjects: 8.991300 ms)

Prepare: number of updated asset objects reloaded= 0
========================================================================
Received Import Request.
  Time since last request: 3.523995 seconds.
  path: Assets/Prefabs/Animal_Doe_02.prefab
  artifactKey: Guid(5c98283460dc23a489a19af683fcdc50) Importer(815301076,1909f56bfc062723c751e8b465ee728b)
Start importing Assets/Prefabs/Animal_Doe_02.prefab using Guid(5c98283460dc23a489a19af683fcdc50) Importer(815301076,1909f56bfc062723c751e8b465ee728b) (PreviewImporter) -> (artifact id: 'b99c39723be7faf342a83d2ac3c28516') in 0.2191774 seconds
Number of updated asset objects reloaded before import = 0Number of asset objects unloaded after import = 118

========================================================================
Received Import Request.
  Time since last request: 0.000046 seconds.
  path: Assets/Prefabs/Animal_Moose_01.prefab
  artifactKey: Guid(031c31cf4519e78478a25c602989bca1) Importer(815301076,1909f56bfc062723c751e8b465ee728b)
Start importing Assets/Prefabs/Animal_Moose_01.prefab using Guid(031c31cf4519e78478a25c602989bca1) Importer(815301076,1909f56bfc062723c751e8b465ee728b) (PreviewImporter) -> (artifact id: '52ba3eec603609fb45f04d19c62e34d6') in 0.0434671 seconds
Number of updated asset objects reloaded before import = 0Number of asset objects unloaded after import = 118

========================================================================
Received Import Request.
  Time since last request: 0.000374 seconds.
  path: Assets/Prefabs/Animal_Fox_01.prefab
  artifactKey: Guid(739b72ffde7ae804aa2d1c4676d4f121) Importer(815301076,1909f56bfc062723c751e8b465ee728b)
Start importing Assets/Prefabs/Animal_Fox_01.prefab using Guid(739b72ffde7ae804aa2d1c4676d4f121) Importer(815301076,1909f56bfc062723c751e8b465ee728b) (PreviewImporter) -> (artifact id: '9451d8b0df71f2ee9fdd5745a4fb43c7') in 0.042803 seconds
Number of updated asset objects reloaded before import = 0Number of asset objects unloaded after import = 126

========================================================================
Received Prepare
Refreshing native plugins compatible for Editor in 1.42 ms, found 3 plugins.
Preloading 0 native plugins for Editor in 0.00 ms.
Unloading 34 Unused Serialized files (Serialized files now loaded: 0)
Unloading 5960 unused Assets / (8.2 MB). Loaded Objects now: 7497.
Memory consumption went from 271.6 MB to 263.3 MB.
Total: 177.431700 ms (FindLiveObjects: 18.522800 ms CreateObjectMapping: 2.276300 ms MarkObjects: 16.090700 ms  DeleteObjects: 140.540000 ms)

Prepare: number of updated asset objects reloaded= 0
========================================================================
Received Prepare
Begin MonoManager ReloadAssembly
- Loaded All Assemblies, in  1.482 seconds
Refreshing native plugins compatible for Editor in 0.91 ms, found 3 plugins.
Native extension for WindowsStandalone target not found
Mono: successfully reloaded assembly
- Finished resetting the current domain, in  1.473 seconds
Domain Reload Profiling: 2954ms
	BeginReloadAssembly (469ms)
		ExecutionOrderSort (0ms)
		DisableScriptedObjects (51ms)
		BackupInstance (0ms)
		ReleaseScriptingObjects (0ms)
		CreateAndSetChildDomain (108ms)
	RebuildCommonClasses (98ms)
	RebuildNativeTypeToScriptingClass (28ms)
	initialDomainReloadingComplete (63ms)
	LoadAllAssembliesAndSetupDomain (823ms)
		LoadAssemblies (663ms)
		RebuildTransferFunctionScriptingTraits (0ms)
		AnalyzeDomain (385ms)
			TypeCache.Refresh (15ms)
				TypeCache.ScanAssembly (0ms)
			BuildScriptInfoCaches (340ms)
			ResolveRequiredComponents (24ms)
	FinalizeReload (1474ms)
		ReleaseScriptCaches (0ms)
		RebuildScriptCaches (0ms)
		SetupLoadedEditorAssemblies (1061ms)
			LogAssemblyErrors (0ms)
			InitializePlatformSupportModulesInManaged (4ms)
			SetLoadedEditorAssemblies (9ms)
			BeforeProcessingInitializeOnLoad (206ms)
			ProcessInitializeOnLoadAttributes (707ms)
			ProcessInitializeOnLoadMethodAttributes (123ms)
			AfterProcessingInitializeOnLoad (11ms)
			EditorAssembliesLoaded (0ms)
		ExecutionOrderSort2 (0ms)
		AwakeInstancesAfterBackupRestoration (60ms)
Refreshing native plugins compatible for Editor in 1.44 ms, found 3 plugins.
Preloading 0 native plugins for Editor in 0.00 ms.
Unloading 34 Unused Serialized files (Serialized files now loaded: 0)
Unloading 5960 unused Assets / (7.0 MB). Loaded Objects now: 7378.
Memory consumption went from 267.8 MB to 260.8 MB.
Total: 26.087200 ms (FindLiveObjects: 1.309500 ms CreateObjectMapping: 0.905100 ms MarkObjects: 17.376000 ms  DeleteObjects: 6.494400 ms)

Prepare: number of updated asset objects reloaded= 0
========================================================================
Received Import Request.
  Time since last request: 206.014206 seconds.
  path: Assets/Prefabs/Animal_Doe_02.prefab
  artifactKey: Guid(5c98283460dc23a489a19af683fcdc50) Importer(815301076,1909f56bfc062723c751e8b465ee728b)
Start importing Assets/Prefabs/Animal_Doe_02.prefab using Guid(5c98283460dc23a489a19af683fcdc50) Importer(815301076,1909f56bfc062723c751e8b465ee728b) (PreviewImporter) -> (artifact id: 'cb0962b3f305625a09e7dd674facf4ab') in 1.4709338 seconds
Number of updated asset objects reloaded before import = 0Number of asset objects unloaded after import = 119

========================================================================
Received Import Request.
  Time since last request: 17.368197 seconds.
  path: Assets/Prefabs/Animal_Moose_01.prefab
  artifactKey: Guid(031c31cf4519e78478a25c602989bca1) Importer(815301076,1909f56bfc062723c751e8b465ee728b)
Start importing Assets/Prefabs/Animal_Moose_01.prefab using Guid(031c31cf4519e78478a25c602989bca1) Importer(815301076,1909f56bfc062723c751e8b465ee728b) (PreviewImporter) -> (artifact id: 'b6e013a975baebfcde9396f4ba63c1b2') in 0.0287966 seconds
Number of updated asset objects reloaded before import = 0Number of asset objects unloaded after import = 118

========================================================================
Received Import Request.
  Time since last request: 7.140664 seconds.
  path: Assets/Prefabs/Animal_Moose_01.prefab
  artifactKey: Guid(031c31cf4519e78478a25c602989bca1) Importer(815301076,1909f56bfc062723c751e8b465ee728b)
Start importing Assets/Prefabs/Animal_Moose_01.prefab using Guid(031c31cf4519e78478a25c602989bca1) Importer(815301076,1909f56bfc062723c751e8b465ee728b) (PreviewImporter) -> (artifact id: '0f5227c69ca94a67d6aa48ffecdbbdfe') in 0.0229271 seconds
Number of updated asset objects reloaded before import = 0Number of asset objects unloaded after import = 118

========================================================================
Received Import Request.
  Time since last request: 6.297568 seconds.
  path: Assets/Prefabs/Animal_Fox_01.prefab
  artifactKey: Guid(739b72ffde7ae804aa2d1c4676d4f121) Importer(815301076,1909f56bfc062723c751e8b465ee728b)
Start importing Assets/Prefabs/Animal_Fox_01.prefab using Guid(739b72ffde7ae804aa2d1c4676d4f121) Importer(815301076,1909f56bfc062723c751e8b465ee728b) (PreviewImporter) -> (artifact id: 'f68f4eaef5f56fb09cffc5046eb25661') in 0.0254032 seconds
Number of updated asset objects reloaded before import = 0Number of asset objects unloaded after import = 126

========================================================================
Received Import Request.
  Time since last request: 2.148725 seconds.
  path: Assets/Prefabs/Animal_Fox_01.prefab
  artifactKey: Guid(739b72ffde7ae804aa2d1c4676d4f121) Importer(815301076,1909f56bfc062723c751e8b465ee728b)
Start importing Assets/Prefabs/Animal_Fox_01.prefab using Guid(739b72ffde7ae804aa2d1c4676d4f121) Importer(815301076,1909f56bfc062723c751e8b465ee728b) (PreviewImporter) -> (artifact id: '6c31bba47b23a0314b13c0f8f83b2fae') in 0.0267991 seconds
Number of updated asset objects reloaded before import = 0Number of asset objects unloaded after import = 126

========================================================================
Received Import Request.
  Time since last request: 5.181868 seconds.
  path: Assets/Prefabs/Animal_Doe_02.prefab
  artifactKey: Guid(5c98283460dc23a489a19af683fcdc50) Importer(815301076,1909f56bfc062723c751e8b465ee728b)
Start importing Assets/Prefabs/Animal_Doe_02.prefab using Guid(5c98283460dc23a489a19af683fcdc50) Importer(815301076,1909f56bfc062723c751e8b465ee728b) (PreviewImporter) -> (artifact id: '12a629d6f3b54651cb1e34691ec35543') in 0.0204945 seconds
Number of updated asset objects reloaded before import = 0Number of asset objects unloaded after import = 118

========================================================================
Received Import Request.
  Time since last request: 2.165753 seconds.
  path: Assets/Prefabs/Animal_Doe_02.prefab
  artifactKey: Guid(5c98283460dc23a489a19af683fcdc50) Importer(815301076,1909f56bfc062723c751e8b465ee728b)
Start importing Assets/Prefabs/Animal_Doe_02.prefab using Guid(5c98283460dc23a489a19af683fcdc50) Importer(815301076,1909f56bfc062723c751e8b465ee728b) (PreviewImporter) -> (artifact id: '72e62772498bc287aa6c032d0b745500') in 0.0203948 seconds
Number of updated asset objects reloaded before import = 0Number of asset objects unloaded after import = 118

========================================================================
Received Prepare
Refreshing native plugins compatible for Editor in 1.45 ms, found 3 plugins.
Preloading 0 native plugins for Editor in 0.00 ms.
Unloading 34 Unused Serialized files (Serialized files now loaded: 0)
Unloading 5960 unused Assets / (6.2 MB). Loaded Objects now: 7519.
Memory consumption went from 275.7 MB to 269.5 MB.
Total: 41.160900 ms (FindLiveObjects: 1.270400 ms CreateObjectMapping: 1.071200 ms MarkObjects: 33.598100 ms  DeleteObjects: 5.219600 ms)

Prepare: number of updated asset objects reloaded= 0
========================================================================
Received Import Request.
  Time since last request: 32.919388 seconds.
  path: Assets/Prefabs/Animal_Doe_02.prefab
  artifactKey: Guid(5c98283460dc23a489a19af683fcdc50) Importer(815301076,1909f56bfc062723c751e8b465ee728b)
Start importing Assets/Prefabs/Animal_Doe_02.prefab using Guid(5c98283460dc23a489a19af683fcdc50) Importer(815301076,1909f56bfc062723c751e8b465ee728b) (PreviewImporter) -> (artifact id: 'b65d9ed0e31da5bd83183a9ddd129f81') in 0.3576833 seconds
Number of updated asset objects reloaded before import = 0Number of asset objects unloaded after import = 118

========================================================================
Received Import Request.
  Time since last request: 0.000042 seconds.
  path: Assets/Prefabs/Food_Pizza_01.prefab
  artifactKey: Guid(18911331eb7943a4ca432a8dc7a95177) Importer(815301076,1909f56bfc062723c751e8b465ee728b)
Start importing Assets/Prefabs/Food_Pizza_01.prefab using Guid(18911331eb7943a4ca432a8dc7a95177) Importer(815301076,1909f56bfc062723c751e8b465ee728b) (PreviewImporter) -> (artifact id: '675601090430beceae82e365a7512c76') in 0.0304809 seconds
Number of updated asset objects reloaded before import = 0Number of asset objects unloaded after import = 14

========================================================================
Received Import Request.
  Time since last request: 0.000051 seconds.
  path: Assets/Prefabs/Animal_Fox_01.prefab
  artifactKey: Guid(739b72ffde7ae804aa2d1c4676d4f121) Importer(815301076,1909f56bfc062723c751e8b465ee728b)
Start importing Assets/Prefabs/Animal_Fox_01.prefab using Guid(739b72ffde7ae804aa2d1c4676d4f121) Importer(815301076,1909f56bfc062723c751e8b465ee728b) (PreviewImporter) -> (artifact id: 'ee88b58383a617bdd5c8c2ad95bd7763') in 0.0258374 seconds
Number of updated asset objects reloaded before import = 0Number of asset objects unloaded after import = 126

========================================================================
Received Prepare
Begin MonoManager ReloadAssembly
- Loaded All Assemblies, in  1.576 seconds
Refreshing native plugins compatible for Editor in 1.01 ms, found 3 plugins.
Native extension for WindowsStandalone target not found
Mono: successfully reloaded assembly
- Finished resetting the current domain, in  1.680 seconds
Domain Reload Profiling: 3256ms
	BeginReloadAssembly (447ms)
		ExecutionOrderSort (0ms)
		DisableScriptedObjects (47ms)
		BackupInstance (0ms)
		ReleaseScriptingObjects (0ms)
		CreateAndSetChildDomain (108ms)
	RebuildCommonClasses (90ms)
	RebuildNativeTypeToScriptingClass (27ms)
	initialDomainReloadingComplete (57ms)
	LoadAllAssembliesAndSetupDomain (954ms)
		LoadAssemblies (656ms)
		RebuildTransferFunctionScriptingTraits (0ms)
		AnalyzeDomain (512ms)
			TypeCache.Refresh (14ms)
				TypeCache.ScanAssembly (1ms)
			BuildScriptInfoCaches (470ms)
			ResolveRequiredComponents (21ms)
	FinalizeReload (1681ms)
		ReleaseScriptCaches (0ms)
		RebuildScriptCaches (0ms)
		SetupLoadedEditorAssemblies (1217ms)
			LogAssemblyErrors (0ms)
			InitializePlatformSupportModulesInManaged (6ms)
			SetLoadedEditorAssemblies (16ms)
			BeforeProcessingInitializeOnLoad (236ms)
			ProcessInitializeOnLoadAttributes (813ms)
			ProcessInitializeOnLoadMethodAttributes (132ms)
			AfterProcessingInitializeOnLoad (13ms)
			EditorAssembliesLoaded (0ms)
		ExecutionOrderSort2 (0ms)
		AwakeInstancesAfterBackupRestoration (60ms)
Refreshing native plugins compatible for Editor in 1.49 ms, found 3 plugins.
Preloading 0 native plugins for Editor in 0.00 ms.
Unloading 34 Unused Serialized files (Serialized files now loaded: 0)
Unloading 5967 unused Assets / (6.9 MB). Loaded Objects now: 7400.
Memory consumption went from 271.9 MB to 265.0 MB.
Total: 21.376600 ms (FindLiveObjects: 1.777500 ms CreateObjectMapping: 1.839800 ms MarkObjects: 10.675700 ms  DeleteObjects: 7.081900 ms)

Prepare: number of updated asset objects reloaded= 0
========================================================================
Received Prepare
Refreshing native plugins compatible for Editor in 120.55 ms, found 3 plugins.
Preloading 0 native plugins for Editor in 0.00 ms.
Unloading 34 Unused Serialized files (Serialized files now loaded: 0)
Unloading 5953 unused Assets / (9.0 MB). Loaded Objects now: 7400.
Memory consumption went from 271.9 MB to 262.9 MB.
Total: 31.127100 ms (FindLiveObjects: 2.335400 ms CreateObjectMapping: 4.966100 ms MarkObjects: 14.018400 ms  DeleteObjects: 9.804700 ms)

Prepare: number of updated asset objects reloaded= 0
========================================================================
Received Import Request.
  Time since last request: 12.105241 seconds.
  path: Assets/Prefabs/Food_Pizza_01.prefab
  artifactKey: Guid(18911331eb7943a4ca432a8dc7a95177) Importer(815301076,1909f56bfc062723c751e8b465ee728b)
Start importing Assets/Prefabs/Food_Pizza_01.prefab using Guid(18911331eb7943a4ca432a8dc7a95177) Importer(815301076,1909f56bfc062723c751e8b465ee728b) (PreviewImporter) -> (artifact id: '507179fc363db923b21b174d1190815a') in 1.4408585 seconds
Number of updated asset objects reloaded before import = 0Number of asset objects unloaded after import = 15

========================================================================
Received Prepare
Begin MonoManager ReloadAssembly
- Loaded All Assemblies, in  1.445 seconds
Refreshing native plugins compatible for Editor in 1.61 ms, found 3 plugins.
Native extension for WindowsStandalone target not found
Mono: successfully reloaded assembly
- Finished resetting the current domain, in  1.559 seconds
Domain Reload Profiling: 3002ms
	BeginReloadAssembly (433ms)
		ExecutionOrderSort (0ms)
		DisableScriptedObjects (46ms)
		BackupInstance (0ms)
		ReleaseScriptingObjects (0ms)
		CreateAndSetChildDomain (95ms)
	RebuildCommonClasses (96ms)
	RebuildNativeTypeToScriptingClass (30ms)
	initialDomainReloadingComplete (60ms)
	LoadAllAssembliesAndSetupDomain (825ms)
		LoadAssemblies (640ms)
		RebuildTransferFunctionScriptingTraits (0ms)
		AnalyzeDomain (397ms)
			TypeCache.Refresh (18ms)
				TypeCache.ScanAssembly (1ms)
			BuildScriptInfoCaches (352ms)
			ResolveRequiredComponents (20ms)
	FinalizeReload (1559ms)
		ReleaseScriptCaches (0ms)
		RebuildScriptCaches (0ms)
		SetupLoadedEditorAssemblies (1122ms)
			LogAssemblyErrors (0ms)
			InitializePlatformSupportModulesInManaged (5ms)
			SetLoadedEditorAssemblies (11ms)
			BeforeProcessingInitializeOnLoad (212ms)
			ProcessInitializeOnLoadAttributes (758ms)
			ProcessInitializeOnLoadMethodAttributes (122ms)
			AfterProcessingInitializeOnLoad (13ms)
			EditorAssembliesLoaded (0ms)
		ExecutionOrderSort2 (1ms)
		AwakeInstancesAfterBackupRestoration (59ms)
Refreshing native plugins compatible for Editor in 1.91 ms, found 3 plugins.
Preloading 0 native plugins for Editor in 0.00 ms.
Unloading 34 Unused Serialized files (Serialized files now loaded: 0)
Unloading 5961 unused Assets / (7.4 MB). Loaded Objects now: 7422.
Memory consumption went from 276.0 MB to 268.6 MB.
Total: 20.408700 ms (FindLiveObjects: 1.621100 ms CreateObjectMapping: 1.997800 ms MarkObjects: 10.209600 ms  DeleteObjects: 6.577800 ms)

Prepare: number of updated asset objects reloaded= 0
========================================================================
Received Import Request.
  Time since last request: 7.411220 seconds.
  path: Assets/Prefabs/Animal_Fox_01.prefab
  artifactKey: Guid(739b72ffde7ae804aa2d1c4676d4f121) Importer(815301076,1909f56bfc062723c751e8b465ee728b)
Start importing Assets/Prefabs/Animal_Fox_01.prefab using Guid(739b72ffde7ae804aa2d1c4676d4f121) Importer(815301076,1909f56bfc062723c751e8b465ee728b) (PreviewImporter) -> (artifact id: '66983821f77ae22612db3d9a63dda653') in 1.1106601 seconds
Number of updated asset objects reloaded before import = 0Number of asset objects unloaded after import = 127

========================================================================
Received Prepare
Refreshing native plugins compatible for Editor in 1.53 ms, found 3 plugins.
Preloading 0 native plugins for Editor in 0.00 ms.
Unloading 34 Unused Serialized files (Serialized files now loaded: 0)
Unloading 5960 unused Assets / (6.3 MB). Loaded Objects now: 7563.
Memory consumption went from 283.9 MB to 277.6 MB.
Total: 146.218500 ms (FindLiveObjects: 1.462900 ms CreateObjectMapping: 1.698400 ms MarkObjects: 115.519700 ms  DeleteObjects: 27.535700 ms)

Prepare: number of updated asset objects reloaded= 0
========================================================================
Received Import Request.
  Time since last request: 32.883434 seconds.
  path: Assets/Prefabs/Animal_Doe_02.prefab
  artifactKey: Guid(5c98283460dc23a489a19af683fcdc50) Importer(815301076,1909f56bfc062723c751e8b465ee728b)
Start importing Assets/Prefabs/Animal_Doe_02.prefab using Guid(5c98283460dc23a489a19af683fcdc50) Importer(815301076,1909f56bfc062723c751e8b465ee728b) (PreviewImporter) -> (artifact id: 'b96438e92eab7fea428430d26663638c') in 0.3320201 seconds
Number of updated asset objects reloaded before import = 0Number of asset objects unloaded after import = 118

========================================================================
Received Import Request.
  Time since last request: 0.000049 seconds.
  path: Assets/Prefabs/Animal_Moose_01.prefab
  artifactKey: Guid(031c31cf4519e78478a25c602989bca1) Importer(815301076,1909f56bfc062723c751e8b465ee728b)
Start importing Assets/Prefabs/Animal_Moose_01.prefab using Guid(031c31cf4519e78478a25c602989bca1) Importer(815301076,1909f56bfc062723c751e8b465ee728b) (PreviewImporter) -> (artifact id: 'e448648039cca60d48ffaffe69fbf341') in 0.0304608 seconds
Number of updated asset objects reloaded before import = 0Number of asset objects unloaded after import = 118

========================================================================
Received Prepare
Begin MonoManager ReloadAssembly
- Loaded All Assemblies, in  1.554 seconds
Refreshing native plugins compatible for Editor in 2.03 ms, found 3 plugins.
Native extension for WindowsStandalone target not found
Mono: successfully reloaded assembly
- Finished resetting the current domain, in  1.656 seconds
Domain Reload Profiling: 3206ms
	BeginReloadAssembly (464ms)
		ExecutionOrderSort (0ms)
		DisableScriptedObjects (41ms)
		BackupInstance (0ms)
		ReleaseScriptingObjects (0ms)
		CreateAndSetChildDomain (104ms)
	RebuildCommonClasses (92ms)
	RebuildNativeTypeToScriptingClass (37ms)
	initialDomainReloadingComplete (67ms)
	LoadAllAssembliesAndSetupDomain (889ms)
		LoadAssemblies (680ms)
		RebuildTransferFunctionScriptingTraits (0ms)
		AnalyzeDomain (444ms)
			TypeCache.Refresh (16ms)
				TypeCache.ScanAssembly (0ms)
			BuildScriptInfoCaches (398ms)
			ResolveRequiredComponents (24ms)
	FinalizeReload (1657ms)
		ReleaseScriptCaches (0ms)
		RebuildScriptCaches (0ms)
		SetupLoadedEditorAssemblies (1182ms)
			LogAssemblyErrors (0ms)
			InitializePlatformSupportModulesInManaged (6ms)
			SetLoadedEditorAssemblies (11ms)
			BeforeProcessingInitializeOnLoad (217ms)
			ProcessInitializeOnLoadAttributes (805ms)
			ProcessInitializeOnLoadMethodAttributes (128ms)
			AfterProcessingInitializeOnLoad (15ms)
			EditorAssembliesLoaded (1ms)
		ExecutionOrderSort2 (0ms)
		AwakeInstancesAfterBackupRestoration (59ms)
Refreshing native plugins compatible for Editor in 1.40 ms, found 3 plugins.
Preloading 0 native plugins for Editor in 0.00 ms.
Unloading 34 Unused Serialized files (Serialized files now loaded: 0)
Unloading 5967 unused Assets / (6.6 MB). Loaded Objects now: 7444.
Memory consumption went from 280.2 MB to 273.6 MB.
Total: 17.788500 ms (FindLiveObjects: 1.290700 ms CreateObjectMapping: 1.366500 ms MarkObjects: 9.799100 ms  DeleteObjects: 5.329900 ms)

Prepare: number of updated asset objects reloaded= 0
========================================================================
Received Prepare
Refreshing native plugins compatible for Editor in 1.40 ms, found 3 plugins.
Preloading 0 native plugins for Editor in 0.00 ms.
Unloading 34 Unused Serialized files (Serialized files now loaded: 0)
Unloading 5953 unused Assets / (9.1 MB). Loaded Objects now: 7444.
Memory consumption went from 280.2 MB to 271.1 MB.
Total: 26.346800 ms (FindLiveObjects: 1.270500 ms CreateObjectMapping: 1.039400 ms MarkObjects: 9.352600 ms  DeleteObjects: 14.682600 ms)

Prepare: number of updated asset objects reloaded= 0
========================================================================
Received Import Request.
  Time since last request: 13.008045 seconds.
  path: Assets/Prefabs/Animal_Doe_02.prefab
  artifactKey: Guid(5c98283460dc23a489a19af683fcdc50) Importer(815301076,1909f56bfc062723c751e8b465ee728b)
Start importing Assets/Prefabs/Animal_Doe_02.prefab using Guid(5c98283460dc23a489a19af683fcdc50) Importer(815301076,1909f56bfc062723c751e8b465ee728b) (PreviewImporter) -> (artifact id: '40a3f4fb44fda5ff6e62f997431e1475') in 1.472252 seconds
Number of updated asset objects reloaded before import = 0Number of asset objects unloaded after import = 119

========================================================================
Received Prepare
Begin MonoManager ReloadAssembly
- Loaded All Assemblies, in  1.396 seconds
Refreshing native plugins compatible for Editor in 1.03 ms, found 3 plugins.
Native extension for WindowsStandalone target not found
Mono: successfully reloaded assembly
- Finished resetting the current domain, in  1.482 seconds
Domain Reload Profiling: 2875ms
	BeginReloadAssembly (433ms)
		ExecutionOrderSort (0ms)
		DisableScriptedObjects (51ms)
		BackupInstance (0ms)
		ReleaseScriptingObjects (0ms)
		CreateAndSetChildDomain (109ms)
	RebuildCommonClasses (84ms)
	RebuildNativeTypeToScriptingClass (37ms)
	initialDomainReloadingComplete (53ms)
	LoadAllAssembliesAndSetupDomain (785ms)
		LoadAssemblies (614ms)
		RebuildTransferFunctionScriptingTraits (0ms)
		AnalyzeDomain (363ms)
			TypeCache.Refresh (19ms)
				TypeCache.ScanAssembly (1ms)
			BuildScriptInfoCaches (315ms)
			ResolveRequiredComponents (23ms)
	FinalizeReload (1483ms)
		ReleaseScriptCaches (0ms)
		RebuildScriptCaches (0ms)
		SetupLoadedEditorAssemblies (1016ms)
			LogAssemblyErrors (0ms)
			InitializePlatformSupportModulesInManaged (5ms)
			SetLoadedEditorAssemblies (11ms)
			BeforeProcessingInitializeOnLoad (201ms)
			ProcessInitializeOnLoadAttributes (673ms)
			ProcessInitializeOnLoadMethodAttributes (115ms)
			AfterProcessingInitializeOnLoad (10ms)
			EditorAssembliesLoaded (1ms)
		ExecutionOrderSort2 (0ms)
		AwakeInstancesAfterBackupRestoration (63ms)
Refreshing native plugins compatible for Editor in 1.71 ms, found 3 plugins.
Preloading 0 native plugins for Editor in 0.00 ms.
Unloading 34 Unused Serialized files (Serialized files now loaded: 0)
Unloading 5967 unused Assets / (6.9 MB). Loaded Objects now: 7466.
Memory consumption went from 284.3 MB to 277.5 MB.
Total: 18.171900 ms (FindLiveObjects: 1.485700 ms CreateObjectMapping: 1.587900 ms MarkObjects: 9.078900 ms  DeleteObjects: 6.018000 ms)

Prepare: number of updated asset objects reloaded= 0
========================================================================
Received Import Request.
  Time since last request: 8.256522 seconds.
  path: Assets/Prefabs/Animal_Fox_01.prefab
  artifactKey: Guid(739b72ffde7ae804aa2d1c4676d4f121) Importer(815301076,1909f56bfc062723c751e8b465ee728b)
Start importing Assets/Prefabs/Animal_Fox_01.prefab using Guid(739b72ffde7ae804aa2d1c4676d4f121) Importer(815301076,1909f56bfc062723c751e8b465ee728b) (PreviewImporter) -> (artifact id: 'ce9626b67380f9344e2fa50426b6b3fc') in 1.5768431 seconds
Number of updated asset objects reloaded before import = 0Number of asset objects unloaded after import = 127

========================================================================
Received Prepare
Refreshing native plugins compatible for Editor in 1.62 ms, found 3 plugins.
Preloading 0 native plugins for Editor in 0.00 ms.
Unloading 34 Unused Serialized files (Serialized files now loaded: 0)
Unloading 5960 unused Assets / (9.3 MB). Loaded Objects now: 7607.
Memory consumption went from 292.2 MB to 283.0 MB.
Total: 130.194500 ms (FindLiveObjects: 4.070800 ms CreateObjectMapping: 2.620500 ms MarkObjects: 38.903100 ms  DeleteObjects: 84.597500 ms)

Prepare: number of updated asset objects reloaded= 0
========================================================================
Received Import Request.
  Time since last request: 16.066950 seconds.
  path: Assets/Prefabs/Animal_Doe_02.prefab
  artifactKey: Guid(5c98283460dc23a489a19af683fcdc50) Importer(815301076,1909f56bfc062723c751e8b465ee728b)
Start importing Assets/Prefabs/Animal_Doe_02.prefab using Guid(5c98283460dc23a489a19af683fcdc50) Importer(815301076,1909f56bfc062723c751e8b465ee728b) (PreviewImporter) -> (artifact id: '88e7ea3a17b12975149765949f73a693') in 0.1443459 seconds
Number of updated asset objects reloaded before import = 0Number of asset objects unloaded after import = 118

========================================================================
Received Import Request.
  Time since last request: 0.000053 seconds.
  path: Assets/Prefabs/Animal_Moose_01.prefab
  artifactKey: Guid(031c31cf4519e78478a25c602989bca1) Importer(815301076,1909f56bfc062723c751e8b465ee728b)
Start importing Assets/Prefabs/Animal_Moose_01.prefab using Guid(031c31cf4519e78478a25c602989bca1) Importer(815301076,1909f56bfc062723c751e8b465ee728b) (PreviewImporter) -> (artifact id: '0a5d60a68d4d28764c83c4d93a539c78') in 0.0359771 seconds
Number of updated asset objects reloaded before import = 0Number of asset objects unloaded after import = 118

========================================================================
Received Prepare
Begin MonoManager ReloadAssembly
- Loaded All Assemblies, in  1.534 seconds
Refreshing native plugins compatible for Editor in 1.69 ms, found 3 plugins.
Native extension for WindowsStandalone target not found
Mono: successfully reloaded assembly
- Finished resetting the current domain, in  1.652 seconds
Domain Reload Profiling: 3187ms
	BeginReloadAssembly (434ms)
		ExecutionOrderSort (0ms)
		DisableScriptedObjects (36ms)
		BackupInstance (0ms)
		ReleaseScriptingObjects (0ms)
		CreateAndSetChildDomain (107ms)
	RebuildCommonClasses (88ms)
	RebuildNativeTypeToScriptingClass (28ms)
	initialDomainReloadingComplete (73ms)
	LoadAllAssembliesAndSetupDomain (912ms)
		LoadAssemblies (742ms)
		RebuildTransferFunctionScriptingTraits (0ms)
		AnalyzeDomain (376ms)
			TypeCache.Refresh (15ms)
				TypeCache.ScanAssembly (0ms)
			BuildScriptInfoCaches (334ms)
			ResolveRequiredComponents (21ms)
	FinalizeReload (1653ms)
		ReleaseScriptCaches (0ms)
		RebuildScriptCaches (0ms)
		SetupLoadedEditorAssemblies (1191ms)
			LogAssemblyErrors (0ms)
			InitializePlatformSupportModulesInManaged (5ms)
			SetLoadedEditorAssemblies (9ms)
			BeforeProcessingInitializeOnLoad (231ms)
			ProcessInitializeOnLoadAttributes (811ms)
			ProcessInitializeOnLoadMethodAttributes (117ms)
			AfterProcessingInitializeOnLoad (17ms)
			EditorAssembliesLoaded (1ms)
		ExecutionOrderSort2 (1ms)
		AwakeInstancesAfterBackupRestoration (68ms)
Refreshing native plugins compatible for Editor in 1.44 ms, found 3 plugins.
Preloading 0 native plugins for Editor in 0.00 ms.
Unloading 34 Unused Serialized files (Serialized files now loaded: 0)
Unloading 5967 unused Assets / (6.7 MB). Loaded Objects now: 7488.
Memory consumption went from 288.5 MB to 281.8 MB.
Total: 19.853800 ms (FindLiveObjects: 1.541400 ms CreateObjectMapping: 1.572500 ms MarkObjects: 10.325800 ms  DeleteObjects: 6.412400 ms)

Prepare: number of updated asset objects reloaded= 0
========================================================================
Received Prepare
Refreshing native plugins compatible for Editor in 1.33 ms, found 3 plugins.
Preloading 0 native plugins for Editor in 0.00 ms.
Unloading 34 Unused Serialized files (Serialized files now loaded: 0)
Unloading 5953 unused Assets / (7.8 MB). Loaded Objects now: 7488.
Memory consumption went from 288.5 MB to 280.7 MB.
Total: 36.379300 ms (FindLiveObjects: 1.278600 ms CreateObjectMapping: 1.658300 ms MarkObjects: 9.728700 ms  DeleteObjects: 23.711900 ms)

Prepare: number of updated asset objects reloaded= 0
========================================================================
Received Import Request.
  Time since last request: 40.122046 seconds.
  path: Assets/Prefabs/Animal_Doe_02.prefab
  artifactKey: Guid(5c98283460dc23a489a19af683fcdc50) Importer(815301076,1909f56bfc062723c751e8b465ee728b)
Start importing Assets/Prefabs/Animal_Doe_02.prefab using Guid(5c98283460dc23a489a19af683fcdc50) Importer(815301076,1909f56bfc062723c751e8b465ee728b) (PreviewImporter) -> (artifact id: '5d1d5faa76cfad225173321f3556ca7b') in 1.6015914 seconds
Number of updated asset objects reloaded before import = 0Number of asset objects unloaded after import = 119

========================================================================
Received Prepare
Begin MonoManager ReloadAssembly
- Loaded All Assemblies, in  1.413 seconds
Refreshing native plugins compatible for Editor in 0.97 ms, found 3 plugins.
Native extension for WindowsStandalone target not found
Mono: successfully reloaded assembly
- Finished resetting the current domain, in  1.514 seconds
Domain Reload Profiling: 2926ms
	BeginReloadAssembly (420ms)
		ExecutionOrderSort (0ms)
		DisableScriptedObjects (45ms)
		BackupInstance (0ms)
		ReleaseScriptingObjects (0ms)
		CreateAndSetChildDomain (102ms)
	RebuildCommonClasses (87ms)
	RebuildNativeTypeToScriptingClass (25ms)
	initialDomainReloadingComplete (61ms)
	LoadAllAssembliesAndSetupDomain (819ms)
		LoadAssemblies (625ms)
		RebuildTransferFunctionScriptingTraits (0ms)
		AnalyzeDomain (397ms)
			TypeCache.Refresh (15ms)
				TypeCache.ScanAssembly (1ms)
			BuildScriptInfoCaches (347ms)
			ResolveRequiredComponents (29ms)
	FinalizeReload (1515ms)
		ReleaseScriptCaches (0ms)
		RebuildScriptCaches (0ms)
		SetupLoadedEditorAssemblies (1069ms)
			LogAssemblyErrors (0ms)
			InitializePlatformSupportModulesInManaged (4ms)
			SetLoadedEditorAssemblies (12ms)
			BeforeProcessingInitializeOnLoad (217ms)
			ProcessInitializeOnLoadAttributes (700ms)
			ProcessInitializeOnLoadMethodAttributes (120ms)
			AfterProcessingInitializeOnLoad (15ms)
			EditorAssembliesLoaded (1ms)
		ExecutionOrderSort2 (0ms)
		AwakeInstancesAfterBackupRestoration (69ms)
Refreshing native plugins compatible for Editor in 1.70 ms, found 3 plugins.
Preloading 0 native plugins for Editor in 0.00 ms.
Unloading 34 Unused Serialized files (Serialized files now loaded: 0)
Unloading 5967 unused Assets / (6.6 MB). Loaded Objects now: 7510.
Memory consumption went from 292.7 MB to 286.1 MB.
Total: 18.744800 ms (FindLiveObjects: 1.453600 ms CreateObjectMapping: 1.507700 ms MarkObjects: 9.500800 ms  DeleteObjects: 6.280900 ms)

Prepare: number of updated asset objects reloaded= 0
========================================================================
Received Import Request.
  Time since last request: 8.374062 seconds.
  path: Assets/Prefabs/Animal_Moose_01.prefab
  artifactKey: Guid(031c31cf4519e78478a25c602989bca1) Importer(815301076,1909f56bfc062723c751e8b465ee728b)
Start importing Assets/Prefabs/Animal_Moose_01.prefab using Guid(031c31cf4519e78478a25c602989bca1) Importer(815301076,1909f56bfc062723c751e8b465ee728b) (PreviewImporter) -> (artifact id: '3b7afbb2c6457451bebca64e44297ea6') in 1.1009744 seconds
Number of updated asset objects reloaded before import = 0Number of asset objects unloaded after import = 119

========================================================================
Received Prepare
Begin MonoManager ReloadAssembly
- Loaded All Assemblies, in  1.486 seconds
Refreshing native plugins compatible for Editor in 1.22 ms, found 3 plugins.
Native extension for WindowsStandalone target not found
Mono: successfully reloaded assembly
- Finished resetting the current domain, in  1.311 seconds
Domain Reload Profiling: 2795ms
	BeginReloadAssembly (433ms)
		ExecutionOrderSort (0ms)
		DisableScriptedObjects (46ms)
		BackupInstance (0ms)
		ReleaseScriptingObjects (0ms)
		CreateAndSetChildDomain (104ms)
	RebuildCommonClasses (84ms)
	RebuildNativeTypeToScriptingClass (36ms)
	initialDomainReloadingComplete (63ms)
	LoadAllAssembliesAndSetupDomain (866ms)
		LoadAssemblies (653ms)
		RebuildTransferFunctionScriptingTraits (0ms)
		AnalyzeDomain (418ms)
			TypeCache.Refresh (10ms)
				TypeCache.ScanAssembly (0ms)
			BuildScriptInfoCaches (375ms)
			ResolveRequiredComponents (27ms)
	FinalizeReload (1312ms)
		ReleaseScriptCaches (0ms)
		RebuildScriptCaches (0ms)
		SetupLoadedEditorAssemblies (935ms)
			LogAssemblyErrors (0ms)
			InitializePlatformSupportModulesInManaged (5ms)
			SetLoadedEditorAssemblies (9ms)
			BeforeProcessingInitializeOnLoad (190ms)
			ProcessInitializeOnLoadAttributes (614ms)
			ProcessInitializeOnLoadMethodAttributes (105ms)
			AfterProcessingInitializeOnLoad (11ms)
			EditorAssembliesLoaded (0ms)
		ExecutionOrderSort2 (1ms)
		AwakeInstancesAfterBackupRestoration (48ms)
Refreshing native plugins compatible for Editor in 1.73 ms, found 3 plugins.
Preloading 0 native plugins for Editor in 0.00 ms.
Unloading 34 Unused Serialized files (Serialized files now loaded: 0)
Unloading 5967 unused Assets / (7.1 MB). Loaded Objects now: 7532.
Memory consumption went from 296.8 MB to 289.7 MB.
Total: 21.083600 ms (FindLiveObjects: 1.796900 ms CreateObjectMapping: 1.985200 ms MarkObjects: 10.320800 ms  DeleteObjects: 6.978900 ms)

Prepare: number of updated asset objects reloaded= 0
========================================================================
Received Prepare
Begin MonoManager ReloadAssembly
- Loaded All Assemblies, in  1.326 seconds
Refreshing native plugins compatible for Editor in 2.09 ms, found 3 plugins.
Native extension for WindowsStandalone target not found
Mono: successfully reloaded assembly
- Finished resetting the current domain, in  1.308 seconds
Domain Reload Profiling: 2630ms
	BeginReloadAssembly (367ms)
		ExecutionOrderSort (0ms)
		DisableScriptedObjects (13ms)
		BackupInstance (0ms)
		ReleaseScriptingObjects (0ms)
		CreateAndSetChildDomain (86ms)
	RebuildCommonClasses (66ms)
	RebuildNativeTypeToScriptingClass (20ms)
	initialDomainReloadingComplete (73ms)
	LoadAllAssembliesAndSetupDomain (795ms)
		LoadAssemblies (612ms)
		RebuildTransferFunctionScriptingTraits (0ms)
		AnalyzeDomain (378ms)
			TypeCache.Refresh (10ms)
				TypeCache.ScanAssembly (0ms)
			BuildScriptInfoCaches (333ms)
			ResolveRequiredComponents (28ms)
	FinalizeReload (1309ms)
		ReleaseScriptCaches (0ms)
		RebuildScriptCaches (0ms)
		SetupLoadedEditorAssemblies (919ms)
			LogAssemblyErrors (0ms)
			InitializePlatformSupportModulesInManaged (4ms)
			SetLoadedEditorAssemblies (9ms)
			BeforeProcessingInitializeOnLoad (185ms)
			ProcessInitializeOnLoadAttributes (607ms)
			ProcessInitializeOnLoadMethodAttributes (99ms)
			AfterProcessingInitializeOnLoad (14ms)
			EditorAssembliesLoaded (0ms)
		ExecutionOrderSort2 (0ms)
		AwakeInstancesAfterBackupRestoration (50ms)
Refreshing native plugins compatible for Editor in 1.79 ms, found 3 plugins.
Preloading 0 native plugins for Editor in 0.00 ms.
Unloading 34 Unused Serialized files (Serialized files now loaded: 0)
Unloading 5960 unused Assets / (6.9 MB). Loaded Objects now: 7534.
Memory consumption went from 296.6 MB to 289.7 MB.
Total: 19.966200 ms (FindLiveObjects: 1.934900 ms CreateObjectMapping: 1.528400 ms MarkObjects: 9.877000 ms  DeleteObjects: 6.624000 ms)

Prepare: number of updated asset objects reloaded= 0
========================================================================
Received Prepare
Begin MonoManager ReloadAssembly
- Loaded All Assemblies, in  1.438 seconds
Refreshing native plugins compatible for Editor in 1.03 ms, found 3 plugins.
Native extension for WindowsStandalone target not found
Mono: successfully reloaded assembly
- Finished resetting the current domain, in  1.261 seconds
Domain Reload Profiling: 2699ms
	BeginReloadAssembly (400ms)
		ExecutionOrderSort (0ms)
		DisableScriptedObjects (16ms)
		BackupInstance (0ms)
		ReleaseScriptingObjects (0ms)
		CreateAndSetChildDomain (82ms)
	RebuildCommonClasses (81ms)
	RebuildNativeTypeToScriptingClass (35ms)
	initialDomainReloadingComplete (61ms)
	LoadAllAssembliesAndSetupDomain (860ms)
		LoadAssemblies (652ms)
		RebuildTransferFunctionScriptingTraits (0ms)
		AnalyzeDomain (420ms)
			TypeCache.Refresh (13ms)
				TypeCache.ScanAssembly (0ms)
			BuildScriptInfoCaches (372ms)
			ResolveRequiredComponents (29ms)
	FinalizeReload (1262ms)
		ReleaseScriptCaches (0ms)
		RebuildScriptCaches (0ms)
		SetupLoadedEditorAssemblies (901ms)
			LogAssemblyErrors (0ms)
			InitializePlatformSupportModulesInManaged (4ms)
			SetLoadedEditorAssemblies (7ms)
			BeforeProcessingInitializeOnLoad (191ms)
			ProcessInitializeOnLoadAttributes (591ms)
			ProcessInitializeOnLoadMethodAttributes (96ms)
			AfterProcessingInitializeOnLoad (11ms)
			EditorAssembliesLoaded (0ms)
		ExecutionOrderSort2 (0ms)
		AwakeInstancesAfterBackupRestoration (44ms)
Refreshing native plugins compatible for Editor in 1.56 ms, found 3 plugins.
Preloading 0 native plugins for Editor in 0.00 ms.
Unloading 34 Unused Serialized files (Serialized files now loaded: 0)
Unloading 5960 unused Assets / (7.2 MB). Loaded Objects now: 7536.
Memory consumption went from 296.6 MB to 289.5 MB.
Total: 19.474200 ms (FindLiveObjects: 1.436400 ms CreateObjectMapping: 1.598000 ms MarkObjects: 9.559900 ms  DeleteObjects: 6.866800 ms)

Prepare: number of updated asset objects reloaded= 0
========================================================================
Received Prepare
Begin MonoManager ReloadAssembly
- Loaded All Assemblies, in  1.490 seconds
Refreshing native plugins compatible for Editor in 1.40 ms, found 3 plugins.
Native extension for WindowsStandalone target not found
Mono: successfully reloaded assembly
- Finished resetting the current domain, in  1.349 seconds
Domain Reload Profiling: 2835ms
	BeginReloadAssembly (388ms)
		ExecutionOrderSort (0ms)
		DisableScriptedObjects (14ms)
		BackupInstance (0ms)
		ReleaseScriptingObjects (0ms)
		CreateAndSetChildDomain (88ms)
	RebuildCommonClasses (94ms)
	RebuildNativeTypeToScriptingClass (36ms)
	initialDomainReloadingComplete (74ms)
	LoadAllAssembliesAndSetupDomain (894ms)
		LoadAssemblies (652ms)
		RebuildTransferFunctionScriptingTraits (0ms)
		AnalyzeDomain (450ms)
			TypeCache.Refresh (13ms)
				TypeCache.ScanAssembly (0ms)
			BuildScriptInfoCaches (406ms)
			ResolveRequiredComponents (26ms)
	FinalizeReload (1350ms)
		ReleaseScriptCaches (0ms)
		RebuildScriptCaches (0ms)
		SetupLoadedEditorAssemblies (916ms)
			LogAssemblyErrors (0ms)
			InitializePlatformSupportModulesInManaged (3ms)
			SetLoadedEditorAssemblies (9ms)
			BeforeProcessingInitializeOnLoad (188ms)
			ProcessInitializeOnLoadAttributes (603ms)
			ProcessInitializeOnLoadMethodAttributes (101ms)
			AfterProcessingInitializeOnLoad (11ms)
			EditorAssembliesLoaded (1ms)
		ExecutionOrderSort2 (1ms)
		AwakeInstancesAfterBackupRestoration (47ms)
Refreshing native plugins compatible for Editor in 1.47 ms, found 3 plugins.
Preloading 0 native plugins for Editor in 0.00 ms.
Unloading 34 Unused Serialized files (Serialized files now loaded: 0)
Unloading 5960 unused Assets / (6.9 MB). Loaded Objects now: 7538.
Memory consumption went from 296.6 MB to 289.7 MB.
Total: 19.606200 ms (FindLiveObjects: 1.402300 ms CreateObjectMapping: 1.571300 ms MarkObjects: 10.315700 ms  DeleteObjects: 6.315300 ms)

Prepare: number of updated asset objects reloaded= 0
========================================================================
Received Prepare
Refreshing native plugins compatible for Editor in 1.77 ms, found 3 plugins.
Preloading 0 native plugins for Editor in 0.00 ms.
Unloading 34 Unused Serialized files (Serialized files now loaded: 0)
Unloading 5953 unused Assets / (7.3 MB). Loaded Objects now: 7538.
Memory consumption went from 296.8 MB to 289.5 MB.
Total: 25.591400 ms (FindLiveObjects: 1.286200 ms CreateObjectMapping: 1.542900 ms MarkObjects: 11.156000 ms  DeleteObjects: 11.604400 ms)

Prepare: number of updated asset objects reloaded= 0
========================================================================
Received Prepare
Refreshing native plugins compatible for Editor in 2.02 ms, found 3 plugins.
Preloading 0 native plugins for Editor in 0.00 ms.
Unloading 34 Unused Serialized files (Serialized files now loaded: 0)
Unloading 5953 unused Assets / (6.5 MB). Loaded Objects now: 7538.
Memory consumption went from 296.8 MB to 290.3 MB.
Total: 19.049600 ms (FindLiveObjects: 2.522900 ms CreateObjectMapping: 1.338500 ms MarkObjects: 9.343300 ms  DeleteObjects: 5.842800 ms)

Prepare: number of updated asset objects reloaded= 0
========================================================================
Received Prepare
Begin MonoManager ReloadAssembly
- Loaded All Assemblies, in  1.352 seconds
Refreshing native plugins compatible for Editor in 0.91 ms, found 3 plugins.
Native extension for WindowsStandalone target not found
Mono: successfully reloaded assembly
- Finished resetting the current domain, in  1.593 seconds
Domain Reload Profiling: 2941ms
	BeginReloadAssembly (383ms)
		ExecutionOrderSort (0ms)
		DisableScriptedObjects (19ms)
		BackupInstance (0ms)
		ReleaseScriptingObjects (0ms)
		CreateAndSetChildDomain (84ms)
	RebuildCommonClasses (88ms)
	RebuildNativeTypeToScriptingClass (40ms)
	initialDomainReloadingComplete (71ms)
	LoadAllAssembliesAndSetupDomain (765ms)
		LoadAssemblies (584ms)
		RebuildTransferFunctionScriptingTraits (0ms)
		AnalyzeDomain (382ms)
			TypeCache.Refresh (15ms)
				TypeCache.ScanAssembly (0ms)
			BuildScriptInfoCaches (344ms)
			ResolveRequiredComponents (17ms)
	FinalizeReload (1594ms)
		ReleaseScriptCaches (0ms)
		RebuildScriptCaches (0ms)
		SetupLoadedEditorAssemblies (1143ms)
			LogAssemblyErrors (0ms)
			InitializePlatformSupportModulesInManaged (6ms)
			SetLoadedEditorAssemblies (14ms)
			BeforeProcessingInitializeOnLoad (211ms)
			ProcessInitializeOnLoadAttributes (770ms)
			ProcessInitializeOnLoadMethodAttributes (127ms)
			AfterProcessingInitializeOnLoad (15ms)
			EditorAssembliesLoaded (0ms)
		ExecutionOrderSort2 (0ms)
		AwakeInstancesAfterBackupRestoration (63ms)
Refreshing native plugins compatible for Editor in 1.75 ms, found 3 plugins.
Preloading 0 native plugins for Editor in 0.00 ms.
Unloading 34 Unused Serialized files (Serialized files now loaded: 0)
Unloading 5960 unused Assets / (7.0 MB). Loaded Objects now: 7540.
Memory consumption went from 296.6 MB to 289.7 MB.
Total: 22.669800 ms (FindLiveObjects: 2.128300 ms CreateObjectMapping: 1.611900 ms MarkObjects: 12.578900 ms  DeleteObjects: 6.348900 ms)

Prepare: number of updated asset objects reloaded= 0
========================================================================
Received Prepare
Begin MonoManager ReloadAssembly
- Loaded All Assemblies, in  1.355 seconds
Refreshing native plugins compatible for Editor in 1.03 ms, found 3 plugins.
Native extension for WindowsStandalone target not found
Mono: successfully reloaded assembly
- Finished resetting the current domain, in  1.363 seconds
Domain Reload Profiling: 2718ms
	BeginReloadAssembly (399ms)
		ExecutionOrderSort (0ms)
		DisableScriptedObjects (16ms)
		BackupInstance (0ms)
		ReleaseScriptingObjects (0ms)
		CreateAndSetChildDomain (86ms)
	RebuildCommonClasses (90ms)
	RebuildNativeTypeToScriptingClass (27ms)
	initialDomainReloadingComplete (55ms)
	LoadAllAssembliesAndSetupDomain (783ms)
		LoadAssemblies (609ms)
		RebuildTransferFunctionScriptingTraits (0ms)
		AnalyzeDomain (382ms)
			TypeCache.Refresh (9ms)
				TypeCache.ScanAssembly (0ms)
			BuildScriptInfoCaches (344ms)
			ResolveRequiredComponents (24ms)
	FinalizeReload (1364ms)
		ReleaseScriptCaches (0ms)
		RebuildScriptCaches (0ms)
		SetupLoadedEditorAssemblies (936ms)
			LogAssemblyErrors (0ms)
			InitializePlatformSupportModulesInManaged (4ms)
			SetLoadedEditorAssemblies (11ms)
			BeforeProcessingInitializeOnLoad (206ms)
			ProcessInitializeOnLoadAttributes (608ms)
			ProcessInitializeOnLoadMethodAttributes (96ms)
			AfterProcessingInitializeOnLoad (10ms)
			EditorAssembliesLoaded (0ms)
		ExecutionOrderSort2 (0ms)
		AwakeInstancesAfterBackupRestoration (43ms)
Refreshing native plugins compatible for Editor in 1.60 ms, found 3 plugins.
Preloading 0 native plugins for Editor in 0.00 ms.
Unloading 34 Unused Serialized files (Serialized files now loaded: 0)
Unloading 5960 unused Assets / (7.2 MB). Loaded Objects now: 7542.
Memory consumption went from 296.6 MB to 289.5 MB.
Total: 20.019100 ms (FindLiveObjects: 1.386000 ms CreateObjectMapping: 1.577500 ms MarkObjects: 10.173000 ms  DeleteObjects: 6.881000 ms)

Prepare: number of updated asset objects reloaded= 0
========================================================================
Received Prepare
Refreshing native plugins compatible for Editor in 1.81 ms, found 3 plugins.
Preloading 0 native plugins for Editor in 0.00 ms.
Unloading 34 Unused Serialized files (Serialized files now loaded: 0)
Unloading 5953 unused Assets / (8.9 MB). Loaded Objects now: 7542.
Memory consumption went from 296.8 MB to 287.9 MB.
Total: 180.819000 ms (FindLiveObjects: 1.619500 ms CreateObjectMapping: 9.312500 ms MarkObjects: 23.052100 ms  DeleteObjects: 146.833200 ms)

Prepare: number of updated asset objects reloaded= 0
========================================================================
Received Prepare
Refreshing native plugins compatible for Editor in 2.29 ms, found 3 plugins.
Preloading 0 native plugins for Editor in 0.00 ms.
Unloading 34 Unused Serialized files (Serialized files now loaded: 0)
Unloading 5953 unused Assets / (9.1 MB). Loaded Objects now: 7542.
Memory consumption went from 296.8 MB to 287.7 MB.
Total: 46.430600 ms (FindLiveObjects: 1.706900 ms CreateObjectMapping: 4.324900 ms MarkObjects: 20.874500 ms  DeleteObjects: 19.522000 ms)

Prepare: number of updated asset objects reloaded= 0
========================================================================
Received Prepare
Refreshing native plugins compatible for Editor in 2.20 ms, found 3 plugins.
Preloading 0 native plugins for Editor in 0.00 ms.
Unloading 34 Unused Serialized files (Serialized files now loaded: 0)
Unloading 5953 unused Assets / (7.4 MB). Loaded Objects now: 7542.
Memory consumption went from 296.8 MB to 289.4 MB.
Total: 198.194500 ms (FindLiveObjects: 2.087500 ms CreateObjectMapping: 18.878800 ms MarkObjects: 170.094800 ms  DeleteObjects: 7.131300 ms)

Prepare: number of updated asset objects reloaded= 0
========================================================================
Received Prepare
Begin MonoManager ReloadAssembly
- Loaded All Assemblies, in  1.333 seconds
Refreshing native plugins compatible for Editor in 0.89 ms, found 3 plugins.
Native extension for WindowsStandalone target not found
Mono: successfully reloaded assembly
- Finished resetting the current domain, in  1.577 seconds
Domain Reload Profiling: 2909ms
	BeginReloadAssembly (368ms)
		ExecutionOrderSort (0ms)
		DisableScriptedObjects (10ms)
		BackupInstance (0ms)
		ReleaseScriptingObjects (0ms)
		CreateAndSetChildDomain (76ms)
	RebuildCommonClasses (78ms)
	RebuildNativeTypeToScriptingClass (31ms)
	initialDomainReloadingComplete (64ms)
	LoadAllAssembliesAndSetupDomain (790ms)
		LoadAssemblies (613ms)
		RebuildTransferFunctionScriptingTraits (0ms)
		AnalyzeDomain (371ms)
			TypeCache.Refresh (13ms)
				TypeCache.ScanAssembly (0ms)
			BuildScriptInfoCaches (333ms)
			ResolveRequiredComponents (21ms)
	FinalizeReload (1578ms)
		ReleaseScriptCaches (0ms)
		RebuildScriptCaches (0ms)
		SetupLoadedEditorAssemblies (1124ms)
			LogAssemblyErrors (0ms)
			InitializePlatformSupportModulesInManaged (3ms)
			SetLoadedEditorAssemblies (7ms)
			BeforeProcessingInitializeOnLoad (222ms)
			ProcessInitializeOnLoadAttributes (751ms)
			ProcessInitializeOnLoadMethodAttributes (123ms)
			AfterProcessingInitializeOnLoad (18ms)
			EditorAssembliesLoaded (1ms)
		ExecutionOrderSort2 (0ms)
		AwakeInstancesAfterBackupRestoration (75ms)
Refreshing native plugins compatible for Editor in 1.55 ms, found 3 plugins.
Preloading 0 native plugins for Editor in 0.00 ms.
Unloading 34 Unused Serialized files (Serialized files now loaded: 0)
Unloading 5960 unused Assets / (6.3 MB). Loaded Objects now: 7544.
Memory consumption went from 296.6 MB to 290.3 MB.
Total: 18.403200 ms (FindLiveObjects: 1.584000 ms CreateObjectMapping: 1.374800 ms MarkObjects: 9.495000 ms  DeleteObjects: 5.947200 ms)

Prepare: number of updated asset objects reloaded= 0
========================================================================
Received Prepare
Refreshing native plugins compatible for Editor in 1.28 ms, found 3 plugins.
Preloading 0 native plugins for Editor in 0.00 ms.
Unloading 34 Unused Serialized files (Serialized files now loaded: 0)
Unloading 5953 unused Assets / (6.9 MB). Loaded Objects now: 7544.
Memory consumption went from 296.8 MB to 289.9 MB.
Total: 23.873000 ms (FindLiveObjects: 1.625800 ms CreateObjectMapping: 1.602800 ms MarkObjects: 14.404100 ms  DeleteObjects: 6.238400 ms)

Prepare: number of updated asset objects reloaded= 0
========================================================================
Received Prepare
Begin MonoManager ReloadAssembly
- Loaded All Assemblies, in  1.439 seconds
Refreshing native plugins compatible for Editor in 1.23 ms, found 3 plugins.
Native extension for WindowsStandalone target not found
Mono: successfully reloaded assembly
- Finished resetting the current domain, in  1.792 seconds
Domain Reload Profiling: 3235ms
	BeginReloadAssembly (392ms)
		ExecutionOrderSort (0ms)
		DisableScriptedObjects (15ms)
		BackupInstance (0ms)
		ReleaseScriptingObjects (0ms)
		CreateAndSetChildDomain (88ms)
	RebuildCommonClasses (75ms)
	RebuildNativeTypeToScriptingClass (25ms)
	initialDomainReloadingComplete (61ms)
	LoadAllAssembliesAndSetupDomain (884ms)
		LoadAssemblies (656ms)
		RebuildTransferFunctionScriptingTraits (0ms)
		AnalyzeDomain (445ms)
			TypeCache.Refresh (15ms)
				TypeCache.ScanAssembly (1ms)
			BuildScriptInfoCaches (400ms)
			ResolveRequiredComponents (24ms)
	FinalizeReload (1798ms)
		ReleaseScriptCaches (0ms)
		RebuildScriptCaches (0ms)
		SetupLoadedEditorAssemblies (1221ms)
			LogAssemblyErrors (0ms)
			InitializePlatformSupportModulesInManaged (6ms)
			SetLoadedEditorAssemblies (10ms)
			BeforeProcessingInitializeOnLoad (247ms)
			ProcessInitializeOnLoadAttributes (824ms)
			ProcessInitializeOnLoadMethodAttributes (115ms)
			AfterProcessingInitializeOnLoad (18ms)
			EditorAssembliesLoaded (1ms)
		ExecutionOrderSort2 (1ms)
		AwakeInstancesAfterBackupRestoration (43ms)
Refreshing native plugins compatible for Editor in 1.83 ms, found 3 plugins.
Preloading 0 native plugins for Editor in 0.00 ms.
Unloading 34 Unused Serialized files (Serialized files now loaded: 0)
Unloading 5960 unused Assets / (7.2 MB). Loaded Objects now: 7546.
Memory consumption went from 296.6 MB to 289.4 MB.
Total: 21.266700 ms (FindLiveObjects: 1.400600 ms CreateObjectMapping: 1.173900 ms MarkObjects: 11.134600 ms  DeleteObjects: 7.555300 ms)

Prepare: number of updated asset objects reloaded= 0
========================================================================
Received Prepare
Begin MonoManager ReloadAssembly
- Loaded All Assemblies, in  1.391 seconds
Refreshing native plugins compatible for Editor in 1.46 ms, found 3 plugins.
Native extension for WindowsStandalone target not found
Mono: successfully reloaded assembly
- Finished resetting the current domain, in  1.606 seconds
Domain Reload Profiling: 2996ms
	BeginReloadAssembly (387ms)
		ExecutionOrderSort (0ms)
		DisableScriptedObjects (13ms)
		BackupInstance (0ms)
		ReleaseScriptingObjects (0ms)
		CreateAndSetChildDomain (79ms)
	RebuildCommonClasses (89ms)
	RebuildNativeTypeToScriptingClass (32ms)
	initialDomainReloadingComplete (66ms)
	LoadAllAssembliesAndSetupDomain (815ms)
		LoadAssemblies (628ms)
		RebuildTransferFunctionScriptingTraits (0ms)
		AnalyzeDomain (388ms)
			TypeCache.Refresh (16ms)
				TypeCache.ScanAssembly (0ms)
			BuildScriptInfoCaches (337ms)
			ResolveRequiredComponents (29ms)
	FinalizeReload (1607ms)
		ReleaseScriptCaches (0ms)
		RebuildScriptCaches (0ms)
		SetupLoadedEditorAssemblies (1122ms)
			LogAssemblyErrors (0ms)
			InitializePlatformSupportModulesInManaged (6ms)
			SetLoadedEditorAssemblies (14ms)
			BeforeProcessingInitializeOnLoad (227ms)
			ProcessInitializeOnLoadAttributes (738ms)
			ProcessInitializeOnLoadMethodAttributes (122ms)
			AfterProcessingInitializeOnLoad (16ms)
			EditorAssembliesLoaded (1ms)
		ExecutionOrderSort2 (0ms)
		AwakeInstancesAfterBackupRestoration (78ms)
Refreshing native plugins compatible for Editor in 1.42 ms, found 3 plugins.
Preloading 0 native plugins for Editor in 0.00 ms.
Unloading 34 Unused Serialized files (Serialized files now loaded: 0)
Unloading 5960 unused Assets / (6.0 MB). Loaded Objects now: 7548.
Memory consumption went from 296.6 MB to 290.6 MB.
Total: 19.709300 ms (FindLiveObjects: 1.327400 ms CreateObjectMapping: 1.346300 ms MarkObjects: 11.725400 ms  DeleteObjects: 5.308500 ms)

Prepare: number of updated asset objects reloaded= 0
========================================================================
Received Prepare
Begin MonoManager ReloadAssembly
- Loaded All Assemblies, in  1.422 seconds
Refreshing native plugins compatible for Editor in 0.85 ms, found 3 plugins.
Native extension for WindowsStandalone target not found
Mono: successfully reloaded assembly
- Finished resetting the current domain, in  1.447 seconds
Domain Reload Profiling: 2868ms
	BeginReloadAssembly (393ms)
		ExecutionOrderSort (0ms)
		DisableScriptedObjects (15ms)
		BackupInstance (0ms)
		ReleaseScriptingObjects (0ms)
		CreateAndSetChildDomain (87ms)
	RebuildCommonClasses (89ms)
	RebuildNativeTypeToScriptingClass (25ms)
	initialDomainReloadingComplete (72ms)
	LoadAllAssembliesAndSetupDomain (841ms)
		LoadAssemblies (637ms)
		RebuildTransferFunctionScriptingTraits (0ms)
		AnalyzeDomain (413ms)
			TypeCache.Refresh (11ms)
				TypeCache.ScanAssembly (0ms)
			BuildScriptInfoCaches (369ms)
			ResolveRequiredComponents (27ms)
	FinalizeReload (1448ms)
		ReleaseScriptCaches (0ms)
		RebuildScriptCaches (0ms)
		SetupLoadedEditorAssemblies (1001ms)
			LogAssemblyErrors (0ms)
			InitializePlatformSupportModulesInManaged (5ms)
			SetLoadedEditorAssemblies (14ms)
			BeforeProcessingInitializeOnLoad (224ms)
			ProcessInitializeOnLoadAttributes (634ms)
			ProcessInitializeOnLoadMethodAttributes (113ms)
			AfterProcessingInitializeOnLoad (11ms)
			EditorAssembliesLoaded (0ms)
		ExecutionOrderSort2 (1ms)
		AwakeInstancesAfterBackupRestoration (58ms)
Refreshing native plugins compatible for Editor in 1.38 ms, found 3 plugins.
Preloading 0 native plugins for Editor in 0.00 ms.
Unloading 34 Unused Serialized files (Serialized files now loaded: 0)
Unloading 5960 unused Assets / (7.1 MB). Loaded Objects now: 7550.
Memory consumption went from 296.6 MB to 289.6 MB.
Total: 19.103800 ms (FindLiveObjects: 1.388500 ms CreateObjectMapping: 1.469200 ms MarkObjects: 9.668500 ms  DeleteObjects: 6.575500 ms)

Prepare: number of updated asset objects reloaded= 0
========================================================================
Received Prepare
Refreshing native plugins compatible for Editor in 2.23 ms, found 3 plugins.
Preloading 0 native plugins for Editor in 0.00 ms.
Unloading 34 Unused Serialized files (Serialized files now loaded: 0)
Unloading 5953 unused Assets / (6.7 MB). Loaded Objects now: 7550.
Memory consumption went from 296.8 MB to 290.1 MB.
Total: 21.682400 ms (FindLiveObjects: 1.404900 ms CreateObjectMapping: 1.151600 ms MarkObjects: 12.277700 ms  DeleteObjects: 6.846400 ms)

Prepare: number of updated asset objects reloaded= 0
========================================================================
Received Prepare
Begin MonoManager ReloadAssembly
- Loaded All Assemblies, in  1.495 seconds
Refreshing native plugins compatible for Editor in 1.41 ms, found 3 plugins.
Native extension for WindowsStandalone target not found
Mono: successfully reloaded assembly
- Finished resetting the current domain, in  1.684 seconds
Domain Reload Profiling: 3177ms
	BeginReloadAssembly (363ms)
		ExecutionOrderSort (0ms)
		DisableScriptedObjects (14ms)
		BackupInstance (0ms)
		ReleaseScriptingObjects (1ms)
		CreateAndSetChildDomain (80ms)
	RebuildCommonClasses (83ms)
	RebuildNativeTypeToScriptingClass (32ms)
	initialDomainReloadingComplete (59ms)
	LoadAllAssembliesAndSetupDomain (955ms)
		LoadAssemblies (736ms)
		RebuildTransferFunctionScriptingTraits (0ms)
		AnalyzeDomain (409ms)
			TypeCache.Refresh (17ms)
				TypeCache.ScanAssembly (1ms)
			BuildScriptInfoCaches (363ms)
			ResolveRequiredComponents (21ms)
	FinalizeReload (1685ms)
		ReleaseScriptCaches (0ms)
		RebuildScriptCaches (0ms)
		SetupLoadedEditorAssemblies (1230ms)
			LogAssemblyErrors (0ms)
			InitializePlatformSupportModulesInManaged (6ms)
			SetLoadedEditorAssemblies (12ms)
			BeforeProcessingInitializeOnLoad (243ms)
			ProcessInitializeOnLoadAttributes (838ms)
			ProcessInitializeOnLoadMethodAttributes (120ms)
			AfterProcessingInitializeOnLoad (10ms)
			EditorAssembliesLoaded (0ms)
		ExecutionOrderSort2 (1ms)
		AwakeInstancesAfterBackupRestoration (56ms)
Refreshing native plugins compatible for Editor in 1.39 ms, found 3 plugins.
Preloading 0 native plugins for Editor in 0.00 ms.
Unloading 34 Unused Serialized files (Serialized files now loaded: 0)
Unloading 5960 unused Assets / (6.5 MB). Loaded Objects now: 7552.
Memory consumption went from 296.6 MB to 290.1 MB.
Total: 19.949000 ms (FindLiveObjects: 1.595600 ms CreateObjectMapping: 1.092300 ms MarkObjects: 10.713400 ms  DeleteObjects: 6.545000 ms)

Prepare: number of updated asset objects reloaded= 0
========================================================================
Received Prepare
Begin MonoManager ReloadAssembly
- Loaded All Assemblies, in  1.387 seconds
Refreshing native plugins compatible for Editor in 2.04 ms, found 3 plugins.
Native extension for WindowsStandalone target not found
Mono: successfully reloaded assembly
- Finished resetting the current domain, in  1.459 seconds
Domain Reload Profiling: 2846ms
	BeginReloadAssembly (386ms)
		ExecutionOrderSort (0ms)
		DisableScriptedObjects (16ms)
		BackupInstance (0ms)
		ReleaseScriptingObjects (0ms)
		CreateAndSetChildDomain (83ms)
	RebuildCommonClasses (89ms)
	RebuildNativeTypeToScriptingClass (29ms)
	initialDomainReloadingComplete (69ms)
	LoadAllAssembliesAndSetupDomain (812ms)
		LoadAssemblies (622ms)
		RebuildTransferFunctionScriptingTraits (0ms)
		AnalyzeDomain (383ms)
			TypeCache.Refresh (10ms)
				TypeCache.ScanAssembly (0ms)
			BuildScriptInfoCaches (335ms)
			ResolveRequiredComponents (31ms)
	FinalizeReload (1460ms)
		ReleaseScriptCaches (0ms)
		RebuildScriptCaches (0ms)
		SetupLoadedEditorAssemblies (1008ms)
			LogAssemblyErrors (0ms)
			InitializePlatformSupportModulesInManaged (3ms)
			SetLoadedEditorAssemblies (5ms)
			BeforeProcessingInitializeOnLoad (236ms)
			ProcessInitializeOnLoadAttributes (646ms)
			ProcessInitializeOnLoadMethodAttributes (101ms)
			AfterProcessingInitializeOnLoad (15ms)
			EditorAssembliesLoaded (1ms)
		ExecutionOrderSort2 (0ms)
		AwakeInstancesAfterBackupRestoration (55ms)
Refreshing native plugins compatible for Editor in 1.62 ms, found 3 plugins.
Preloading 0 native plugins for Editor in 0.00 ms.
Unloading 34 Unused Serialized files (Serialized files now loaded: 0)
Unloading 5960 unused Assets / (6.9 MB). Loaded Objects now: 7554.
Memory consumption went from 296.7 MB to 289.8 MB.
Total: 19.732600 ms (FindLiveObjects: 1.963400 ms CreateObjectMapping: 1.632700 ms MarkObjects: 9.884300 ms  DeleteObjects: 6.250400 ms)

Prepare: number of updated asset objects reloaded= 0
========================================================================
Received Import Request.
  Time since last request: 1556.716268 seconds.
  path: Assets/Scripts/GameManager.cs
  artifactKey: Guid(36d1244d63bdccf4681dcaf2eb5266ca) Importer(815301076,1909f56bfc062723c751e8b465ee728b)
Start importing Assets/Scripts/GameManager.cs using Guid(36d1244d63bdccf4681dcaf2eb5266ca) Importer(815301076,1909f56bfc062723c751e8b465ee728b) (PreviewImporter) -> (artifact id: '4d18805a22003feb5350c15af3ddaba9') in 0.0697737 seconds
Number of updated asset objects reloaded before import = 0Number of asset objects unloaded after import = 0

========================================================================
Received Prepare
Refreshing native plugins compatible for Editor in 1.48 ms, found 3 plugins.
Preloading 0 native plugins for Editor in 0.00 ms.
Unloading 34 Unused Serialized files (Serialized files now loaded: 0)
Unloading 5953 unused Assets / (6.8 MB). Loaded Objects now: 7554.
Memory consumption went from 296.8 MB to 290.0 MB.
Total: 84.999600 ms (FindLiveObjects: 1.307900 ms CreateObjectMapping: 1.037200 ms MarkObjects: 20.291300 ms  DeleteObjects: 62.361000 ms)

Prepare: number of updated asset objects reloaded= 0
========================================================================
Received Import Request.
  Time since last request: 46.982957 seconds.
  path: Assets/Scripts/GameManager.cs
  artifactKey: Guid(36d1244d63bdccf4681dcaf2eb5266ca) Importer(815301076,1909f56bfc062723c751e8b465ee728b)
Start importing Assets/Scripts/GameManager.cs using Guid(36d1244d63bdccf4681dcaf2eb5266ca) Importer(815301076,1909f56bfc062723c751e8b465ee728b) (PreviewImporter) -> (artifact id: '474c590b82d72b903a4b9235b8b1c2e8') in 0.0114521 seconds
Number of updated asset objects reloaded before import = 0Number of asset objects unloaded after import = 0

========================================================================
Received Prepare
Begin MonoManager ReloadAssembly
- Loaded All Assemblies, in  1.474 seconds
Refreshing native plugins compatible for Editor in 1.32 ms, found 3 plugins.
Native extension for WindowsStandalone target not found
Mono: successfully reloaded assembly
- Finished resetting the current domain, in  1.772 seconds
Domain Reload Profiling: 3246ms
	BeginReloadAssembly (449ms)
		ExecutionOrderSort (0ms)
		DisableScriptedObjects (14ms)
		BackupInstance (0ms)
		ReleaseScriptingObjects (0ms)
		CreateAndSetChildDomain (153ms)
	RebuildCommonClasses (78ms)
	RebuildNativeTypeToScriptingClass (31ms)
	initialDomainReloadingComplete (59ms)
	LoadAllAssembliesAndSetupDomain (855ms)
		LoadAssemblies (659ms)
		RebuildTransferFunctionScriptingTraits (0ms)
		AnalyzeDomain (410ms)
			TypeCache.Refresh (17ms)
				TypeCache.ScanAssembly (1ms)
			BuildScriptInfoCaches (361ms)
			ResolveRequiredComponents (27ms)
	FinalizeReload (1774ms)
		ReleaseScriptCaches (0ms)
		RebuildScriptCaches (0ms)
		SetupLoadedEditorAssemblies (1237ms)
			LogAssemblyErrors (0ms)
			InitializePlatformSupportModulesInManaged (5ms)
			SetLoadedEditorAssemblies (10ms)
			BeforeProcessingInitializeOnLoad (246ms)
			ProcessInitializeOnLoadAttributes (834ms)
			ProcessInitializeOnLoadMethodAttributes (128ms)
			AfterProcessingInitializeOnLoad (13ms)
			EditorAssembliesLoaded (0ms)
		ExecutionOrderSort2 (0ms)
		AwakeInstancesAfterBackupRestoration (64ms)
Refreshing native plugins compatible for Editor in 1.81 ms, found 3 plugins.
Preloading 0 native plugins for Editor in 0.00 ms.
Unloading 34 Unused Serialized files (Serialized files now loaded: 0)
Unloading 5960 unused Assets / (6.4 MB). Loaded Objects now: 7556.
Memory consumption went from 296.6 MB to 290.2 MB.
Total: 19.859900 ms (FindLiveObjects: 1.574800 ms CreateObjectMapping: 1.057900 ms MarkObjects: 10.790700 ms  DeleteObjects: 6.434700 ms)

Prepare: number of updated asset objects reloaded= 0
========================================================================
Received Prepare
Refreshing native plugins compatible for Editor in 1.44 ms, found 3 plugins.
Preloading 0 native plugins for Editor in 0.00 ms.
Unloading 34 Unused Serialized files (Serialized files now loaded: 0)
Unloading 5953 unused Assets / (9.4 MB). Loaded Objects now: 7556.
Memory consumption went from 296.8 MB to 287.4 MB.
Total: 122.270100 ms (FindLiveObjects: 1.322500 ms CreateObjectMapping: 1.127300 ms MarkObjects: 21.229700 ms  DeleteObjects: 98.588700 ms)

Prepare: number of updated asset objects reloaded= 0
========================================================================
Received Prepare
Begin MonoManager ReloadAssembly
- Loaded All Assemblies, in  1.355 seconds
Refreshing native plugins compatible for Editor in 1.23 ms, found 3 plugins.
Native extension for WindowsStandalone target not found
Mono: successfully reloaded assembly
- Finished resetting the current domain, in  1.593 seconds
Domain Reload Profiling: 2945ms
	BeginReloadAssembly (379ms)
		ExecutionOrderSort (0ms)
		DisableScriptedObjects (12ms)
		BackupInstance (0ms)
		ReleaseScriptingObjects (0ms)
		CreateAndSetChildDomain (84ms)
	RebuildCommonClasses (99ms)
	RebuildNativeTypeToScriptingClass (38ms)
	initialDomainReloadingComplete (60ms)
	LoadAllAssembliesAndSetupDomain (775ms)
		LoadAssemblies (615ms)
		RebuildTransferFunctionScriptingTraits (0ms)
		AnalyzeDomain (369ms)
			TypeCache.Refresh (12ms)
				TypeCache.ScanAssembly (1ms)
			BuildScriptInfoCaches (327ms)
			ResolveRequiredComponents (24ms)
	FinalizeReload (1594ms)
		ReleaseScriptCaches (0ms)
		RebuildScriptCaches (0ms)
		SetupLoadedEditorAssemblies (1147ms)
			LogAssemblyErrors (0ms)
			InitializePlatformSupportModulesInManaged (4ms)
			SetLoadedEditorAssemblies (8ms)
			BeforeProcessingInitializeOnLoad (209ms)
			ProcessInitializeOnLoadAttributes (791ms)
			ProcessInitializeOnLoadMethodAttributes (121ms)
			AfterProcessingInitializeOnLoad (13ms)
			EditorAssembliesLoaded (1ms)
		ExecutionOrderSort2 (1ms)
		AwakeInstancesAfterBackupRestoration (57ms)
Refreshing native plugins compatible for Editor in 1.41 ms, found 3 plugins.
Preloading 0 native plugins for Editor in 0.00 ms.
Unloading 34 Unused Serialized files (Serialized files now loaded: 0)
Unloading 5960 unused Assets / (6.5 MB). Loaded Objects now: 7558.
Memory consumption went from 296.6 MB to 290.2 MB.
Total: 18.629400 ms (FindLiveObjects: 1.585800 ms CreateObjectMapping: 1.846800 ms MarkObjects: 9.336600 ms  DeleteObjects: 5.858800 ms)

Prepare: number of updated asset objects reloaded= 0
========================================================================
Received Prepare
Begin MonoManager ReloadAssembly
- Loaded All Assemblies, in  1.404 seconds
Refreshing native plugins compatible for Editor in 1.37 ms, found 3 plugins.
Native extension for WindowsStandalone target not found
Mono: successfully reloaded assembly
- Finished resetting the current domain, in  1.414 seconds
Domain Reload Profiling: 2816ms
	BeginReloadAssembly (401ms)
		ExecutionOrderSort (0ms)
		DisableScriptedObjects (12ms)
		BackupInstance (0ms)
		ReleaseScriptingObjects (0ms)
		CreateAndSetChildDomain (89ms)
	RebuildCommonClasses (78ms)
	RebuildNativeTypeToScriptingClass (24ms)
	initialDomainReloadingComplete (66ms)
	LoadAllAssembliesAndSetupDomain (832ms)
		LoadAssemblies (644ms)
		RebuildTransferFunctionScriptingTraits (0ms)
		AnalyzeDomain (400ms)
			TypeCache.Refresh (12ms)
				TypeCache.ScanAssembly (0ms)
			BuildScriptInfoCaches (354ms)
			ResolveRequiredComponents (29ms)
	FinalizeReload (1415ms)
		ReleaseScriptCaches (0ms)
		RebuildScriptCaches (0ms)
		SetupLoadedEditorAssemblies (967ms)
			LogAssemblyErrors (0ms)
			InitializePlatformSupportModulesInManaged (4ms)
			SetLoadedEditorAssemblies (10ms)
			BeforeProcessingInitializeOnLoad (222ms)
			ProcessInitializeOnLoadAttributes (621ms)
			ProcessInitializeOnLoadMethodAttributes (100ms)
			AfterProcessingInitializeOnLoad (11ms)
			EditorAssembliesLoaded (0ms)
		ExecutionOrderSort2 (0ms)
		AwakeInstancesAfterBackupRestoration (51ms)
Refreshing native plugins compatible for Editor in 1.69 ms, found 3 plugins.
Preloading 0 native plugins for Editor in 0.00 ms.
Unloading 34 Unused Serialized files (Serialized files now loaded: 0)
Unloading 5960 unused Assets / (7.1 MB). Loaded Objects now: 7560.
Memory consumption went from 296.7 MB to 289.6 MB.
Total: 20.094500 ms (FindLiveObjects: 1.397600 ms CreateObjectMapping: 1.776500 ms MarkObjects: 10.019900 ms  DeleteObjects: 6.898800 ms)

Prepare: number of updated asset objects reloaded= 0
========================================================================
Received Prepare
Begin MonoManager ReloadAssembly
- Loaded All Assemblies, in  1.429 seconds
Refreshing native plugins compatible for Editor in 1.54 ms, found 3 plugins.
Native extension for WindowsStandalone target not found
Mono: successfully reloaded assembly
- Finished resetting the current domain, in  1.381 seconds
Domain Reload Profiling: 2808ms
	BeginReloadAssembly (398ms)
		ExecutionOrderSort (0ms)
		DisableScriptedObjects (15ms)
		BackupInstance (0ms)
		ReleaseScriptingObjects (0ms)
		CreateAndSetChildDomain (88ms)
	RebuildCommonClasses (87ms)
	RebuildNativeTypeToScriptingClass (33ms)
	initialDomainReloadingComplete (54ms)
	LoadAllAssembliesAndSetupDomain (854ms)
		LoadAssemblies (666ms)
		RebuildTransferFunctionScriptingTraits (0ms)
		AnalyzeDomain (401ms)
			TypeCache.Refresh (12ms)
				TypeCache.ScanAssembly (0ms)
			BuildScriptInfoCaches (359ms)
			ResolveRequiredComponents (23ms)
	FinalizeReload (1382ms)
		ReleaseScriptCaches (0ms)
		RebuildScriptCaches (0ms)
		SetupLoadedEditorAssemblies (946ms)
			LogAssemblyErrors (0ms)
			InitializePlatformSupportModulesInManaged (5ms)
			SetLoadedEditorAssemblies (12ms)
			BeforeProcessingInitializeOnLoad (192ms)
			ProcessInitializeOnLoadAttributes (622ms)
			ProcessInitializeOnLoadMethodAttributes (105ms)
			AfterProcessingInitializeOnLoad (10ms)
			EditorAssembliesLoaded (0ms)
		ExecutionOrderSort2 (1ms)
		AwakeInstancesAfterBackupRestoration (46ms)
Refreshing native plugins compatible for Editor in 1.54 ms, found 3 plugins.
Preloading 0 native plugins for Editor in 0.00 ms.
Unloading 34 Unused Serialized files (Serialized files now loaded: 0)
Unloading 5960 unused Assets / (8.7 MB). Loaded Objects now: 7562.
Memory consumption went from 296.7 MB to 287.9 MB.
Total: 25.001400 ms (FindLiveObjects: 1.378600 ms CreateObjectMapping: 1.754800 ms MarkObjects: 9.885000 ms  DeleteObjects: 11.981700 ms)

Prepare: number of updated asset objects reloaded= 0
