{"cameraMode":{"drawMode":0,"name":"Shaded","section":"Shading Mode"},"sceneLighting":false,"audioPlay":false,"sceneViewState":{"m_AlwaysRefresh":false,"showFog":true,"showSkybox":false,"showFlares":true,"showImageEffects":true,"showParticleSystems":true,"showVisualEffectGraphs":true,"m_FxEnabled":true},"in2DMode":false,"pivot":{"x":0.022999316453933717,"y":0.03967934846878052,"z":-0.0013426542282104493},"rotation":{"x":-0.10138300061225891,"y":0.7229816913604736,"z":-0.1114845722913742,"w":-0.6747673749923706},"size":0.851683497428894,"orthographic":false}